M,source_type,source_param,seed,probabilities,huffman_lengths,support_sizes,support_caps,R_sup,Lbar,n_fix,G_comp,grouping_strategy,groups,C_A,C_QEC,P_base,P_base_opt,baseline_type,P_group,P_full,P_fallback,q_L,eta,eta_no_qec,M_res,M_res_no_qec,M_cert,decoding_method,result_type,payload_mode,A_Huff,A_in,A_sep,epsilon_in,epsilon_global,base_primal_residual,group_primal_residual,dual_feasibility_residual
4,zipf,0.2,1042,0.29144744;0.25371973;0.23395697;0.22087586,2;2;2;2,2;2;2;2,2;2;2;2,0.0,2.0,2,0.0,random,"0,3|1,2",1,7.0,0.9999999999999998,0.9999999999999998,pgm_fixed_global,0.9999999999999999,0.9964265906772443,0.5451671715599928,0.007856533432320068,0.09964265906772443,0.3333333333333333,-4.003573409322755,-0.49999999999999967,,pgm_approx,approximate,optimized,0.0,0.0,0.0,0.0,0.0,,,
4,zipf,0.2,1042,0.29144744;0.25371973;0.23395697;0.22087586,2;2;2;2,2;2;2;2,2;2;2;2,0.0,2.0,2,0.0,probability_aware,"0,3|1,2",1,7.0,0.9999999999999998,0.9999999999999998,pgm_fixed_global,0.9999999999999999,0.9964265906772443,0.5451671715599928,0.007856533432320068,0.09964265906772443,0.3333333333333333,-4.003573409322755,-0.49999999999999967,,pgm_approx,approximate,optimized,0.0,0.0,0.0,0.0,0.0,,,
4,zipf,0.2,1042,0.29144744;0.25371973;0.23395697;0.22087586,2;2;2;2,2;2;2;2,2;2;2;2,0.0,2.0,2,0.0,overlap_aware,"0,3|1,2",1,7.0,0.9999999999999998,0.9999999999999998,pgm_fixed_global,0.9999999999999999,0.9964265906772443,0.5451671715599928,0.007856533432320068,0.09964265906772443,0.3333333333333333,-4.003573409322755,-0.49999999999999967,,pgm_approx,approximate,optimized,0.0,0.0,0.0,0.0,0.0,,,
4,zipf,0.2,1042,0.29144744;0.25371973;0.23395697;0.22087586,2;2;2;2,2;2;2;2,2;2;2;2,0.0,2.0,2,0.0,overlap_aware,"0,3|1,2",1,7.0,1.0,1.0,equal_support,1.0,0.9964265906772444,0.5451671715599928,0.007856533432320068,0.09964265906772443,0.3333333333333333,-4.0035734093227555,-0.5,,pgm_approx,approximate,optimized,0.0,0.0,0.0,0.0,0.0,,,
4,zipf,0.2,1042,0.29144744;0.25371973;0.23395697;0.22087586,2;2;2;2,2;2;2;2,2;2;2;2,0.3333333333333333,2.0,2,0.0,overlap_aware,"0,3|1,2",1,7.0,0.8717132685496947,0.8717132685496947,random_support,0.9673730649232173,0.9640559902066865,0.5451671715599928,0.007856533432320068,0.09640559902066866,0.3224576883077391,-3.3945103525417863,-0.3401968379013247,,pgm_approx,approximate,optimized,0.06438304757339261,0.014839875112556149,0.04954317246083646,0.24999999999999994,0.24999999999999994,,,
4,zipf,1.0,1050,0.48;0.24;0.16;0.12,1;2;3;3,8;4;2;2,8;4;2;2,0.2857142857142857,1.7999999999999998,2,0.20000000000000018,random,"1,2|0,3",1,7.0,0.984229398511075,0.984229398511075,pgm_fixed_global,0.9874772708486752,0.9853758267278669,0.7200000000000002,0.007856533432320068,0.10054855374774152,0.3526704538745269,-3.8373482259764016,-0.39044388706682986,,pgm_approx,approximate,optimized,0.006940026638944339,0.0048000000000000004,0.002140026638944338,0.12499999999999997,0.12499999999999997,,,
4,zipf,1.0,1050,0.48;0.24;0.16;0.12,1;2;3;3,8;4;2;2,8;4;2;2,0.2857142857142857,1.7999999999999998,2,0.20000000000000018,probability_aware,"0|1,2,3",1,7.0,0.984229398511075,0.984229398511075,pgm_fixed_global,0.9874772708486753,0.985375826727867,0.7200000000000002,0.007856533432320068,0.10054855374774153,0.35267045387452695,-3.8373482259764016,-0.39044388706682975,,pgm_approx,approximate,optimized,0.006940026638944339,0.0048000000000000004,0.002140026638944338,0.12499999999999997,0.12499999999999997,,0.0,
4,zipf,1.0,1050,0.48;0.24;0.16;0.12,1;2;3;3,8;4;2;2,8;4;2;2,0.2857142857142857,1.7999999999999998,2,0.20000000000000018,overlap_aware,"0|1,2,3",1,7.0,0.984229398511075,0.984229398511075,pgm_fixed_global,0.9874772708486753,0.985375826727867,0.7200000000000002,0.007856533432320068,0.10054855374774153,0.35267045387452695,-3.8373482259764016,-0.39044388706682975,,pgm_approx,approximate,optimized,0.006940026638944339,0.0048000000000000004,0.002140026638944338,0.12499999999999997,0.12499999999999997,,0.0,
4,zipf,1.0,1050,0.48;0.24;0.16;0.12,2;2;2;2,4;4;4;4,4;4;4;4,0.0,2.0,2,0.0,overlap_aware,"0|1,2,3",1,7.0,0.9999999999999999,0.9999999999999999,equal_support,1.0,0.9978001706389504,0.7200000000000002,0.007856533432320068,0.09978001706389504,0.3333333333333333,-4.002199829361048,-0.4999999999999998,,pgm_approx,approximate,optimized,0.0,0.0,0.0,0.0,0.0,,0.0,0.0
4,zipf,1.0,1050,0.48;0.24;0.16;0.12,1;2;3;3,8;4;2;2,8;4;2;2,0.35714285714285715,1.7999999999999998,2,0.20000000000000018,overlap_aware,"0|1,2,3",1,7.0,0.9686382939929382,0.9686382939929382,random_support,0.9758772594677448,0.9738669512241661,0.7200000000000002,0.007856533432320068,0.09937417869634348,0.34852759266705174,-3.772460689341232,-0.3802163521223686,,pgm_approx,approximate,optimized,0.012000005209909735,0.0084,0.0036000052099097353,0.12499999999999997,0.12499999999999997,,0.0,0.0
4,zipf,2.0,1060,0.70243902;0.17560976;0.07804878;0.043902439,1;2;3;3,8;4;2;2,8;4;2;2,0.2857142857142857,1.4195121951219514,2,0.5804878048780486,random,"1,2|0,3",1,7.0,0.9909649974398861,0.9909649974398861,pgm_fixed_global,0.9927508789304123,0.9918497180592406,0.8780487804878048,0.007856533432320068,0.10529735484316122,0.41031034310631953,-3.675353721102759,-0.20607506919198681,,pgm_approx,approximate,optimized,0.003068571932309783,0.0017132659131469355,0.0013553060191628477,0.12499999999999997,0.12499999999999997,,,
4,zipf,2.0,1060,0.70243902;0.17560976;0.07804878;0.043902439,1;2;3;3,8;4;2;2,8;4;2;2,0.2857142857142857,1.4195121951219514,2,0.5804878048780486,probability_aware,"0|1,2,3",1,7.0,0.9909649974398861,0.9909649974398861,pgm_fixed_global,0.9927508789304125,0.9918497180592408,0.8780487804878048,0.007856533432320068,0.10529735484316124,0.4103103431063196,-3.675353721102759,-0.2060750691919866,,pgm_approx,approximate,optimized,0.003068571932309783,0.0017132659131469355,0.0013553060191628477,0.12499999999999997,0.12499999999999997,,0.0,
4,zipf,2.0,1060,0.70243902;0.17560976;0.07804878;0.043902439,1;2;3;3,8;4;2;2,8;4;2;2,0.2857142857142857,1.4195121951219514,2,0.5804878048780486,overlap_aware,"0|1,2,3",1,7.0,0.9909649974398861,0.9909649974398861,pgm_fixed_global,0.9927508789304125,0.9918497180592408,0.8780487804878048,0.007856533432320068,0.10529735484316124,0.4103103431063196,-3.675353721102759,-0.2060750691919866,,pgm_approx,approximate,optimized,0.003068571932309783,0.0017132659131469355,0.0013553060191628477,0.12499999999999997,0.12499999999999997,,0.0,
4,zipf,2.0,1060,0.70243902;0.17560976;0.07804878;0.043902439,2;2;2;2,4;4;4;4,4;4;4;4,0.0,2.0,2,0.0,overlap_aware,"0|1,2,3",1,7.0,1.0,1.0,equal_support,1.0,0.9990418861667902,0.8780487804878048,0.007856533432320068,0.09990418861667902,0.3333333333333333,-4.00095811383321,-0.5,,pgm_approx,approximate,optimized,0.0,0.0,0.0,0.0,0.0,,0.0,0.0
4,zipf,2.0,1060,0.70243902;0.17560976;0.07804878;0.043902439,1;2;3;3,8;4;2;2,8;4;2;2,0.2857142857142857,1.4195121951219514,2,0.5804878048780486,overlap_aware,"0|1,2,3",1,7.0,0.9893167354628223,0.9893167354628223,random_support,0.9999999999999999,0.9990418861667901,0.8780487804878048,0.007856533432320068,0.10606089418135264,0.41330645161290314,-3.660398641098356,-0.19683195314526813,,pgm_approx,approximate,optimized,0.00643587470017126,0.0,0.00643587470017126,0.0,0.062499999999999986,,0.0,0.0
4,dirichlet,0.5,2405,0.037454617;0.7771463;0.012108784;0.1732903,3;1;3;2,2;8;2;4,2;8;2;4,0.2857142857142857,1.2724171009649994,2,0.7275828990350006,random,"2,3|0,1",1,7.0,0.9941924642141119,0.9941924642141119,pgm_fixed_global,0.9999999999999999,0.9996106034832017,0.950436599022637,0.007856533432320068,0.10780474957054836,0.44006005744955107,-3.6096729999315302,-0.12960997866534074,,pgm_approx,approximate,optimized,0.0018914852740887047,0.0,0.0018914852740887047,0.0,0.12499999999999994,,,
4,dirichlet,0.5,2405,0.037454617;0.7771463;0.012108784;0.1732903,3;1;3;2,2;8;2;4,2;8;2;4,0.2857142857142857,1.2724171009649994,2,0.7275828990350006,probability_aware,"1|0,2,3",1,7.0,0.9941924642141119,0.9941924642141119,pgm_fixed_global,0.9955109727452616,0.9951568444211689,0.950436599022637,0.007856533432320068,0.10732442615395299,0.4380846158579383,-3.614126758993563,-0.13409900592007906,,pgm_approx,approximate,optimized,0.0018914852740887047,0.0008113152216223905,0.0010801700524663142,0.12499999999999994,0.12499999999999994,,0.0,
4,dirichlet,0.5,2405,0.037454617;0.7771463;0.012108784;0.1732903,3;1;3;2,2;8;2;4,2;8;2;4,0.2857142857142857,1.2724171009649994,2,0.7275828990350006,overlap_aware,"1|0,2,3",1,7.0,0.9941924642141119,0.9941924642141119,pgm_fixed_global,0.9955109727452616,0.9951568444211689,0.950436599022637,0.007856533432320068,0.10732442615395299,0.4380846158579383,-3.614126758993563,-0.13409900592007906,,pgm_approx,approximate,optimized,0.0018914852740887047,0.0008113152216223905,0.0010801700524663142,0.12499999999999994,0.12499999999999994,,0.0,
4,dirichlet,0.5,2405,0.037454617;0.7771463;0.012108784;0.1732903,2;2;2;2,4;4;4;4,4;4;4;4,0.0,2.0,2,0.0,overlap_aware,"1|0,2,3",1,7.0,1.0,1.0,equal_support,0.9999999999999999,0.9996106034832017,0.950436599022637,0.007856533432320068,0.09996106034832017,0.3333333333333333,-4.000389396516798,-0.5000000000000001,,pgm_approx,approximate,optimized,0.0,0.0,0.0,0.0,0.0,,0.0,0.0
4,dirichlet,0.5,2405,0.037454617;0.7771463;0.012108784;0.1732903,3;1;3;2,2;8;2;4,2;8;2;4,0.42857142857142855,1.2724171009649994,2,0.7275828990350006,overlap_aware,"1|0,2,3",1,7.0,0.9875994871926059,0.9875994871926059,random_support,0.99737691085428,0.9970081227250512,0.950436599022637,0.007856533432320068,0.10752408049259245,0.4389057406893903,-3.58170906424944,-0.12474207094609069,,pgm_approx,approximate,optimized,0.007396091125896439,0.0001133824667810906,0.007282708659115348,0.25,0.25,,0.0,0.0
4,dirichlet,2.0,2420,0.1507777;0.62633877;0.1651356;0.05774794,3;1;2;3,2;8;4;2,2;8;4;2,0.2857142857142857,1.5821868721585877,2,0.41781312784141234,random,"0,3|1,2",1,7.0,0.9898138290784155,0.9898138290784155,pgm_fixed_global,0.9999995971191664,0.998248508322768,0.7771164627847827,0.007856533432320068,0.10417752457147517,0.38726848467137215,-3.74404203111534,-0.27794254054448797,,pgm_approx,approximate,optimized,0.003112634653446439,2.8900389308486227e-07,0.003112345649553354,2.794175620197076e-06,0.12499999999999994,,,
4,dirichlet,2.0,2420,0.1507777;0.62633877;0.1651356;0.05774794,3;1;2;3,2;8;4;2,2;8;4;2,0.2857142857142857,1.5821868721585877,2,0.41781312784141234,probability_aware,"1|0,2,3",1,7.0,0.9898138290784155,0.9898138290784155,pgm_fixed_global,0.9898142523919454,0.9882559884175772,0.7914743626948163,0.007856533432320068,0.10313470208862165,0.3833240200638565,-3.754034551020531,-0.28812788527170896,,pgm_approx,approximate,optimized,0.003112634653446439,0.003112345649553354,2.8900389308474453e-07,0.12499999999999994,0.12499999999999994,,0.0,
4,dirichlet,2.0,2420,0.1507777;0.62633877;0.1651356;0.05774794,3;1;2;3,2;8;4;2,2;8;4;2,0.2857142857142857,1.5821868721585877,2,0.41781312784141234,overlap_aware,"1|0,2,3",1,7.0,0.9898138290784155,0.9898138290784155,pgm_fixed_global,0.9898142523919454,0.9882559884175772,0.7914743626948163,0.007856533432320068,0.10313470208862165,0.3833240200638565,-3.754034551020531,-0.28812788527170896,,pgm_approx,approximate,optimized,0.003112634653446439,0.003112345649553354,2.8900389308474453e-07,0.12499999999999994,0.12499999999999994,,0.0,
4,dirichlet,2.0,2420,0.1507777;0.62633877;0.1651356;0.05774794,2;2;2;2,4;4;4;4,4;4;4;4,0.0,2.0,2,0.0,overlap_aware,"1|0,2,3",1,7.0,1.0,1.0,equal_support,1.0,0.998361711359016,0.7914743626948163,0.007856533432320068,0.0998361711359016,0.3333333333333333,-4.001638288640984,-0.5,,pgm_approx,approximate,optimized,0.0,0.0,0.0,0.0,0.0,,0.0,0.0
4,dirichlet,2.0,2420,0.1507777;0.62633877;0.1651356;0.05774794,3;1;2;3,2;8;4;2,2;8;4;2,0.35714285714285715,1.5821868721585877,2,0.41781312784141234,overlap_aware,"1|0,2,3",1,7.0,0.9741856783803691,0.9741856783803691,random_support,0.983305881464228,0.9817987507236434,0.7914743626948163,0.007856533432320068,0.10246082275605556,0.38080353210154394,-3.6856158584869965,-0.27445885341512055,,pgm_approx,approximate,optimized,0.010214297057389823,0.004304375715064368,0.005909921342325455,0.12499999999999997,0.12499999999999997,,0.0,0.0
4,near_uniform,0.04,3044,0.24183347;0.25197283;0.2572004;0.24899329,2;2;2;2,2;2;2;2,2;2;2;2,0.0,2.0,2,0.0,random,"0,2|1,3",1,7.0,1.0,1.0,pgm_fixed_global,0.9999999999999998,0.9961438031201404,0.509173236125264,0.007856533432320068,0.09961438031201404,0.33333333333333326,-4.00385619687986,-0.5000000000000002,,pgm_approx,approximate,optimized,0.0,0.0,0.0,0.0,0.0,,,
4,near_uniform,0.04,3044,0.24183347;0.25197283;0.2572004;0.24899329,2;2;2;2,2;2;2;2,2;2;2;2,0.0,2.0,2,0.0,probability_aware,"0,2|1,3",1,7.0,1.0,1.0,pgm_fixed_global,0.9999999999999998,0.9961438031201404,0.509173236125264,0.007856533432320068,0.09961438031201404,0.33333333333333326,-4.00385619687986,-0.5000000000000002,,pgm_approx,approximate,optimized,0.0,0.0,0.0,0.0,0.0,,,
4,near_uniform,0.04,3044,0.24183347;0.25197283;0.2572004;0.24899329,2;2;2;2,2;2;2;2,2;2;2;2,0.0,2.0,2,0.0,overlap_aware,"0,2|1,3",1,7.0,1.0,1.0,pgm_fixed_global,0.9999999999999998,0.9961438031201404,0.509173236125264,0.007856533432320068,0.09961438031201404,0.33333333333333326,-4.00385619687986,-0.5000000000000002,,pgm_approx,approximate,optimized,0.0,0.0,0.0,0.0,0.0,,,
4,near_uniform,0.04,3044,0.24183347;0.25197283;0.2572004;0.24899329,2;2;2;2,2;2;2;2,2;2;2;2,0.0,2.0,2,0.0,overlap_aware,"0,2|1,3",1,7.0,1.0,1.0,equal_support,0.9999999999999999,0.9961438031201405,0.509173236125264,0.007856533432320068,0.09961438031201406,0.3333333333333333,-4.00385619687986,-0.5000000000000001,,pgm_approx,approximate,optimized,0.0,0.0,0.0,0.0,0.0,,,
4,near_uniform,0.04,3044,0.24183347;0.25197283;0.2572004;0.24899329,2;2;2;2,2;2;2;2,2;2;2;2,0.16666666666666666,2.0,2,0.0,overlap_aware,"0,2|1,3",1,7.0,0.9268539079783611,0.9268539079783611,random_support,0.9665954155003971,0.9630016628554515,0.509173236125264,0.007856533432320068,0.09630016628554515,0.32219847183346567,-3.671267877036354,-0.42368544646714446,,pgm_approx,approximate,optimized,0.03060364457955001,0.015549916514648916,0.015053728064901096,0.24999999999999983,0.24999999999999983,,,
4,strong_skew,0.75,4115,0.75;0.083333333;0.083333333;0.083333333,1;3;3;2,8;2;2;4,8;2;2;4,0.21428571428571427,1.4166666666666665,2,0.5833333333333335,random,"0,2|1,3",1,7.0,0.9940693513961472,0.9940693513961472,pgm_fixed_global,0.9940700118197797,0.9928071787314509,0.8333333333333334,0.007856533432320068,0.10543085083873815,0.41133931523577094,-3.6876026840920746,-0.20709712111723133,,pgm_approx,approximate,optimized,0.0039066759635399675,0.0039062499999999983,4.2596353996924435e-07,0.06249999999999997,0.06249999999999997,,,
4,strong_skew,0.75,4115,0.75;0.083333333;0.083333333;0.083333333,1;3;3;2,8;2;2;4,8;2;2;4,0.21428571428571427,1.4166666666666665,2,0.5833333333333335,probability_aware,"0|1,2,3",1,7.0,0.9940693513961472,0.9940693513961472,pgm_fixed_global,1.0,0.99869057776128,0.8333333333333334,0.007856533432320068,0.10605563657641912,0.4137931034482759,-3.6817192850622456,-0.20116713293701105,,pgm_approx,approximate,optimized,0.0039066759635399675,0.0,0.0039066759635399675,0.0,0.06249999999999997,,0.0,
4,strong_skew,0.75,4115,0.75;0.083333333;0.083333333;0.083333333,1;3;3;2,8;2;2;4,8;2;2;4,0.21428571428571427,1.4166666666666665,2,0.5833333333333335,overlap_aware,"0|1,2,3",1,7.0,0.9940693513961472,0.9940693513961472,pgm_fixed_global,1.0,0.99869057776128,0.8333333333333334,0.007856533432320068,0.10605563657641912,0.4137931034482759,-3.6817192850622456,-0.20116713293701105,,pgm_approx,approximate,optimized,0.0039066759635399675,0.0,0.0039066759635399675,0.0,0.06249999999999997,,0.0,
4,strong_skew,0.75,4115,0.75;0.083333333;0.083333333;0.083333333,2;2;2;2,4;4;4;4,4;4;4;4,0.0,2.0,2,0.0,overlap_aware,"0|1,2,3",1,7.0,1.0,1.0,equal_support,1.0,0.99869057776128,0.8333333333333334,0.007856533432320068,0.099869057776128,0.3333333333333333,-4.0013094222387195,-0.5,,pgm_approx,approximate,optimized,0.0,0.0,0.0,0.0,0.0,,0.0,0.0
4,strong_skew,0.75,4115,0.75;0.083333333;0.083333333;0.083333333,1;3;3;2,8;2;2;4,8;2;2;4,0.21428571428571427,1.4166666666666665,2,0.5833333333333335,overlap_aware,"0|1,2,3",1,7.0,0.9917653883280102,0.9917653883280102,random_support,1.0,0.99869057776128,0.8333333333333334,0.007856533432320068,0.10605563657641912,0.4137931034482759,-3.6708714589497675,-0.19838317756301227,,pgm_approx,approximate,optimized,0.005385492832941387,0.0,0.005385492832941387,0.0,0.062499999999999986,,0.0,0.0
8,zipf,0.2,1082,0.16149552;0.14059002;0.12963917;0.12239072;0.11704867;0.11285745;0.10943113;0.10654731,3;3;3;3;3;3;3;3,2;2;2;2;2;2;2;2,2;2;2;2;2;2;2;2,0.0,3.0,3,0.0,random,"0,2,3|4,6,7|1,5",2,7.0,1.0,1.0,pgm_fixed_global,1.0,0.9954364085510652,0.41913421635027825,0.007856533432320068,0.0829530340459221,0.2,-3.004563591448935,-0.6666666666666667,,pgm_approx,approximate,optimized,0.0,0.0,0.0,0.0,0.0,,,
8,zipf,0.2,1082,0.16149552;0.14059002;0.12963917;0.12239072;0.11704867;0.11285745;0.10943113;0.10654731,3;3;3;3;3;3;3;3,2;2;2;2;2;2;2;2,2;2;2;2;2;2;2;2,0.0,3.0,3,0.0,probability_aware,"0,5|1,4,7|2,3,6",2,7.0,1.0,1.0,pgm_fixed_global,1.0,0.9955353262165831,0.4317247139749696,0.007856533432320068,0.08296127718471526,0.2,-3.004464673783417,-0.6666666666666667,,pgm_approx,approximate,optimized,0.0,0.0,0.0,0.0,0.0,,,
8,zipf,0.2,1082,0.16149552;0.14059002;0.12963917;0.12239072;0.11704867;0.11285745;0.10943113;0.10654731,3;3;3;3;3;3;3;3,2;2;2;2;2;2;2;2,2;2;2;2;2;2;2;2,0.0,3.0,3,0.0,overlap_aware,"0,5|1,4,7|2,3,6",2,7.0,1.0,1.0,pgm_fixed_global,1.0,0.9955353262165831,0.4317247139749696,0.007856533432320068,0.08296127718471526,0.2,-3.004464673783417,-0.6666666666666667,,pgm_approx,approximate,optimized,0.0,0.0,0.0,0.0,0.0,,,
8,zipf,0.2,1082,0.16149552;0.14059002;0.12963917;0.12239072;0.11704867;0.11285745;0.10943113;0.10654731,3;3;3;3;3;3;3;3,2;2;2;2;2;2;2;2,2;2;2;2;2;2;2;2,0.0,3.0,3,0.0,overlap_aware,"0,5|1,4,7|2,3,6",2,7.0,1.0,1.0,equal_support,0.9999999999999998,0.9955353262165829,0.4317247139749696,0.007856533432320068,0.08296127718471524,0.19999999999999996,-3.004464673783417,-0.666666666666667,,pgm_approx,approximate,optimized,0.0,0.0,0.0,0.0,0.0,,,
8,zipf,0.2,1082,0.16149552;0.14059002;0.12963917;0.12239072;0.11704867;0.11285745;0.10943113;0.10654731,3;3;3;3;3;3;3;3,2;2;2;2;2;2;2;2,2;2;2;2;2;2;2;2,0.125,3.0,3,0.0,overlap_aware,"0,5|1,4,6|2,3,7",2,7.0,0.865678030760552,0.865678030760552,random_support,0.9848419126296301,0.9804963288664086,0.4317247139749696,0.007856533432320068,0.08170802740553405,0.19696838252592602,-2.482215794175799,-0.4579548053046235,,pgm_approx,approximate,optimized,0.02874935725292458,0.0032021921061824335,0.025547165146742146,0.24999999999999994,0.24999999999999994,,,
8,zipf,1.0,1090,0.36793693;0.18396846;0.12264564;0.091984231;0.073587385;0.061322821;0.052562418;0.045992116,2;2;3;3;4;4;4;4,8;8;4;4;2;2;2;2,8;8;4;4;2;2;2;2,0.1111111111111111,2.6815593517301792,3,0.31844064826982077,random,"1,2,4|0,5,6|3,7",2,7.0,0.9901999176245702,0.9901999176245702,pgm_fixed_global,0.9999320813020511,0.9971348217930404,0.6438896189224705,0.007856533432320068,0.0853597359538607,0.2135895342077641,-2.8585582141435433,-0.545294480177202,,pgm_approx,approximate,optimized,0.002023434346689364,2.060979670042604e-05,0.002002824549988938,0.0009134361792051604,0.12499999999999997,,,
8,zipf,1.0,1090,0.36793693;0.18396846;0.12264564;0.091984231;0.073587385;0.061322821;0.052562418;0.045992116,2;2;3;3;4;4;4;4,8;8;4;4;2;2;2;2,8;8;4;4;2;2;2;2,0.1111111111111111,2.6815593517301792,3,0.31844064826982077,probability_aware,"0|1,4,6|2,3,5,7",2,7.0,0.9901999176245702,0.9901999176245702,pgm_fixed_global,0.9966449203802489,0.9941143789570028,0.6745510293473501,0.007856533432320068,0.08510117091600125,0.2128873833484383,-2.8615786569795807,-0.5485816410990042,,pgm_approx,approximate,optimized,0.002023434346689364,0.0007050915669321841,0.00131834277975718,0.0625,0.12499999999999997,,0.0,
8,zipf,1.0,1090,0.36793693;0.18396846;0.12264564;0.091984231;0.073587385;0.061322821;0.052562418;0.045992116,2;2;3;3;4;4;4;4,8;8;4;4;2;2;2;2,8;8;4;4;2;2;2;2,0.1111111111111111,2.6815593517301792,3,0.31844064826982077,overlap_aware,"0|1,4,6|2,3,5,7",2,7.0,0.9901999176245702,0.9901999176245702,pgm_fixed_global,0.9966449203802489,0.9941143789570028,0.6745510293473501,0.007856533432320068,0.08510117091600125,0.2128873833484383,-2.8615786569795807,-0.5485816410990042,,pgm_approx,approximate,optimized,0.002023434346689364,0.0007050915669321841,0.00131834277975718,0.0625,0.12499999999999997,,0.0,
8,zipf,1.0,1090,0.36793693;0.18396846;0.12264564;0.091984231;0.073587385;0.061322821;0.052562418;0.045992116,3;3;3;3;3;3;3;3,4;4;4;4;4;4;4;4,4;4;4;4;4;4;4;4,0.0,3.0,3,0.0,overlap_aware,"0|1,4,6|2,3,5,7",2,7.0,1.0,1.0,equal_support,1.0,0.9974430992815533,0.6745510293473501,0.007856533432320068,0.08312025827346277,0.2,-3.0025569007184467,-0.6666666666666667,,pgm_approx,approximate,optimized,0.0,0.0,0.0,0.0,0.0,,0.0,0.0
8,zipf,1.0,1090,0.36793693;0.18396846;0.12264564;0.091984231;0.073587385;0.061322821;0.052562418;0.045992116,2;2;3;3;4;4;4;4,8;8;4;4;2;2;2;2,8;8;4;4;2;2;2;2,0.19444444444444445,2.6815593517301792,3,0.31844064826982077,overlap_aware,"0|1,4,7|2,3,5,6",2,7.0,0.9642614800690301,0.9642614800690301,random_support,0.9923200718982667,0.989823508791709,0.6745510293473501,0.007856533432320068,0.08473385093447343,0.21196357823201187,-2.7648690612128117,-0.5124290446118506,,pgm_approx,approximate,optimized,0.006973927922744205,0.0008461098803186208,0.006127818042425584,0.24999999999999994,0.24999999999999994,,0.0,0.0
8,zipf,2.0,1100,0.65469789;0.16367447;0.07274421;0.040918618;0.026187916;0.018186053;0.013361181;0.010229655,1;2;3;5;5;5;6;6,64;32;16;4;4;4;2;2,64;32;16;4;4;4;2;2,0.6159420289855072,1.768287421282692,3,1.231712578717308,random,"1,2,7|3,4,5|0,6",2,7.0,0.9945061011408936,0.9945061011408936,pgm_fixed_global,0.9982410272349376,0.9971493615842072,0.859290985192285,0.007856533432320068,0.0926005522116189,0.2649057557544655,-2.5725598181839184,-0.2509539165377699,,pgm_approx,approximate,optimized,0.000632718157167077,9.996763382219158e-05,0.0005327505233448855,0.0625,0.12499999999999997,,,
8,zipf,2.0,1100,0.65469789;0.16367447;0.07274421;0.040918618;0.026187916;0.018186053;0.013361181;0.010229655,1;2;3;5;5;5;6;6,64;32;16;4;4;4;2;2,64;32;16;4;4;4;2;2,0.6159420289855072,1.768287421282692,3,1.231712578717308,probability_aware,"0|1,7|2,3,4,5,6",2,7.0,0.9945061011408936,0.9945061011408936,pgm_fixed_global,0.9953425845166912,0.9945237294059768,0.8911165772364438,0.007856533432320068,0.09235672215067152,0.2641365886516919,-2.5751854503621487,-0.25385235925601624,,pgm_approx,approximate,optimized,0.000632718157167077,0.0003057005886156844,0.0003270175685513926,0.12499999999999997,0.12499999999999997,,0.0,
8,zipf,2.0,1100,0.65469789;0.16367447;0.07274421;0.040918618;0.026187916;0.018186053;0.013361181;0.010229655,1;2;3;5;5;5;6;6,64;32;16;4;4;4;2;2,64;32;16;4;4;4;2;2,0.6159420289855072,1.768287421282692,3,1.231712578717308,overlap_aware,"0|1,7|2,3,4,5,6",2,7.0,0.9945061011408936,0.9945061011408936,pgm_fixed_global,0.9953425845166912,0.9945237294059768,0.8911165772364438,0.007856533432320068,0.09235672215067152,0.2641365886516919,-2.5751854503621487,-0.25385235925601624,,pgm_approx,approximate,optimized,0.000632718157167077,0.0003057005886156844,0.0003270175685513926,0.12499999999999997,0.12499999999999997,,0.0,
8,zipf,2.0,1100,0.65469789;0.16367447;0.07274421;0.040918618;0.026187916;0.018186053;0.013361181;0.010229655,3;3;3;3;3;3;3;3,16;16;16;16;16;16;16;16,16;16;16;16;16;16;16;16,0.0,3.0,3,0.0,overlap_aware,"0|1,7|2,3,4,5,6",2,7.0,1.0,1.0,equal_support,1.0,0.9991445537488327,0.8911165772364438,0.007856533432320068,0.08326204614573605,0.2,-3.000855446251167,-0.6666666666666667,,pgm_approx,approximate,optimized,0.0,0.0,0.0,0.0,0.0,,0.0,0.0
8,zipf,2.0,1100,0.65469789;0.16367447;0.07274421;0.040918618;0.026187916;0.018186053;0.013361181;0.010229655,1;2;3;5;5;5;6;6,64;32;16;4;4;4;2;2,64;32;16;4;4;4;2;2,0.2826086956521739,1.768287421282692,3,1.231712578717308,overlap_aware,"0|1,7|2,3,4,5,6",2,7.0,0.9945367598225515,0.9945367598225515,random_support,0.997791741200295,0.9969536442082149,0.8911165772364438,0.007856533432320068,0.09258237686317812,0.2647865275787948,-2.572865582725261,-0.25144171281389394,,pgm_approx,approximate,optimized,0.0015810495263243306,0.0002251245293756662,0.0013559249969486644,0.058040432722517424,0.058040432722517424,,0.0,0.0
8,dirichlet,0.5,2805,0.0075806417;0.2481216;0.13574389;0.23636509;0.033839053;0.00070014977;0.33764951;5.8015387e-08,5;2;3;2;4;6;2;6,4;32;16;32;8;2;32;2,4;32;16;32;8;2;32;2,0.2927927927927928,2.2289647515265747,3,0.7710352484734253,random,"3,4,5|1,6,7|0,2",2,7.0,0.9972646127376382,0.9972646127376382,pgm_fixed_global,0.9990532112894022,0.9967803576780293,0.7097584948661569,0.007856533432320068,0.08876867812257734,0.23624060969738828,-2.7359693704472177,-0.40674575378135525,,pgm_approx,approximate,optimized,0.000391865121148482,0.00017077312427759807,0.00022109199687088394,0.05930898357685828,0.12499999999999997,,,
8,dirichlet,0.5,2805,0.0075806417;0.2481216;0.13574389;0.23636509;0.033839053;0.00070014977;0.33764951;5.8015387e-08,5;2;3;2;4;6;2;6,4;32;16;32;8;2;32;2,4;32;16;32;8;2;32;2,0.2927927927927928,2.2289647515265747,3,0.7710352484734253,probability_aware,"6|0,1,4,5,7|2,3",2,7.0,0.9972646127376382,0.9972646127376382,pgm_fixed_global,0.9990164645466266,0.9976267988964215,0.8221362078562686,0.007856533432320068,0.08884405828781271,0.2362319203975396,-2.7351229292288255,-0.4067825005241308,,pgm_approx,approximate,optimized,0.000391865121148482,7.474886721094305e-05,0.00031711625393753896,0.12499999999999997,0.12499999999999997,,0.0,
8,dirichlet,0.5,2805,0.0075806417;0.2481216;0.13574389;0.23636509;0.033839053;0.00070014977;0.33764951;5.8015387e-08,5;2;3;2;4;6;2;6,4;32;16;32;8;2;32;2,4;32;16;32;8;2;32;2,0.2927927927927928,2.2289647515265747,3,0.7710352484734253,overlap_aware,"6|0,1,4,5,7|2,3",2,7.0,0.9972646127376382,0.9972646127376382,pgm_fixed_global,0.9990164645466266,0.9976267988964215,0.8221362078562686,0.007856533432320068,0.08884405828781271,0.2362319203975396,-2.7351229292288255,-0.4067825005241308,,pgm_approx,approximate,optimized,0.000391865121148482,7.474886721094305e-05,0.00031711625393753896,0.12499999999999997,0.12499999999999997,,0.0,
8,dirichlet,0.5,2805,0.0075806417;0.2481216;0.13574389;0.23636509;0.033839053;0.00070014977;0.33764951;5.8015387e-08,3;3;3;3;3;3;3;3,16;16;16;16;16;16;16;16,16;16;16;16;16;16;16;16,0.0,3.0,3,0.0,overlap_aware,"6|0,1,4,5,7|2,3",2,7.0,1.0,1.0,equal_support,1.0,0.9986026071706235,0.8221362078562686,0.007856533432320068,0.08321688393088529,0.2,-3.0013973928293765,-0.6666666666666667,,pgm_approx,approximate,optimized,0.0,0.0,0.0,0.0,0.0,,0.0,0.0
8,dirichlet,0.5,2805,0.0075806417;0.2481216;0.13574389;0.23636509;0.033839053;0.00070014977;0.33764951;5.8015387e-08,5;2;3;2;4;6;2;6,4;32;16;32;8;2;32;2,4;32;16;32;8;2;32;2,0.21171171171171171,2.2289647515265747,3,0.7710352484734253,overlap_aware,"6|0,1,4,5,7|2,3",2,7.0,0.9937756030241695,0.9937756030241695,random_support,0.999195787297338,0.9978047127919467,0.8221362078562686,0.007856533432320068,0.08885990248177557,0.23627432386062042,-2.721885692969875,-0.40168487807475506,,pgm_approx,approximate,optimized,0.0027494558870340947,0.00026224023800421585,0.002487215649029879,0.015624999999999993,0.026477884458147614,,0.0,0.0
8,dirichlet,2.0,2820,0.2704647;0.084015238;0.091799483;0.03037355;0.17509359;0.14763531;0.076994982;0.12362315,2;3;3;4;3;3;4;3,8;4;4;2;4;4;2;4,8;4;4;2;4;4;2;4,0.09302325581395349,2.836903832636758,3,0.16309616736324184,random,"1,4,5|2,6,7|0,3",2,7.0,0.9742597118303349,0.9742597118303349,pgm_fixed_global,0.9915402118233624,0.9882219360064832,0.569181439285264,0.007856533432320068,0.08348652231859431,0.2049948161327906,-2.8558509029762082,-0.579259966221881,,pgm_approx,approximate,optimized,0.0065874169682465485,0.002324908558988345,0.004262508409258204,0.0625,0.12499999999999994,,,
8,dirichlet,2.0,2820,0.2704647;0.084015238;0.091799483;0.03037355;0.17509359;0.14763531;0.076994982;0.12362315,2;3;3;4;3;3;4;3,8;4;4;2;4;4;2;4,8;4;4;2;4;4;2;4,0.09302325581395349,2.836903832636758,3,0.16309616736324184,probability_aware,"0,6|1,2,4|3,5,7",2,7.0,0.9742597118303349,0.9742597118303349,pgm_fixed_global,0.9929313900481935,0.9897908366727597,0.5931935918846458,0.007856533432320068,0.083619065480933,0.20528243364038798,-2.854282002309932,-0.5778687879970499,,pgm_approx,approximate,optimized,0.0065874169682465485,0.0016227311133676064,0.004964685854878942,0.0625,0.12499999999999994,,,
8,dirichlet,2.0,2820,0.2704647;0.084015238;0.091799483;0.03037355;0.17509359;0.14763531;0.076994982;0.12362315,2;3;3;4;3;3;4;3,8;4;4;2;4;4;2;4,8;4;4;2;4;4;2;4,0.09302325581395349,2.836903832636758,3,0.16309616736324184,overlap_aware,"0,6|3,4,7|1,2,5",2,7.0,0.9742597118303349,0.9742597118303349,pgm_fixed_global,0.99721270272055,0.9940385130689715,0.5931935918846458,0.007856533432320068,0.08397791577289027,0.20616756859871987,-2.85003432591372,-0.5735874753246935,,pgm_approx,approximate,optimized,0.0065874169682465485,0.0004820347165035404,0.006105382251743008,0.0625,0.12499999999999994,,,
8,dirichlet,2.0,2820,0.2704647;0.084015238;0.091799483;0.03037355;0.17509359;0.14763531;0.076994982;0.12362315,3;3;3;3;3;3;3;3,4;4;4;4;4;4;4;4,4;4;4;4;4;4;4;4,0.0,3.0,3,0.0,overlap_aware,"0,6|1,2,4|3,5,7",2,7.0,1.0,1.0,equal_support,0.9999999999999999,0.9968039118541596,0.5931935918846458,0.007856533432320068,0.0830669926545133,0.19999999999999998,-3.0031960881458404,-0.6666666666666669,,pgm_approx,approximate,optimized,0.0,0.0,0.0,0.0,0.0,,,
8,dirichlet,2.0,2820,0.2704647;0.084015238;0.091799483;0.03037355;0.17509359;0.14763531;0.076994982;0.12362315,2;3;3;4;3;3;4;3,8;4;4;2;4;4;2;4,8;4;4;2;4;4;2;4,0.11627906976744186,2.836903832636758,3,0.16309616736324184,overlap_aware,"0,1|2,4,6|3,5,7",2,7.0,0.969915351685738,0.969915351685738,random_support,0.9955194587013425,0.99235857207801,0.5931935918846458,0.007856533432320068,0.08383599175165005,0.20581750085336128,-2.834573009156036,-0.5682763019326493,,pgm_approx,approximate,optimized,0.00698072682264368,0.001091484317185958,0.005889242505457722,0.0625,0.12499999999999997,,,
8,near_uniform,0.04,3084,0.12000401;0.12622988;0.13667217;0.11656868;0.12517743;0.12582109;0.12411085;0.12541588,3;3;3;3;3;3;3;3,2;2;2;2;2;2;2;2,2;2;2;2;2;2;2;2,0.0,3.0,3,0.0,random,"2,5,7|1,4,6|0,3",2,7.0,0.9999999999999999,0.9999999999999999,pgm_fixed_global,0.9999999999999997,0.9951517808010764,0.3829060563811981,0.007856533432320068,0.08292931506675637,0.19999999999999993,-3.004848219198923,-0.6666666666666666,,pgm_approx,approximate,optimized,0.0,0.0,0.0,0.0,0.0,,,
8,near_uniform,0.04,3084,0.12000401;0.12622988;0.13667217;0.11656868;0.12517743;0.12582109;0.12411085;0.12541588,3;3;3;3;3;3;3;3,2;2;2;2;2;2;2;2,2;2;2;2;2;2;2;2,0.0,3.0,3,0.0,probability_aware,"2,6|1,3,4|0,5,7",2,7.0,0.9999999999999999,0.9999999999999999,pgm_fixed_global,0.9999999999999998,0.9951974829248992,0.38872314151377685,0.007856533432320068,0.08293312357707493,0.19999999999999996,-3.0048025170751003,-0.6666666666666665,,pgm_approx,approximate,optimized,0.0,0.0,0.0,0.0,0.0,,,
8,near_uniform,0.04,3084,0.12000401;0.12622988;0.13667217;0.11656868;0.12517743;0.12582109;0.12411085;0.12541588,3;3;3;3;3;3;3;3,2;2;2;2;2;2;2;2,2;2;2;2;2;2;2;2,0.0,3.0,3,0.0,overlap_aware,"2,6|1,3,4|0,5,7",2,7.0,0.9999999999999999,0.9999999999999999,pgm_fixed_global,0.9999999999999998,0.9951974829248992,0.38872314151377685,0.007856533432320068,0.08293312357707493,0.19999999999999996,-3.0048025170751003,-0.6666666666666665,,pgm_approx,approximate,optimized,0.0,0.0,0.0,0.0,0.0,,,
8,near_uniform,0.04,3084,0.12000401;0.12622988;0.13667217;0.11656868;0.12517743;0.12582109;0.12411085;0.12541588,3;3;3;3;3;3;3;3,2;2;2;2;2;2;2;2,2;2;2;2;2;2;2;2,0.0,3.0,3,0.0,overlap_aware,"2,6|1,3,4|0,5,7",2,7.0,1.0,1.0,equal_support,0.9999999999999998,0.9951974829248992,0.38872314151377685,0.007856533432320068,0.08293312357707493,0.19999999999999996,-3.0048025170751007,-0.666666666666667,,pgm_approx,approximate,optimized,0.0,0.0,0.0,0.0,0.0,,,
8,near_uniform,0.04,3084,0.12000401;0.12622988;0.13667217;0.11656868;0.12517743;0.12582109;0.12411085;0.12541588,3;3;3;3;3;3;3;3,2;2;2;2;2;2;2;2,2;2;2;2;2;2;2;2,0.125,3.0,3,0.0,overlap_aware,"2,6|1,3,4|0,5,7",2,7.0,0.9127436059042422,0.9127436059042422,random_support,0.9838218543411332,0.9791464414082744,0.38872314151377685,0.007856533432320068,0.08159553678402287,0.19676437086822665,-2.6718279822086943,-0.5374174888326038,,pgm_approx,approximate,optimized,0.026614710404011054,0.0036479421978286575,0.022966768206182396,0.24999999999999978,0.24999999999999994,,,
8,strong_skew,0.75,4155,0.75;0.035714286;0.035714286;0.035714286;0.035714286;0.035714286;0.035714286;0.035714286,1;4;4;4;4;4;4;3,16;2;2;2;2;2;2;4,16;2;2;2;2;2;2;4,0.1206896551724138,1.714285714285714,3,1.285714285714286,random,"3,4,5|2,6,7|0,1",2,7.0,0.9885918352066132,0.9885918352066132,pgm_fixed_global,0.9964211284547075,0.9950462935800246,0.8214285714285714,0.007856533432320068,0.09287098740080231,0.26826722689165206,-2.5356388321578796,-0.22754971513443256,,pgm_approx,approximate,optimized,0.006039945828382398,0.0019697676755628924,0.004070178152819506,0.07353799322101465,0.10368819665111009,,,
8,strong_skew,0.75,4155,0.75;0.035714286;0.035714286;0.035714286;0.035714286;0.035714286;0.035714286;0.035714286,1;4;4;4;4;4;4;3,16;2;2;2;2;2;2;4,16;2;2;2;2;2;2;4,0.1206896551724138,1.714285714285714,3,1.285714285714286,probability_aware,"0|1,3,5,7|2,4,6",2,7.0,0.9885918352066132,0.9885918352066132,pgm_fixed_global,0.9999999999999999,0.9985970476013714,0.8214285714285714,0.007856533432320068,0.09320239110946134,0.2692307692307692,-2.5320880781365327,-0.2239708435891402,,pgm_approx,approximate,optimized,0.006039945828382398,0.0,0.006039945828382398,0.0,0.10368819665111009,,0.0,
8,strong_skew,0.75,4155,0.75;0.035714286;0.035714286;0.035714286;0.035714286;0.035714286;0.035714286;0.035714286,1;4;4;4;4;4;4;3,16;2;2;2;2;2;2;4,16;2;2;2;2;2;2;4,0.1206896551724138,1.714285714285714,3,1.285714285714286,overlap_aware,"0|1,3,5,7|2,4,6",2,7.0,0.9885918352066132,0.9885918352066132,pgm_fixed_global,0.9999999999999999,0.9985970476013714,0.8214285714285714,0.007856533432320068,0.09320239110946134,0.2692307692307692,-2.5320880781365327,-0.2239708435891402,,pgm_approx,approximate,optimized,0.006039945828382398,0.0,0.006039945828382398,0.0,0.10368819665111009,,0.0,
8,strong_skew,0.75,4155,0.75;0.035714286;0.035714286;0.035714286;0.035714286;0.035714286;0.035714286;0.035714286,3;3;3;3;3;3;3;3,4;4;4;4;4;4;4;4,4;4;4;4;4;4;4;4,0.0,3.0,3,0.0,overlap_aware,"0|1,3,5,7|2,4,6",2,7.0,0.9999999999999998,0.9999999999999998,equal_support,0.9999999999999999,0.9985970476013714,0.8214285714285714,0.007856533432320068,0.08321642063344761,0.19999999999999998,-3.001402952398627,-0.6666666666666664,,pgm_approx,approximate,optimized,0.0,0.0,0.0,0.0,0.0,,0.0,0.0
8,strong_skew,0.75,4155,0.75;0.035714286;0.035714286;0.035714286;0.035714286;0.035714286;0.035714286;0.035714286,1;4;4;4;4;4;4;3,16;2;2;2;2;2;2;4,16;2;2;2;2;2;2;4,0.22413793103448276,1.714285714285714,3,1.285714285714286,overlap_aware,"0|1,3,5,7|2,4,6",2,7.0,0.976712859263388,0.976712859263388,random_support,0.9999999999999999,0.9985970476013714,0.8214285714285714,0.007856533432320068,0.09320239110946134,0.2692307692307692,-2.4896631640535856,-0.20926354004038517,,pgm_approx,approximate,optimized,0.0052966290542876045,0.0,0.0052966290542876045,0.0,0.2499999999999999,,0.0,0.0
16,zipf,0.2,1162,0.090582672;0.078856796;0.072714475;0.068648828;0.065652478;0.063301628;0.061379807;0.059762276;0.058370932;0.057153802;0.056074652;0.055107268;0.054232104;0.053434226;0.052701973;0.052026083,4;4;4;4;4;4;4;4;4;4;4;4;4;4;4;4,2;2;2;2;2;2;2;2;2;2;2;2;2;2;2;2,2;2;2;2;2;2;2;2;2;2;2;2;2;2;2;2,0.0,4.0,4,0.0,random,"7,9,14,15|0,4,10,13|1,3,6,12|2,5,8,11",2,7.0,1.0,1.0,pgm_fixed_global,0.9999999999999998,0.9945154814385245,0.30191621931968626,0.007856533432320068,0.07650119087988651,0.16666666666666663,-2.2554845185614756,-0.5000000000000002,,pgm_approx,approximate,optimized,0.0,0.0,0.0,0.0,0.0,,,
16,zipf,0.2,1162,0.090582672;0.078856796;0.072714475;0.068648828;0.065652478;0.063301628;0.061379807;0.059762276;0.058370932;0.057153802;0.056074652;0.055107268;0.054232104;0.053434226;0.052701973;0.052026083,4;4;4;4;4;4;4;4;4;4;4;4;4;4;4;4,2;2;2;2;2;2;2;2;2;2;2;2;2;2;2;2,2;2;2;2;2;2;2;2;2;2;2;2;2;2;2;2,0.0,4.0,4,0.0,probability_aware,"0,7,11,15|1,6,10,14|2,5,9,13|3,4,8,12",2,7.0,1.0,1.0,pgm_fixed_global,0.9999999999999999,0.9945852989324874,0.3108027714567325,0.007856533432320068,0.07650656145634518,0.16666666666666666,-2.2554147010675125,-0.5000000000000001,,pgm_approx,approximate,optimized,0.0,0.0,0.0,0.0,0.0,,,
16,zipf,0.2,1162,0.090582672;0.078856796;0.072714475;0.068648828;0.065652478;0.063301628;0.061379807;0.059762276;0.058370932;0.057153802;0.056074652;0.055107268;0.054232104;0.053434226;0.052701973;0.052026083,4;4;4;4;4;4;4;4;4;4;4;4;4;4;4;4,2;2;2;2;2;2;2;2;2;2;2;2;2;2;2;2,2;2;2;2;2;2;2;2;2;2;2;2;2;2;2;2,0.0,4.0,4,0.0,overlap_aware,"0,7,11,15|1,6,10,14|2,5,9,13|3,4,8,12",2,7.0,1.0,1.0,pgm_fixed_global,0.9999999999999999,0.9945852989324874,0.3108027714567325,0.007856533432320068,0.07650656145634518,0.16666666666666666,-2.2554147010675125,-0.5000000000000001,,pgm_approx,approximate,optimized,0.0,0.0,0.0,0.0,0.0,,,
16,zipf,0.2,1162,0.090582672;0.078856796;0.072714475;0.068648828;0.065652478;0.063301628;0.061379807;0.059762276;0.058370932;0.057153802;0.056074652;0.055107268;0.054232104;0.053434226;0.052701973;0.052026083,4;4;4;4;4;4;4;4;4;4;4;4;4;4;4;4,2;2;2;2;2;2;2;2;2;2;2;2;2;2;2;2,2;2;2;2;2;2;2;2;2;2;2;2;2;2;2;2,0.0,4.0,4,0.0,overlap_aware,"0,7,11,15|1,6,10,14|2,5,9,13|3,4,8,12",2,7.0,1.0,1.0,equal_support,1.0,0.9945852989324875,0.3108027714567325,0.007856533432320068,0.07650656145634518,0.16666666666666666,-2.2554147010675125,-0.5,,pgm_approx,approximate,optimized,0.0,0.0,0.0,0.0,0.0,,,
16,zipf,0.2,1162,0.090582672;0.078856796;0.072714475;0.068648828;0.065652478;0.063301628;0.061379807;0.059762276;0.058370932;0.057153802;0.056074652;0.055107268;0.054232104;0.053434226;0.052701973;0.052026083,4;4;4;4;4;4;4;4;4;4;4;4;4;4;4;4,2;2;2;2;2;2;2;2;2;2;2;2;2;2;2;2,2;2;2;2;2;2;2;2;2;2;2;2;2;2;2;2,0.08333333333333333,4.0,4,0.0,overlap_aware,"0,7,13,14|1,5,10,15|2,6,8,12|3,4,9,11",2,7.0,0.8433682372600542,0.8433682372600542,random_support,0.9924354794557902,0.9870802092968328,0.3108027714567325,0.007856533432320068,0.07592924686898714,0.1654059132426317,-1.7538665617983433,-0.272616876434291,,pgm_approx,approximate,optimized,0.01846045824748498,0.0007983377343853314,0.01766212051309965,0.2499999999999999,0.25,,,
16,zipf,0.8,1168,0.23137847;0.13289203;0.096078438;0.076326429;0.063847947;0.055182572;0.048780304;0.043838022;0.039895961;0.036671016;0.033978859;0.031694065;0.029728176;0.028016928;0.026512454;0.025178332,2;3;3;4;4;4;5;5;5;5;5;5;5;5;5;5,16;8;8;4;4;4;2;2;2;2;2;2;2;2;2;2,16;8;8;4;4;4;2;2;2;2;2;2;2;2;2;2,0.06382978723404255,3.652566712922698,4,0.34743328707730203,random,"7,8,9,12|3,5,10,13|1,6,11,14|0,2,4,15",2,7.0,0.9864819492401609,0.9864819492401609,pgm_fixed_global,0.998151726920843,0.9941156938832051,0.4844349493616067,0.007856533432320068,0.07857027877733812,0.1765838030073849,-2.126266474580585,-0.39588703037266504,,pgm_approx,approximate,optimized,0.00253081386514854,0.0005746055669739154,0.0019562082981746244,0.025847643585056073,0.12499999999999994,,,
16,zipf,0.8,1168,0.23137847;0.13289203;0.096078438;0.076326429;0.063847947;0.055182572;0.048780304;0.043838022;0.039895961;0.036671016;0.033978859;0.031694065;0.029728176;0.028016928;0.026512454;0.025178332,2;3;3;4;4;4;5;5;5;5;5;5;5;5;5;5,16;8;8;4;4;4;2;2;2;2;2;2;2;2;2;2,16;8;8;4;4;4;2;2;2;2;2;2;2;2;2;2,0.06382978723404255,3.652566712922698,4,0.34743328707730203,probability_aware,"0,15|1,6,9,13|2,5,8,11,14|3,4,7,10,12",2,7.0,0.9864819492401609,0.9864819492401609,pgm_fixed_global,0.9977877562710484,0.9941650113581144,0.536675365654743,0.007856533432320068,0.07857417660107842,0.17651941267494312,-2.1262171571056756,-0.3962510010224596,,pgm_approx,approximate,optimized,0.00253081386514854,0.0003045803611692777,0.002226233503979262,0.062499999999999986,0.12499999999999994,,,
16,zipf,0.8,1168,0.23137847;0.13289203;0.096078438;0.076326429;0.063847947;0.055182572;0.048780304;0.043838022;0.039895961;0.036671016;0.033978859;0.031694065;0.029728176;0.028016928;0.026512454;0.025178332,2;3;3;4;4;4;5;5;5;5;5;5;5;5;5;5,16;8;8;4;4;4;2;2;2;2;2;2;2;2;2;2,16;8;8;4;4;4;2;2;2;2;2;2;2;2;2;2,0.06382978723404255,3.652566712922698,4,0.34743328707730203,overlap_aware,"0,15|1,6,9,13|2,5,8,11,14|3,4,7,10,12",2,7.0,0.9864819492401609,0.9864819492401609,pgm_fixed_global,0.9977877562710484,0.9941650113581144,0.536675365654743,0.007856533432320068,0.07857417660107842,0.17651941267494312,-2.1262171571056756,-0.3962510010224596,,pgm_approx,approximate,optimized,0.00253081386514854,0.0003045803611692777,0.002226233503979262,0.062499999999999986,0.12499999999999994,,,
16,zipf,0.8,1168,0.23137847;0.13289203;0.096078438;0.076326429;0.063847947;0.055182572;0.048780304;0.043838022;0.039895961;0.036671016;0.033978859;0.031694065;0.029728176;0.028016928;0.026512454;0.025178332,4;4;4;4;4;4;4;4;4;4;4;4;4;4;4;4,4;4;4;4;4;4;4;4;4;4;4;4;4;4;4;4,4;4;4;4;4;4;4;4;4;4;4;4;4;4;4;4,0.0,4.0,4,0.0,overlap_aware,"0,15|1,6,9,13|2,5,8,11,14|3,4,7,10,12",2,7.0,1.0,1.0,equal_support,1.0,0.996359874520249,0.536675365654743,0.007856533432320068,0.07664306727078839,0.16666666666666666,-2.253640125479751,-0.5,,pgm_approx,approximate,optimized,0.0,0.0,0.0,0.0,0.0,,,
16,zipf,0.8,1168,0.23137847;0.13289203;0.096078438;0.076326429;0.063847947;0.055182572;0.048780304;0.043838022;0.039895961;0.036671016;0.033978859;0.031694065;0.029728176;0.028016928;0.026512454;0.025178332,2;3;3;4;4;4;5;5;5;5;5;5;5;5;5;5,16;8;8;4;4;4;2;2;2;2;2;2;2;2;2;2,16;8;8;4;4;4;2;2;2;2;2;2;2;2;2;2,0.06382978723404255,3.652566712922698,4,0.34743328707730203,overlap_aware,"0,15|1,6,9,12|2,5,8,11,14|3,4,7,10,13",2,7.0,0.9765059328285777,0.9765059328285777,random_support,0.9999999999999999,0.9963598745202489,0.536675365654743,0.007856533432320068,0.07874764837261176,0.17691078244398872,-2.092466740649349,-0.3799412327195867,,pgm_approx,approximate,optimized,0.00393969506603618,0.0,0.00393969506603618,0.0,0.2499999999999999,,,
16,zipf,1.4,1174,0.43648809;0.16539806;0.093756772;0.062674144;0.045857925;0.035527173;0.02863091;0.02374906;0.020138768;0.017376904;0.015206268;0.013462281;0.012035156;0.010849086;0.0098501907;0.0089992108,1;3;4;4;4;5;5;5;6;6;6;6;7;7;7;7,128;32;16;16;16;8;8;8;4;4;4;4;2;2;2;2,128;32;16;16;16;8;8;8;4;4;4;4;2;2;2;2,0.28620689655172415,2.870614172711145,4,1.1293858272888548,random,"0,1,3,12|2,4,5,6|8,10,11,13|7,9,14,15",2,7.0,0.9879408237218268,0.9879408237218268,pgm_fixed_global,0.9971711982108228,0.993847582052048,0.5741326930729038,0.007856533432320068,0.08372334974350042,0.20473212676087713,-1.938018503916012,-0.2057984462440402,,pgm_approx,approximate,optimized,0.0017962039250366936,0.0006563430277489396,0.001139860897287754,0.06250000000000003,0.16311134672229446,,,
16,zipf,1.4,1174,0.43648809;0.16539806;0.093756772;0.062674144;0.045857925;0.035527173;0.02863091;0.02374906;0.020138768;0.017376904;0.015206268;0.013462281;0.012035156;0.010849086;0.0098501907;0.0089992108,1;3;4;4;4;5;5;5;6;6;6;6;7;7;7;7,128;32;16;16;16;8;8;8;4;4;4;4;2;2;2;2,128;32;16;16;16;8;8;8;4;4;4;4;2;2;2;2,0.28620689655172415,2.870614172711145,4,1.1293858272888548,probability_aware,"0|1,11,14|2,5,7,9,12,15|3,4,6,8,10,13",2,7.0,0.9879408237218268,0.9879408237218268,pgm_fixed_global,0.9992815219775534,0.9973883766968163,0.7583170690104197,0.007856533432320068,0.0840216320895738,0.20516540348777418,-1.9344777092712437,-0.2036881224773096,,pgm_approx,approximate,optimized,0.0017962039250366936,7.397204366214011e-05,0.0017222318813745535,0.023528006922028104,0.16311134672229446,,0.0,
16,zipf,1.4,1174,0.43648809;0.16539806;0.093756772;0.062674144;0.045857925;0.035527173;0.02863091;0.02374906;0.020138768;0.017376904;0.015206268;0.013462281;0.012035156;0.010849086;0.0098501907;0.0089992108,1;3;4;4;4;5;5;5;6;6;6;6;7;7;7;7,128;32;16;16;16;8;8;8;4;4;4;4;2;2;2;2,128;32;16;16;16;8;8;8;4;4;4;4;2;2;2;2,0.28620689655172415,2.870614172711145,4,1.1293858272888548,overlap_aware,"0|1,11,14|2,5,7,9,12,15|3,4,6,8,10,13",2,7.0,0.9879408237218268,0.9879408237218268,pgm_fixed_global,0.9992815219775534,0.9973883766968163,0.7583170690104197,0.007856533432320068,0.0840216320895738,0.20516540348777418,-1.9344777092712437,-0.2036881224773096,,pgm_approx,approximate,optimized,0.0017962039250366936,7.397204366214011e-05,0.0017222318813745535,0.023528006922028104,0.16311134672229446,,0.0,
16,zipf,1.4,1174,0.43648809;0.16539806;0.093756772;0.062674144;0.045857925;0.035527173;0.02863091;0.02374906;0.020138768;0.017376904;0.015206268;0.013462281;0.012035156;0.010849086;0.0098501907;0.0089992108,4;4;4;4;4;4;4;4;4;4;4;4;4;4;4;4,16;16;16;16;16;16;16;16;16;16;16;16;16;16;16;16,16;16;16;16;16;16;16;16;16;16;16;16;16;16;16;16,0.0,4.0,4,0.0,overlap_aware,"0|1,11,14|2,5,7,9,12,15|3,4,6,8,10,13",2,7.0,1.0,1.0,equal_support,0.9999999999999999,0.9981012099726592,0.7583170690104197,0.007856533432320068,0.07677701615174301,0.16666666666666666,-2.251898790027341,-0.5000000000000001,,pgm_approx,approximate,optimized,0.0,0.0,0.0,0.0,0.0,,0.0,0.0
16,zipf,1.4,1174,0.43648809;0.16539806;0.093756772;0.062674144;0.045857925;0.035527173;0.02863091;0.02374906;0.020138768;0.017376904;0.015206268;0.013462281;0.012035156;0.010849086;0.0098501907;0.0089992108,1;3;4;4;4;5;5;5;6;6;6;6;7;7;7;7,128;32;16;16;16;8;8;8;4;4;4;4;2;2;2;2,128;32;16;16;16;8;8;8;4;4;4;4;2;2;2;2,0.13620689655172413,2.870614172711145,4,1.1293858272888548,overlap_aware,"0|1,11,14|2,5,7,9,12,15|3,4,6,8,10,13",2,7.0,0.9951648864375235,0.9951648864375235,random_support,0.9992878605854456,0.9973946655052238,0.7583170690104197,0.007856533432320068,0.08402216186910468,0.20516670488584585,-1.9559099357772123,-0.21247818943132413,,pgm_approx,approximate,optimized,0.0009291677647550855,6.978512543798741e-05,0.0008593826393170981,0.031249999999999993,0.031250000000000014,,0.0,0.0
16,zipf,2.0,1180,0.63117505;0.15779376;0.070130561;0.039448441;0.025247002;0.01753264;0.012881123;0.0098621101;0.0077922845;0.0063117505;0.0052163227;0.0043831601;0.0037347636;0.0032202809;0.0028052224;0.0024655275,1;2;4;4;5;6;6;6;7;7;7;7;8;8;8;8,256;128;32;32;16;8;8;8;4;4;4;4;2;2;2;2,256;128;32;32;16;8;8;8;4;4;4;4;2;2;2;2,0.5357142857142857,2.0166998111297483,4,1.9833001888702517,random,"1,10,12,14|2,6,9,15|5,7,8,11|0,3,4,13",2,7.0,0.9966304878779892,0.9966304878779892,pgm_fixed_global,0.9996682961118009,0.9987016574301547,0.8766320117284588,0.007856533432320068,0.09065343292927024,0.2488780200456731,-1.746193069462743,-0.0011230769946162233,,pgm_approx,approximate,optimized,0.0004460358985648248,2.3380713081017065e-05,0.00042265518548380775,0.03306690671495662,0.12499999999999997,,,
16,zipf,2.0,1180,0.63117505;0.15779376;0.070130561;0.039448441;0.025247002;0.01753264;0.012881123;0.0098621101;0.0077922845;0.0063117505;0.0052163227;0.0043831601;0.0037347636;0.0032202809;0.0028052224;0.0024655275,1;2;4;4;5;6;6;6;7;7;7;7;8;8;8;8,256;128;32;32;16;8;8;8;4;4;4;4;2;2;2;2,256;128;32;32;16;8;8;8;4;4;4;4;2;2;2;2,0.5357142857142857,2.0166998111297483,4,1.9833001888702517,probability_aware,"0|1|2,6,8,9,11,14|3,4,5,7,10,12,13,15",2,7.0,0.9966304878779892,0.9966304878779892,pgm_fixed_global,0.9991631646191417,0.998372676737655,0.8985478120216703,0.007856533432320068,0.09062357092902155,0.24875226220555283,-1.7465220501552428,-0.0016282084872754066,,pgm_approx,approximate,optimized,0.0004460358985648248,3.765575965148797e-05,0.00040838013891333685,0.0625,0.12499999999999997,,0.0,
16,zipf,2.0,1180,0.63117505;0.15779376;0.070130561;0.039448441;0.025247002;0.01753264;0.012881123;0.0098621101;0.0077922845;0.0063117505;0.0052163227;0.0043831601;0.0037347636;0.0032202809;0.0028052224;0.0024655275,1;2;4;4;5;6;6;6;7;7;7;7;8;8;8;8,256;128;32;32;16;8;8;8;4;4;4;4;2;2;2;2,256;128;32;32;16;8;8;8;4;4;4;4;2;2;2;2,0.5357142857142857,2.0166998111297483,4,1.9833001888702517,overlap_aware,"0|1|2,6,8,9,11,14|3,4,5,7,10,12,13,15",2,7.0,0.9966304878779892,0.9966304878779892,pgm_fixed_global,0.9991631646191417,0.998372676737655,0.8985478120216703,0.007856533432320068,0.09062357092902155,0.24875226220555283,-1.7465220501552428,-0.0016282084872754066,,pgm_approx,approximate,optimized,0.0004460358985648248,3.765575965148797e-05,0.00040838013891333685,0.0625,0.12499999999999997,,0.0,
16,zipf,2.0,1180,0.63117505;0.15779376;0.070130561;0.039448441;0.025247002;0.01753264;0.012881123;0.0098621101;0.0077922845;0.0063117505;0.0052163227;0.0043831601;0.0037347636;0.0032202809;0.0028052224;0.0024655275,4;4;4;4;4;4;4;4;4;4;4;4;4;4;4;4,32;32;32;32;32;32;32;32;32;32;32;32;32;32;32;32,32;32;32;32;32;32;32;32;32;32;32;32;32;32;32;32,0.0,4.0,4,0.0,overlap_aware,"0|1|2,6,8,9,11,14|3,4,5,7,10,12,13,15",2,7.0,1.0,1.0,equal_support,1.0,0.9992029374933662,0.8985478120216703,0.007856533432320068,0.07686176442256663,0.16666666666666666,-2.250797062506634,-0.5,,pgm_approx,approximate,optimized,0.0,0.0,0.0,0.0,0.0,,0.0,0.0
16,zipf,2.0,1180,0.63117505;0.15779376;0.070130561;0.039448441;0.025247002;0.01753264;0.012881123;0.0098621101;0.0077922845;0.0063117505;0.0052163227;0.0043831601;0.0037347636;0.0032202809;0.0028052224;0.0024655275,1;2;4;4;5;6;6;6;7;7;7;7;8;8;8;8,256;128;32;32;16;8;8;8;4;4;4;4;2;2;2;2,256;128;32;32;16;8;8;8;4;4;4;4;2;2;2;2,0.23809523809523808,2.0166998111297483,4,1.9833001888702517,overlap_aware,"0|1|2,6,8,9,11,14|3,4,5,7,10,12,13,15",2,7.0,0.9983363175401214,0.9983363175401214,random_support,0.9995835444956019,0.9987897538855615,0.8985478120216703,0.007856533432320068,0.09066142955774494,0.24885692023234773,-1.7508031263364945,-0.002920780031241521,,pgm_approx,approximate,optimized,0.00031115996994707885,1.4721212817085576e-05,0.0002964387571299933,0.06249999999999997,0.06249999999999997,,0.0,0.0
16,dirichlet,2.0,3620,0.033492418;0.033502344;0.066502082;0.04594077;0.10356105;0.11396556;0.0042336213;0.047609082;0.053945036;0.019236977;0.078166085;0.10386805;0.072563815;0.036733502;0.090965304;0.095714297,5;5;4;5;3;3;6;5;4;6;4;3;4;5;4;3,4;4;8;4;16;16;2;4;8;2;8;16;8;4;8;16,4;4;8;4;16;16;2;4;8;2;8;16;8;4;8;16,0.08143322475570032,3.8271103491463476,4,0.17288965085365238,random,"8,9,14,15|0,6,7,10|1,2,4,5|3,11,12,13",2,7.0,0.9817947339189743,0.9817947339189743,pgm_fixed_global,0.9975924315403574,0.9928323273468365,0.39171399488293235,0.007856533432320068,0.07740109037207356,0.1711984794807432,-2.1555650207005286,-0.4326641321488026,,pgm_approx,approximate,optimized,0.0020569128656277025,0.00031091293991686097,0.0017459999257108416,0.0625,0.17122534103342849,,,
16,dirichlet,2.0,3620,0.033492418;0.033502344;0.066502082;0.04594077;0.10356105;0.11396556;0.0042336213;0.047609082;0.053945036;0.019236977;0.078166085;0.10386805;0.072563815;0.036733502;0.090965304;0.095714297,5;5;4;5;3;3;6;5;4;6;4;3;4;5;4;3,4;4;8;4;16;16;2;4;8;2;8;16;8;4;8;16,4;4;8;4;16;16;2;4;8;2;8;16;8;4;8;16,0.08143322475570032,3.8271103491463476,4,0.17288965085365238,probability_aware,"2,5,7,9|6,8,11,12|0,3,4,10|1,13,14,15",2,7.0,0.9817947339189743,0.9817947339189743,pgm_fixed_global,0.9977793966274768,0.9932173399561927,0.41710896346711185,0.007856533432320068,0.07743110590939072,0.17123056486713834,-2.1551800080911727,-0.43247716706168315,,pgm_approx,approximate,optimized,0.0020569128656277025,0.0002823562558808831,0.0017745566097468195,0.06250000000000003,0.17122534103342849,,,
16,dirichlet,2.0,3620,0.033492418;0.033502344;0.066502082;0.04594077;0.10356105;0.11396556;0.0042336213;0.047609082;0.053945036;0.019236977;0.078166085;0.10386805;0.072563815;0.036733502;0.090965304;0.095714297,5;5;4;5;3;3;6;5;4;6;4;3;4;5;4;3,4;4;8;4;16;16;2;4;8;2;8;16;8;4;8;16,4;4;8;4;16;16;2;4;8;2;8;16;8;4;8;16,0.08143322475570032,3.8271103491463476,4,0.17288965085365238,overlap_aware,"0,2,3,5|1,7,11,12|4,6,13,14|8,9,10,15",2,7.0,0.9817947339189743,0.9817947339189743,pgm_fixed_global,0.9992579804890046,0.9946843072741798,0.41710896346711185,0.007856533432320068,0.07754547050734437,0.17148430707775983,-2.1537130407731855,-0.4309985832001554,,pgm_approx,approximate,optimized,0.0020569128656277025,0.0001281412565747606,0.001928771609052942,0.017127493272609057,0.17122534103342849,,,
16,dirichlet,2.0,3620,0.033492418;0.033502344;0.066502082;0.04594077;0.10356105;0.11396556;0.0042336213;0.047609082;0.053945036;0.019236977;0.078166085;0.10386805;0.072563815;0.036733502;0.090965304;0.095714297,4;4;4;4;4;4;4;4;4;4;4;4;4;4;4;4,8;8;8;8;8;8;8;8;8;8;8;8;8;8;8;8,8;8;8;8;8;8;8;8;8;8;8;8;8;8;8;8,0.0,4.0,4,0.0,overlap_aware,"2,5,7,9|6,8,11,12|0,3,4,10|1,13,14,15",2,7.0,0.9999999999999999,0.9999999999999999,equal_support,0.9999999999999998,0.9954204970840794,0.41710896346711185,0.007856533432320068,0.07657080746800611,0.16666666666666663,-2.25457950291592,-0.5,,pgm_approx,approximate,optimized,0.0,0.0,0.0,0.0,0.0,,,
16,dirichlet,2.0,3620,0.033492418;0.033502344;0.066502082;0.04594077;0.10356105;0.11396556;0.0042336213;0.047609082;0.053945036;0.019236977;0.078166085;0.10386805;0.072563815;0.036733502;0.090965304;0.095714297,5;5;4;5;3;3;6;5;4;6;4;3;4;5;4;3,4;4;8;4;16;16;2;4;8;2;8;16;8;4;8;16,4;4;8;4;16;16;2;4;8;2;8;16;8;4;8;16,0.0993485342019544,3.8271103491463476,4,0.17288965085365238,overlap_aware,"2,5,6,7|1,8,11,12|3,4,9,10|0,13,14,15",2,7.0,0.9787788945068987,0.9787788945068987,random_support,0.9979652290005223,0.9934017123309865,0.41710896346711185,0.007856533432320068,0.07744547955784117,0.1712624558666065,-2.145324509482879,-0.4278979274262704,,pgm_approx,approximate,optimized,0.002854888615573628,0.00027937129373165916,0.0025755173218419687,0.06249999999999997,0.12500000000000003,,,
16,dirichlet,2.0,3637,0.04493546;0.139329;0.049214614;0.073118571;0.045890445;0.085638142;0.019764976;0.14878711;0.019246653;0.050051292;0.0057684246;0.088801797;0.074618085;0.072387579;0.049889087;0.032558762,4;3;4;4;4;4;6;3;7;4;7;3;4;4;4;5,16;32;16;16;16;16;4;32;2;16;2;32;16;16;16;8,16;32;16;16;16;16;4;32;2;16;2;32;16;16;16;8,0.0916030534351145,3.770216035986644,4,0.2297839640133561,random,"2,5,9,10|4,11,12,14|0,1,8,13|3,6,7,15",2,7.0,0.9903144385467052,0.9903144385467052,pgm_fixed_global,0.9980100441626809,0.9938032319682439,0.46255605154921886,0.007856533432320068,0.07782195925015621,0.17295886981327416,-2.167829098981317,-0.4305720193301463,,pgm_approx,approximate,optimized,0.0011144465388294958,0.0001378645044818234,0.0009765820343476724,0.12764499380039981,0.12764499380039981,,,
16,dirichlet,2.0,3637,0.04493546;0.139329;0.049214614;0.073118571;0.045890445;0.085638142;0.019764976;0.14878711;0.019246653;0.050051292;0.0057684246;0.088801797;0.074618085;0.072387579;0.049889087;0.032558762,4;3;4;4;4;4;6;3;7;4;7;3;4;4;4;5,16;32;16;16;16;16;4;32;2;16;2;32;16;16;16;8,16;32;16;16;16;16;4;32;2;16;2;32;16;16;16;8,0.0916030534351145,3.770216035986644,4,0.2297839640133561,probability_aware,"4,7,9|1,6,8,13|2,3,10,11,15|0,5,12,14",2,7.0,0.9903144385467052,0.9903144385467052,pgm_fixed_global,0.9975880528454222,0.9933845560398774,0.4625560515492189,0.007856533432320068,0.07778917390594693,0.17288573714118236,-2.1682477749096836,-0.43099401064740506,,pgm_approx,approximate,optimized,0.0011144465388294958,0.00023066967423840583,0.00088377686459109,0.12499999999999997,0.12764499380039981,,,
16,dirichlet,2.0,3637,0.04493546;0.139329;0.049214614;0.073118571;0.045890445;0.085638142;0.019764976;0.14878711;0.019246653;0.050051292;0.0057684246;0.088801797;0.074618085;0.072387579;0.049889087;0.032558762,4;3;4;4;4;4;6;3;7;4;7;3;4;4;4;5,16;32;16;16;16;16;4;32;2;16;2;32;16;16;16;8,16;32;16;16;16;16;4;32;2;16;2;32;16;16;16;8,0.0916030534351145,3.770216035986644,4,0.2297839640133561,overlap_aware,"4,7,9|1,10,13,15|2,6,8,11,12|0,3,5,14",2,7.0,0.9903144385467052,0.9903144385467052,pgm_fixed_global,0.998398034062514,0.9941881736124576,0.4625560515492189,0.007856533432320068,0.07785210295666273,0.17302610991267658,-2.1674441573371035,-0.4301840294303132,,pgm_approx,approximate,optimized,0.0011144465388294958,0.00010327319886562831,0.0010111733399638676,0.12499999999999997,0.12764499380039981,,,
16,dirichlet,2.0,3637,0.04493546;0.139329;0.049214614;0.073118571;0.045890445;0.085638142;0.019764976;0.14878711;0.019246653;0.050051292;0.0057684246;0.088801797;0.074618085;0.072387579;0.049889087;0.032558762,4;4;4;4;4;4;4;4;4;4;4;4;4;4;4;4,16;16;16;16;16;16;16;16;16;16;16;16;16;16;16;16,16;16;16;16;16;16;16;16;16;16;16;16;16;16;16;16,0.0,4.0,4,0.0,overlap_aware,"4,7,9|1,6,8,13|2,3,10,11,15|0,5,12,14",2,7.0,1.0,1.0,equal_support,0.9999999999999998,0.9957775536509981,0.4625560515492189,0.007856533432320068,0.07659827335776909,0.16666666666666663,-2.2542224463490017,-0.5000000000000002,,pgm_approx,approximate,optimized,0.0,0.0,0.0,0.0,0.0,,,
16,dirichlet,2.0,3637,0.04493546;0.139329;0.049214614;0.073118571;0.045890445;0.085638142;0.019764976;0.14878711;0.019246653;0.050051292;0.0057684246;0.088801797;0.074618085;0.072387579;0.049889087;0.032558762,4;3;4;4;4;4;6;3;7;4;7;3;4;4;4;5,16;32;16;16;16;16;4;32;2;16;2;32;16;16;16;8,16;32;16;16;16;16;4;32;2;16;2;32;16;16;16;8,0.09465648854961832,3.770216035986644,4,0.2297839640133561,overlap_aware,"4,7,9|1,6,8,13|0,2,3,11|5,10,12,14,15",2,7.0,0.9891715377407437,0.9891715377407437,random_support,0.9984240788926559,0.9942140138205208,0.4625560515492189,0.007856533432320068,0.07785412643128449,0.17303062357905916,-2.163769544579083,-0.42850928846064607,,pgm_approx,approximate,optimized,0.0015209410250540836,0.0002617913257284546,0.001259149699325629,0.013318599278447656,0.03125000000000001,,,
16,dirichlet,5.0,3650,0.1121528;0.086110574;0.058553246;0.11007891;0.061300073;0.043883883;0.034054457;0.050229162;0.070715548;0.072064752;0.031447891;0.039829342;0.057275026;0.053568116;0.049031364;0.069704859,3;4;4;3;4;5;5;4;4;4;5;5;4;4;4;4,8;4;4;8;4;2;2;4;4;4;2;2;4;4;4;4,8;4;4;8;4;2;2;4;4;4;2;2;4;4;4;4,0.0425531914893617,3.9269838673476785,4,0.07301613265232154,random,"4,8,13,15|0,1,6,7|3,5,9,10|2,11,12,14",2,7.0,0.9765329226785974,0.9765329226785974,pgm_fixed_global,0.9937761581291049,0.9887300979434502,0.35150049938929945,0.007856533432320068,0.07648575321896144,0.16766979299604862,-2.167176236406576,-0.4531975615333761,,pgm_approx,approximate,optimized,0.0028602150247462777,0.0007847355587316987,0.0020754794660145792,0.0625,0.12500000000000003,,,
16,dirichlet,5.0,3650,0.1121528;0.086110574;0.058553246;0.11007891;0.061300073;0.043883883;0.034054457;0.050229162;0.070715548;0.072064752;0.031447891;0.039829342;0.057275026;0.053568116;0.049031364;0.069704859,3;4;4;3;4;5;5;4;4;4;5;5;4;4;4;4,8;4;4;8;4;2;2;4;4;4;2;2;4;4;4;4,8;4;4;8;4;2;2;4;4;4;2;2;4;4;4;4,0.0425531914893617,3.9269838673476785,4,0.07301613265232154,probability_aware,"0,2,7,10|3,4,6,14|1,11,13,15|5,8,9,12",2,7.0,0.9765329226785974,0.9765329226785974,pgm_fixed_global,0.9977332181460009,0.9928831743283283,0.3804070323093007,0.007856533432320068,0.07680702509703412,0.1683374276826716,-2.163023160021698,-0.4492405015164801,,pgm_approx,approximate,optimized,0.0028602150247462777,0.0003185061511221298,0.002541708873624148,0.0625,0.12500000000000003,,,
16,dirichlet,5.0,3650,0.1121528;0.086110574;0.058553246;0.11007891;0.061300073;0.043883883;0.034054457;0.050229162;0.070715548;0.072064752;0.031447891;0.039829342;0.057275026;0.053568116;0.049031364;0.069704859,3;4;4;3;4;5;5;4;4;4;5;5;4;4;4;4,8;4;4;8;4;2;2;4;4;4;2;2;4;4;4;4,8;4;4;8;4;2;2;4;4;4;2;2;4;4;4;4,0.0425531914893617,3.9269838673476785,4,0.07301613265232154,overlap_aware,"0,2,7,10|3,4,6,14|1,8,11,13|5,9,12,15",2,7.0,0.9765329226785974,0.9765329226785974,pgm_fixed_global,0.9999999999999998,0.9951321471349074,0.3804070323093007,0.007856533432320068,0.07698100015801178,0.16871987884244052,-2.160774187215119,-0.44697371966248123,,pgm_approx,approximate,optimized,0.0028602150247462777,0.0,0.0028602150247462777,0.0,0.12500000000000003,,,
16,dirichlet,5.0,3650,0.1121528;0.086110574;0.058553246;0.11007891;0.061300073;0.043883883;0.034054457;0.050229162;0.070715548;0.072064752;0.031447891;0.039829342;0.057275026;0.053568116;0.049031364;0.069704859,4;4;4;4;4;4;4;4;4;4;4;4;4;4;4;4,4;4;4;4;4;4;4;4;4;4;4;4;4;4;4;4,4;4;4;4;4;4;4;4;4;4;4;4;4;4;4;4,0.0,4.0,4,0.0,overlap_aware,"0,2,7,10|3,4,6,14|1,11,13,15|5,8,9,12",2,7.0,1.0,1.0,equal_support,0.9999999999999999,0.9951321471349075,0.3804070323093007,0.007856533432320068,0.0765486267026852,0.16666666666666666,-2.2548678528650923,-0.5000000000000001,,pgm_approx,approximate,optimized,0.0,0.0,0.0,0.0,0.0,,,
16,dirichlet,5.0,3650,0.1121528;0.086110574;0.058553246;0.11007891;0.061300073;0.043883883;0.034054457;0.050229162;0.070715548;0.072064752;0.031447891;0.039829342;0.057275026;0.053568116;0.049031364;0.069704859,3;4;4;3;4;5;5;4;4;4;5;5;4;4;4;4,8;4;4;8;4;2;2;4;4;4;2;2;4;4;4;4,8;4;4;8;4;2;2;4;4;4;2;2;4;4;4;4,0.07180851063829788,3.9269838673476785,4,0.07301613265232154,overlap_aware,"0,4,10,14|2,3,6,7|1,8,11,13|5,9,12,15",2,7.0,0.9464766440861039,0.9464766440861039,random_support,0.9957604766468932,0.9909259317387615,0.3804070323093007,0.007856533432320068,0.07665561757539943,0.16800458697595466,-2.0678461454918473,-0.40667747343303373,,pgm_approx,approximate,optimized,0.0061437201896912715,0.0005586503677217946,0.005585069821969477,0.0625,0.2499999999999999,,,
16,dirichlet,5.0,3667,0.046880444;0.094630491;0.072940761;0.064863635;0.067007951;0.026579733;0.072328782;0.08688766;0.060703819;0.075910518;0.044264118;0.063751506;0.058711135;0.025689244;0.082668372;0.056181831,4;3;4;4;4;5;4;4;4;4;4;4;4;5;4;4,4;8;4;4;4;2;4;4;4;4;4;4;4;2;4;4,4;8;4;4;4;2;4;4;4;4;4;4;4;2;4;4,0.037914691943127965,3.9576384856625246,4,0.04236151433747537,random,"0,4,7,15|5,8,13,14|2,3,9,12|1,6,10,11",2,7.0,0.971679678070151,0.971679678070151,pgm_fixed_global,0.9960111205786704,0.9908579096851948,0.34009704118630657,0.007856533432320068,0.07646901947307509,0.1671822019707374,-2.156810588389295,-0.45121794087305567,,pgm_approx,approximate,optimized,0.0034848207773499704,0.000510675009882873,0.0029741457674670973,0.06250000000000003,0.12499999999999997,,,
16,dirichlet,5.0,3667,0.046880444;0.094630491;0.072940761;0.064863635;0.067007951;0.026579733;0.072328782;0.08688766;0.060703819;0.075910518;0.044264118;0.063751506;0.058711135;0.025689244;0.082668372;0.056181831,4;3;4;4;4;5;4;4;4;4;4;4;4;5;4;4,4;8;4;4;4;2;4;4;4;4;4;4;4;2;4;4,4;8;4;4;4;2;4;4;4;4;4;4;4;2;4;4,0.037914691943127965,3.9576384856625246,4,0.04236151433747537,probability_aware,"1,3,13,15|4,5,7,8|6,10,12,14|0,2,9,11",2,7.0,0.971679678070151,0.971679678070151,pgm_fixed_global,0.9976373854515486,0.9924713977537294,0.3400970411863066,0.007856533432320068,0.07659353969875664,0.1674551733631426,-2.155197100320761,-0.44959167600017746,,pgm_approx,approximate,optimized,0.0034848207773499704,0.00034606068644355356,0.003138760090906417,0.06250000000000003,0.12499999999999997,,,
16,dirichlet,5.0,3667,0.046880444;0.094630491;0.072940761;0.064863635;0.067007951;0.026579733;0.072328782;0.08688766;0.060703819;0.075910518;0.044264118;0.063751506;0.058711135;0.025689244;0.082668372;0.056181831,4;3;4;4;4;5;4;4;4;4;4;4;4;5;4;4,4;8;4;4;4;2;4;4;4;4;4;4;4;2;4;4,4;8;4;4;4;2;4;4;4;4;4;4;4;2;4;4,0.037914691943127965,3.9576384856625246,4,0.04236151433747537,overlap_aware,"1,3,13,15|4,5,7,8|2,10,12,14|0,6,9,11",2,7.0,0.971679678070151,0.971679678070151,pgm_fixed_global,1.0,0.9948154503419933,0.3400970411863066,0.007856533432320068,0.0767744409170502,0.16785174233155808,-2.1528530477324965,-0.44722906145172603,,pgm_approx,approximate,optimized,0.0034848207773499704,0.0,0.0034848207773499704,0.0,0.12499999999999997,,,
16,dirichlet,5.0,3667,0.046880444;0.094630491;0.072940761;0.064863635;0.067007951;0.026579733;0.072328782;0.08688766;0.060703819;0.075910518;0.044264118;0.063751506;0.058711135;0.025689244;0.082668372;0.056181831,4;4;4;4;4;4;4;4;4;4;4;4;4;4;4;4,4;4;4;4;4;4;4;4;4;4;4;4;4;4;4;4,4;4;4;4;4;4;4;4;4;4;4;4;4;4;4;4,0.0,4.0,4,0.0,overlap_aware,"1,3,13,15|4,5,7,8|6,10,12,14|0,2,9,11",2,7.0,1.0,1.0,equal_support,1.0,0.9948154503419933,0.3400970411863066,0.007856533432320068,0.07652426541092255,0.16666666666666666,-2.255184549658007,-0.5,,pgm_approx,approximate,optimized,0.0,0.0,0.0,0.0,0.0,,,
16,dirichlet,5.0,3667,0.046880444;0.094630491;0.072940761;0.064863635;0.067007951;0.026579733;0.072328782;0.08688766;0.060703819;0.075910518;0.044264118;0.063751506;0.058711135;0.025689244;0.082668372;0.056181831,4;3;4;4;4;5;4;4;4;4;4;4;4;5;4;4,4;8;4;4;4;2;4;4;4;4;4;4;4;2;4;4,4;8;4;4;4;2;4;4;4;4;4;4;4;2;4;4,0.06635071090047394,3.9576384856625246,4,0.04236151433747537,overlap_aware,"1,3,13,15|4,5,7,11|6,10,12,14|0,2,8,9",2,7.0,0.951816379152532,0.951816379152532,random_support,0.9985918660054214,0.9934183793992203,0.3400970411863066,0.007856533432320068,0.07666662258701121,0.16761538458713177,-2.0899047570484806,-0.4190526069253482,,pgm_approx,approximate,optimized,0.0059229627464370705,0.00015193660909365616,0.005771026137343415,0.06249999999999997,0.12500000000000003,,,
16,near_uniform,0.02,3162,0.063965068;0.063395228;0.063714073;0.062663985;0.063484934;0.060280704;0.060679199;0.062348866;0.060484074;0.063711857;0.062916336;0.062811849;0.061417425;0.0605142;0.062618438;0.064993766,4;4;4;4;4;4;4;4;4;4;4;4;4;4;4;4,2;2;2;2;2;2;2;2;2;2;2;2;2;2;2;2,2;2;2;2;2;2;2;2;2;2;2;2;2;2;2;2,0.0,4.0,4,0.0,random,"6,7,8,9|3,11,13,14|2,4,10,12|0,1,5,15",2,7.0,1.0,1.0,pgm_fixed_global,1.0,0.9941487017250551,0.25523154386718166,0.007856533432320068,0.07647297705577347,0.16666666666666666,-2.255851298274945,-0.5,,pgm_approx,approximate,optimized,0.0,0.0,0.0,0.0,0.0,,,
16,near_uniform,0.02,3162,0.063965068;0.063395228;0.063714073;0.062663985;0.063484934;0.060280704;0.060679199;0.062348866;0.060484074;0.063711857;0.062916336;0.062811849;0.061417425;0.0605142;0.062618438;0.064993766,4;4;4;4;4;4;4;4;4;4;4;4;4;4;4;4,2;2;2;2;2;2;2;2;2;2;2;2;2;2;2;2,2;2;2;2;2;2;2;2;2;2;2;2;2;2;2;2,0.0,4.0,4,0.0,probability_aware,"6,11,12,15|0,3,10,13|1,2,5,14|4,7,8,9",2,7.0,1.0,1.0,pgm_fixed_global,0.9999999999999997,0.994157762030587,0.2563847631095228,0.007856533432320068,0.07647367400235285,0.1666666666666666,-2.255842237969413,-0.5000000000000003,,pgm_approx,approximate,optimized,0.0,0.0,0.0,0.0,0.0,,,
16,near_uniform,0.02,3162,0.063965068;0.063395228;0.063714073;0.062663985;0.063484934;0.060280704;0.060679199;0.062348866;0.060484074;0.063711857;0.062916336;0.062811849;0.061417425;0.0605142;0.062618438;0.064993766,4;4;4;4;4;4;4;4;4;4;4;4;4;4;4;4,2;2;2;2;2;2;2;2;2;2;2;2;2;2;2;2,2;2;2;2;2;2;2;2;2;2;2;2;2;2;2;2,0.0,4.0,4,0.0,overlap_aware,"6,11,12,15|0,3,10,13|1,2,5,14|4,7,8,9",2,7.0,1.0,1.0,pgm_fixed_global,0.9999999999999997,0.994157762030587,0.2563847631095228,0.007856533432320068,0.07647367400235285,0.1666666666666666,-2.255842237969413,-0.5000000000000003,,pgm_approx,approximate,optimized,0.0,0.0,0.0,0.0,0.0,,,
16,near_uniform,0.02,3162,0.063965068;0.063395228;0.063714073;0.062663985;0.063484934;0.060280704;0.060679199;0.062348866;0.060484074;0.063711857;0.062916336;0.062811849;0.061417425;0.0605142;0.062618438;0.064993766,4;4;4;4;4;4;4;4;4;4;4;4;4;4;4;4,2;2;2;2;2;2;2;2;2;2;2;2;2;2;2;2,2;2;2;2;2;2;2;2;2;2;2;2;2;2;2;2,0.0,4.0,4,0.0,overlap_aware,"6,11,12,15|0,3,10,13|1,2,5,14|4,7,8,9",2,7.0,0.9999999999999999,0.9999999999999999,equal_support,0.9999999999999996,0.9941577620305869,0.2563847631095228,0.007856533432320068,0.07647367400235285,0.1666666666666666,-2.2558422379694125,-0.5000000000000002,,pgm_approx,approximate,optimized,0.0,0.0,0.0,0.0,0.0,,,
16,near_uniform,0.02,3162,0.063965068;0.063395228;0.063714073;0.062663985;0.063484934;0.060280704;0.060679199;0.062348866;0.060484074;0.063711857;0.062916336;0.062811849;0.061417425;0.0605142;0.062618438;0.064993766,4;4;4;4;4;4;4;4;4;4;4;4;4;4;4;4,2;2;2;2;2;2;2;2;2;2;2;2;2;2;2;2,2;2;2;2;2;2;2;2;2;2;2;2;2;2;2;2,0.05,4.0,4,0.0,overlap_aware,"6,11,12,15|0,1,7,13|2,3,5,10|4,8,9,14",2,7.0,0.8818223530366913,0.8818223530366913,random_support,0.9999999999999998,0.9941577620305871,0.2563847631095228,0.007856533432320068,0.07647367400235286,0.16666666666666663,-1.87176488533866,-0.3227335295550373,,pgm_approx,approximate,optimized,0.01161451765150379,0.0,0.01161451765150379,0.0,0.25,,,
16,near_uniform,0.08,3168,0.062583341;0.065349445;0.069325562;0.064487926;0.063739677;0.055020465;0.057892428;0.061110532;0.068241234;0.056076489;0.072352297;0.056733956;0.065568455;0.057809979;0.056041579;0.067666634,4;4;4;4;4;4;4;4;4;4;4;4;4;4;4;4,2;2;2;2;2;2;2;2;2;2;2;2;2;2;2;2,2;2;2;2;2;2;2;2;2;2;2;2;2;2;2;2,0.0,4.0,4,0.0,random,"0,5,9,10|2,6,7,12|8,11,13,15|1,3,4,14",2,7.0,0.9999999999999998,0.9999999999999998,pgm_fixed_global,0.9999999999999999,0.9943061230430752,0.2752685384750874,0.007856533432320068,0.07648508638792886,0.16666666666666666,-2.255693876956924,-0.49999999999999967,,pgm_approx,approximate,optimized,0.0,0.0,0.0,0.0,0.0,,,
16,near_uniform,0.08,3168,0.062583341;0.065349445;0.069325562;0.064487926;0.063739677;0.055020465;0.057892428;0.061110532;0.068241234;0.056076489;0.072352297;0.056733956;0.065568455;0.057809979;0.056041579;0.067666634,4;4;4;4;4;4;4;4;4;4;4;4;4;4;4;4,2;2;2;2;2;2;2;2;2;2;2;2;2;2;2;2,2;2;2;2;2;2;2;2;2;2;2;2;2;2;2;2,0.0,4.0,4,0.0,probability_aware,"4,9,10,13|2,3,6,11|1,7,8,14|0,5,12,15",2,7.0,0.9999999999999998,0.9999999999999998,pgm_fixed_global,0.9999999999999999,0.9943243281145236,0.2775857272970098,0.007856533432320068,0.07648648677804028,0.16666666666666666,-2.2556756718854754,-0.49999999999999967,,pgm_approx,approximate,optimized,0.0,0.0,0.0,0.0,0.0,,,
16,near_uniform,0.08,3168,0.062583341;0.065349445;0.069325562;0.064487926;0.063739677;0.055020465;0.057892428;0.061110532;0.068241234;0.056076489;0.072352297;0.056733956;0.065568455;0.057809979;0.056041579;0.067666634,4;4;4;4;4;4;4;4;4;4;4;4;4;4;4;4,2;2;2;2;2;2;2;2;2;2;2;2;2;2;2;2,2;2;2;2;2;2;2;2;2;2;2;2;2;2;2;2,0.0,4.0,4,0.0,overlap_aware,"4,9,10,13|2,3,6,11|1,7,8,14|0,5,12,15",2,7.0,0.9999999999999998,0.9999999999999998,pgm_fixed_global,0.9999999999999999,0.9943243281145236,0.2775857272970098,0.007856533432320068,0.07648648677804028,0.16666666666666666,-2.2556756718854754,-0.49999999999999967,,pgm_approx,approximate,optimized,0.0,0.0,0.0,0.0,0.0,,,
16,near_uniform,0.08,3168,0.062583341;0.065349445;0.069325562;0.064487926;0.063739677;0.055020465;0.057892428;0.061110532;0.068241234;0.056076489;0.072352297;0.056733956;0.065568455;0.057809979;0.056041579;0.067666634,4;4;4;4;4;4;4;4;4;4;4;4;4;4;4;4,2;2;2;2;2;2;2;2;2;2;2;2;2;2;2;2,2;2;2;2;2;2;2;2;2;2;2;2;2;2;2;2,0.0,4.0,4,0.0,overlap_aware,"4,9,10,13|2,3,6,11|1,7,8,14|0,5,12,15",2,7.0,0.9999999999999998,0.9999999999999998,equal_support,0.9999999999999998,0.9943243281145235,0.2775857272970098,0.007856533432320068,0.07648648677804028,0.16666666666666663,-2.2556756718854754,-0.4999999999999998,,pgm_approx,approximate,optimized,0.0,0.0,0.0,0.0,0.0,,,
16,near_uniform,0.08,3168,0.062583341;0.065349445;0.069325562;0.064487926;0.063739677;0.055020465;0.057892428;0.061110532;0.068241234;0.056076489;0.072352297;0.056733956;0.065568455;0.057809979;0.056041579;0.067666634,4;4;4;4;4;4;4;4;4;4;4;4;4;4;4;4,2;2;2;2;2;2;2;2;2;2;2;2;2;2;2;2,2;2;2;2;2;2;2;2;2;2;2;2;2;2;2;2,0.06666666666666667,4.0,4,0.0,overlap_aware,"4,10,11,13|2,3,5,6|1,7,8,9|0,12,14,15",2,7.0,0.8510254024278546,0.8510254024278546,random_support,0.9920330765147171,0.9864199970299556,0.2775857272970098,0.007856533432320068,0.07587846130999659,0.16533884608578617,-1.779412560860572,-0.28450502712706494,,pgm_approx,approximate,optimized,0.015287720738501803,0.0008870389279639915,0.01440068181053781,0.24999999999999994,0.25,,,
16,strong_skew,0.65,4225,0.65;0.023333333;0.023333333;0.023333333;0.023333333;0.023333333;0.023333333;0.023333333;0.023333333;0.023333333;0.023333333;0.023333333;0.023333333;0.023333333;0.023333333;0.023333333,1;5;5;5;5;5;5;5;5;5;5;5;5;5;5;4,32;2;2;2;2;2;2;2;2;2;2;2;2;2;2;4,32;2;2;2;2;2;2;2;2;2;2;2;2;2;2;4,0.06198347107438017,2.3766666666666665,4,1.6233333333333335,random,"0,1,5,13|4,7,11,12|2,6,8,9|3,10,14,15",2,7.0,0.9955434565337017,0.9955434565337017,pgm_fixed_global,0.9989542500673472,0.9967626366756054,0.7200000000000001,0.007856533432320068,0.08761464723196062,0.22824544936801533,-1.8347288776156643,-0.09033621528994473,,pgm_approx,approximate,optimized,0.0019946186993682817,0.00047862460144403545,0.0015159940979242463,0.029254478021791576,0.06032946747650415,,,
16,strong_skew,0.65,4225,0.65;0.023333333;0.023333333;0.023333333;0.023333333;0.023333333;0.023333333;0.023333333;0.023333333;0.023333333;0.023333333;0.023333333;0.023333333;0.023333333;0.023333333;0.023333333,1;5;5;5;5;5;5;5;5;5;5;5;5;5;5;4,32;2;2;2;2;2;2;2;2;2;2;2;2;2;2;4,32;2;2;2;2;2;2;2;2;2;2;2;2;2;2;4,0.06198347107438017,2.3766666666666665,4,1.6233333333333335,probability_aware,"0|1,4,7,10,13|2,5,8,11,14|3,6,9,12,15",2,7.0,0.9955434565337017,0.9955434565337017,pgm_fixed_global,1.0,0.9978001706389504,0.7200000000000001,0.007856533432320068,0.08770584564655293,0.22848438690022846,-1.8336913436523194,-0.0892904653572919,,pgm_approx,approximate,optimized,0.0019946186993682817,0.0,0.0019946186993682817,0.0,0.06032946747650415,,0.0,
16,strong_skew,0.65,4225,0.65;0.023333333;0.023333333;0.023333333;0.023333333;0.023333333;0.023333333;0.023333333;0.023333333;0.023333333;0.023333333;0.023333333;0.023333333;0.023333333;0.023333333;0.023333333,1;5;5;5;5;5;5;5;5;5;5;5;5;5;5;4,32;2;2;2;2;2;2;2;2;2;2;2;2;2;2;4,32;2;2;2;2;2;2;2;2;2;2;2;2;2;2;4,0.06198347107438017,2.3766666666666665,4,1.6233333333333335,overlap_aware,"0|1,4,7,10,13|2,5,8,11,14|3,6,9,12,15",2,7.0,0.9955434565337017,0.9955434565337017,pgm_fixed_global,1.0,0.9978001706389504,0.7200000000000001,0.007856533432320068,0.08770584564655293,0.22848438690022846,-1.8336913436523194,-0.0892904653572919,,pgm_approx,approximate,optimized,0.0019946186993682817,0.0,0.0019946186993682817,0.0,0.06032946747650415,,0.0,
16,strong_skew,0.65,4225,0.65;0.023333333;0.023333333;0.023333333;0.023333333;0.023333333;0.023333333;0.023333333;0.023333333;0.023333333;0.023333333;0.023333333;0.023333333;0.023333333;0.023333333;0.023333333,4;4;4;4;4;4;4;4;4;4;4;4;4;4;4;4,4;4;4;4;4;4;4;4;4;4;4;4;4;4;4;4,4;4;4;4;4;4;4;4;4;4;4;4;4;4;4;4,0.0,4.0,4,0.0,overlap_aware,"0|1,4,7,10,13|2,5,8,11,14|3,6,9,12,15",2,7.0,1.0,1.0,equal_support,1.0,0.9978001706389504,0.7200000000000001,0.007856533432320068,0.07675385927991926,0.16666666666666666,-2.2521998293610497,-0.5,,pgm_approx,approximate,optimized,0.0,0.0,0.0,0.0,0.0,,0.0,0.0
16,strong_skew,0.65,4225,0.65;0.023333333;0.023333333;0.023333333;0.023333333;0.023333333;0.023333333;0.023333333;0.023333333;0.023333333;0.023333333;0.023333333;0.023333333;0.023333333;0.023333333;0.023333333,1;5;5;5;5;5;5;5;5;5;5;5;5;5;5;4,32;2;2;2;2;2;2;2;2;2;2;2;2;2;2;4,32;2;2;2;2;2;2;2;2;2;2;2;2;2;2;4,0.1115702479338843,2.3766666666666665,4,1.6233333333333335,overlap_aware,"0|1,4,7,10,13|2,5,8,12,14|3,6,9,11,15",2,7.0,0.959717359844562,0.959717359844562,random_support,0.9968739260883036,0.9946986568314532,0.7200000000000001,0.007856533432320068,0.08743322503645941,0.2277701278191097,-1.7348974674597883,-0.05321681847495474,,pgm_approx,approximate,optimized,0.003940251948849507,0.00013611111111111107,0.003804140837738396,0.2499999999999999,0.25,,0.0,0.0
16,strong_skew,0.8,4240,0.8;0.013333333;0.013333333;0.013333333;0.013333333;0.013333333;0.013333333;0.013333333;0.013333333;0.013333333;0.013333333;0.013333333;0.013333333;0.013333333;0.013333333;0.013333333,1;5;5;5;5;5;5;5;5;5;5;5;5;5;5;4,32;2;2;2;2;2;2;2;2;2;2;2;2;2;2;4,32;2;2;2;2;2;2;2;2;2;2;2;2;2;2;4,0.06198347107438017,1.7866666666666666,4,2.2133333333333334,random,"2,4,5,14|3,6,11,12|7,8,10,13|0,1,9,15",2,7.0,0.9958510432885115,0.9958510432885115,pgm_fixed_global,0.9999811026255766,0.9987242057442592,0.8400000000000001,0.007856533432320068,0.09258877061905987,0.2640795165384445,-1.6867541076570935,0.05724211497911902,,pgm_approx,approximate,optimized,0.002039368136469661,9.635762961972431e-06,0.0020297323735076886,0.0009033527776849155,0.05982345558758634,,,
16,strong_skew,0.8,4240,0.8;0.013333333;0.013333333;0.013333333;0.013333333;0.013333333;0.013333333;0.013333333;0.013333333;0.013333333;0.013333333;0.013333333;0.013333333;0.013333333;0.013333333;0.013333333,1;5;5;5;5;5;5;5;5;5;5;5;5;5;5;4,32;2;2;2;2;2;2;2;2;2;2;2;2;2;2;4,32;2;2;2;2;2;2;2;2;2;2;2;2;2;2;4,0.06198347107438017,1.7866666666666666,4,2.2133333333333334,probability_aware,"0|1,4,7,10,13|2,5,8,11,14|3,6,9,12,15",2,7.0,0.9958510432885115,0.9958510432885115,pgm_fixed_global,1.0,0.9987429546508287,0.84,0.007856533432320068,0.0925905087747987,0.2640845070422535,-1.686735358750524,0.05726101235354242,,pgm_approx,approximate,optimized,0.002039368136469661,0.0,0.002039368136469661,0.0,0.05982345558758634,,0.0,
16,strong_skew,0.8,4240,0.8;0.013333333;0.013333333;0.013333333;0.013333333;0.013333333;0.013333333;0.013333333;0.013333333;0.013333333;0.013333333;0.013333333;0.013333333;0.013333333;0.013333333;0.013333333,1;5;5;5;5;5;5;5;5;5;5;5;5;5;5;4,32;2;2;2;2;2;2;2;2;2;2;2;2;2;2;4,32;2;2;2;2;2;2;2;2;2;2;2;2;2;2;4,0.06198347107438017,1.7866666666666666,4,2.2133333333333334,overlap_aware,"0|1,4,7,10,13|2,5,8,11,14|3,6,9,12,15",2,7.0,0.9958510432885115,0.9958510432885115,pgm_fixed_global,1.0,0.9987429546508287,0.84,0.007856533432320068,0.0925905087747987,0.2640845070422535,-1.686735358750524,0.05726101235354242,,pgm_approx,approximate,optimized,0.002039368136469661,0.0,0.002039368136469661,0.0,0.05982345558758634,,0.0,
16,strong_skew,0.8,4240,0.8;0.013333333;0.013333333;0.013333333;0.013333333;0.013333333;0.013333333;0.013333333;0.013333333;0.013333333;0.013333333;0.013333333;0.013333333;0.013333333;0.013333333;0.013333333,4;4;4;4;4;4;4;4;4;4;4;4;4;4;4;4,4;4;4;4;4;4;4;4;4;4;4;4;4;4;4;4,4;4;4;4;4;4;4;4;4;4;4;4;4;4;4;4,0.0,4.0,4,0.0,overlap_aware,"0|1,4,7,10,13|2,5,8,11,14|3,6,9,12,15",2,7.0,0.9999999999999998,0.9999999999999998,equal_support,1.0,0.9987429546508287,0.84,0.007856533432320068,0.07682638112698682,0.16666666666666666,-2.2512570453491705,-0.49999999999999956,,pgm_approx,approximate,optimized,0.0,0.0,0.0,0.0,0.0,,0.0,0.0
16,strong_skew,0.8,4240,0.8;0.013333333;0.013333333;0.013333333;0.013333333;0.013333333;0.013333333;0.013333333;0.013333333;0.013333333;0.013333333;0.013333333;0.013333333;0.013333333;0.013333333;0.013333333,1;5;5;5;5;5;5;5;5;5;5;5;5;5;5;4,32;2;2;2;2;2;2;2;2;2;2;2;2;2;2;4,32;2;2;2;2;2;2;2;2;2;2;2;2;2;2;4,0.128099173553719,1.7866666666666666,4,2.2133333333333334,overlap_aware,"0|1,4,7,11,13|2,5,8,10,14|3,6,9,12,15",2,7.0,0.9813384573195453,0.9813384573195453,random_support,0.996952949354693,0.9957198432607866,0.84,0.007856533432320068,0.09231024504889862,0.26327982817465484,-1.6506228633109206,0.06795254309219023,,pgm_approx,approximate,optimized,0.002520216484456156,8.888888888888883e-05,0.0024313275955672674,0.2499999999999999,0.25,,0.0,0.0
16,strong_skew,0.9,4250,0.9;0.0066666667;0.0066666667;0.0066666667;0.0066666667;0.0066666667;0.0066666667;0.0066666667;0.0066666667;0.0066666667;0.0066666667;0.0066666667;0.0066666667;0.0066666667;0.0066666667;0.0066666667,1;5;5;5;5;5;5;5;5;5;5;5;5;5;5;4,32;2;2;2;2;2;2;2;2;2;2;2;2;2;2;4,32;2;2;2;2;2;2;2;2;2;2;2;2;2;2;4,0.06198347107438017,1.3933333333333333,4,2.6066666666666665,random,"1,2,5,9|6,8,11,13|0,7,12,15|3,4,10,14",2,7.0,0.9985640864777499,0.9985640864777499,pgm_fixed_global,0.9996669072556834,0.9990410015353797,0.92,0.007856533432320068,0.09612325223239701,0.29459732040933695,-1.5955613498293075,0.1525517072270589,,pgm_approx,approximate,optimized,0.0007470102027365723,0.00017642114311258817,0.0005705890596239842,0.029403523852098032,0.04185051197692591,,,
16,strong_skew,0.9,4250,0.9;0.0066666667;0.0066666667;0.0066666667;0.0066666667;0.0066666667;0.0066666667;0.0066666667;0.0066666667;0.0066666667;0.0066666667;0.0066666667;0.0066666667;0.0066666667;0.0066666667;0.0066666667,1;5;5;5;5;5;5;5;5;5;5;5;5;5;5;4,32;2;2;2;2;2;2;2;2;2;2;2;2;2;2;4,32;2;2;2;2;2;2;2;2;2;2;2;2;2;2;4,0.06198347107438017,1.3933333333333333,4,2.6066666666666665,probability_aware,"0|1,4,7,10,13|2,5,8,11,14|3,6,9,12,15",2,7.0,0.9985640864777499,0.9985640864777499,pgm_fixed_global,1.0,0.9993714773254144,0.9200000000000002,0.007856533432320068,0.09615504913329836,0.29469548133595286,-1.5952308740392729,0.1528847999713755,,pgm_approx,approximate,optimized,0.0007470102027365723,0.0,0.0007470102027365723,0.0,0.04185051197692591,,0.0,
16,strong_skew,0.9,4250,0.9;0.0066666667;0.0066666667;0.0066666667;0.0066666667;0.0066666667;0.0066666667;0.0066666667;0.0066666667;0.0066666667;0.0066666667;0.0066666667;0.0066666667;0.0066666667;0.0066666667;0.0066666667,1;5;5;5;5;5;5;5;5;5;5;5;5;5;5;4,32;2;2;2;2;2;2;2;2;2;2;2;2;2;2;4,32;2;2;2;2;2;2;2;2;2;2;2;2;2;2;4,0.06198347107438017,1.3933333333333333,4,2.6066666666666665,overlap_aware,"0|1,4,7,10,13|2,5,8,11,14|3,6,9,12,15",2,7.0,0.9985640864777499,0.9985640864777499,pgm_fixed_global,1.0,0.9993714773254144,0.9200000000000002,0.007856533432320068,0.09615504913329836,0.29469548133595286,-1.5952308740392729,0.1528847999713755,,pgm_approx,approximate,optimized,0.0007470102027365723,0.0,0.0007470102027365723,0.0,0.04185051197692591,,0.0,
16,strong_skew,0.9,4250,0.9;0.0066666667;0.0066666667;0.0066666667;0.0066666667;0.0066666667;0.0066666667;0.0066666667;0.0066666667;0.0066666667;0.0066666667;0.0066666667;0.0066666667;0.0066666667;0.0066666667;0.0066666667,4;4;4;4;4;4;4;4;4;4;4;4;4;4;4;4,4;4;4;4;4;4;4;4;4;4;4;4;4;4;4;4,4;4;4;4;4;4;4;4;4;4;4;4;4;4;4;4,0.0,4.0,4,0.0,overlap_aware,"0|1,4,7,10,13|2,5,8,11,14|3,6,9,12,15",2,7.0,0.9999999999999999,0.9999999999999999,equal_support,1.0,0.9993714773254144,0.9200000000000002,0.007856533432320068,0.07687472902503188,0.16666666666666666,-2.2506285226745852,-0.4999999999999998,,pgm_approx,approximate,optimized,0.0,0.0,0.0,0.0,0.0,,0.0,0.0
16,strong_skew,0.9,4250,0.9;0.0066666667;0.0066666667;0.0066666667;0.0066666667;0.0066666667;0.0066666667;0.0066666667;0.0066666667;0.0066666667;0.0066666667;0.0066666667;0.0066666667;0.0066666667;0.0066666667;0.0066666667,1;5;5;5;5;5;5;5;5;5;5;5;5;5;5;4,32;2;2;2;2;2;2;2;2;2;2;2;2;2;2;4,32;2;2;2;2;2;2;2;2;2;2;2;2;2;2;4,0.09917355371900827,1.3933333333333333,4,2.6066666666666665,overlap_aware,"0|1,4,7,10,14|2,5,8,11,13|3,6,9,12,15",2,7.0,0.99196566141887,0.99196566141887,random_support,0.9991029658608493,0.998481490764968,0.9200000000000002,0.007856533432320068,0.09606941861112583,0.29443112942854105,-1.5789759528217295,0.1575854297571746,,pgm_approx,approximate,optimized,0.0012090174048859893,1.1111111111111105e-05,0.0011979062937748782,0.12499999999999997,0.24999999999999994,,0.0,0.0
32,zipf,0.2,1322,0.051240484;0.044607432;0.041132866;0.038833025;0.037138061;0.03580824;0.034721111;0.033806112;0.033019061;0.03233056;0.03172011;0.031172884;0.030677824;0.030226483;0.029812265;0.02942993;0.029075249;0.028744763;0.028435607;0.028145387;0.027872079;0.02761396;0.02736955;0.027137571;0.026916911;0.026706597;0.026505773;0.026313682;0.026129652;0.025953084;0.025783442;0.025620242,5;5;5;5;5;5;5;5;5;5;5;5;5;5;5;5;5;5;5;5;5;5;5;5;5;5;5;5;5;5;5;5,2;2;2;2;2;2;2;2;2;2;2;2;2;2;2;2;2;2;2;2;2;2;2;2;2;2;2;2;2;2;2;2,2;2;2;2;2;2;2;2;2;2;2;2;2;2;2;2;2;2;2;2;2;2;2;2;2;2;2;2;2;2;2;2,0.0,5.0,5,0.0,random,"1,4,8,21,29,31|5,11,13,15,23,28|12,19,20,24,26|2,6,7,16,30|0,17,18,22,25|3,9,10,14,27",3,7.0,0.9999999999999999,0.9999999999999999,pgm_fixed_global,0.9999999999999997,0.9940471036195381,0.24229987287107285,0.007856533432320068,0.0662698069079692,0.12499999999999996,-2.0059528963804616,-0.6000000000000002,,pgm_approx,approximate,optimized,0.0,0.0,0.0,0.0,0.0,,,
32,zipf,0.2,1322,0.051240484;0.044607432;0.041132866;0.038833025;0.037138061;0.03580824;0.034721111;0.033806112;0.033019061;0.03233056;0.03172011;0.031172884;0.030677824;0.030226483;0.029812265;0.02942993;0.029075249;0.028744763;0.028435607;0.028145387;0.027872079;0.02761396;0.02736955;0.027137571;0.026916911;0.026706597;0.026505773;0.026313682;0.026129652;0.025953084;0.025783442;0.025620242,5;5;5;5;5;5;5;5;5;5;5;5;5;5;5;5;5;5;5;5;5;5;5;5;5;5;5;5;5;5;5;5,2;2;2;2;2;2;2;2;2;2;2;2;2;2;2;2;2;2;2;2;2;2;2;2;2;2;2;2;2;2;2;2,2;2;2;2;2;2;2;2;2;2;2;2;2;2;2;2;2;2;2;2;2;2;2;2;2;2;2;2;2;2;2;2,0.0,5.0,5,0.0,probability_aware,"0,11,17,23,29|1,10,16,22,28|2,9,15,21,27|3,8,14,20,25,31|4,7,13,18,26,30|5,6,12,19,24",3,7.0,0.9999999999999999,0.9999999999999999,pgm_fixed_global,0.9999999999999996,0.9940978586852071,0.2487601095780494,0.007856533432320068,0.0662731905790138,0.12499999999999994,-2.0059021413147926,-0.6000000000000003,,pgm_approx,approximate,optimized,0.0,0.0,0.0,0.0,0.0,,,
32,zipf,0.2,1322,0.051240484;0.044607432;0.041132866;0.038833025;0.037138061;0.03580824;0.034721111;0.033806112;0.033019061;0.03233056;0.03172011;0.031172884;0.030677824;0.030226483;0.029812265;0.02942993;0.029075249;0.028744763;0.028435607;0.028145387;0.027872079;0.02761396;0.02736955;0.027137571;0.026916911;0.026706597;0.026505773;0.026313682;0.026129652;0.025953084;0.025783442;0.025620242,5;5;5;5;5;5;5;5;5;5;5;5;5;5;5;5;5;5;5;5;5;5;5;5;5;5;5;5;5;5;5;5,2;2;2;2;2;2;2;2;2;2;2;2;2;2;2;2;2;2;2;2;2;2;2;2;2;2;2;2;2;2;2;2,2;2;2;2;2;2;2;2;2;2;2;2;2;2;2;2;2;2;2;2;2;2;2;2;2;2;2;2;2;2;2;2,0.0,5.0,5,0.0,overlap_aware,"0,11,17,23,29|1,10,16,22,28|2,9,15,21,27|3,8,14,20,25,31|4,7,13,18,26,30|5,6,12,19,24",3,7.0,0.9999999999999999,0.9999999999999999,pgm_fixed_global,0.9999999999999996,0.9940978586852071,0.2487601095780494,0.007856533432320068,0.0662731905790138,0.12499999999999994,-2.0059021413147926,-0.6000000000000003,,pgm_approx,approximate,optimized,0.0,0.0,0.0,0.0,0.0,,,
32,zipf,0.2,1322,0.051240484;0.044607432;0.041132866;0.038833025;0.037138061;0.03580824;0.034721111;0.033806112;0.033019061;0.03233056;0.03172011;0.031172884;0.030677824;0.030226483;0.029812265;0.02942993;0.029075249;0.028744763;0.028435607;0.028145387;0.027872079;0.02761396;0.02736955;0.027137571;0.026916911;0.026706597;0.026505773;0.026313682;0.026129652;0.025953084;0.025783442;0.025620242,5;5;5;5;5;5;5;5;5;5;5;5;5;5;5;5;5;5;5;5;5;5;5;5;5;5;5;5;5;5;5;5,2;2;2;2;2;2;2;2;2;2;2;2;2;2;2;2;2;2;2;2;2;2;2;2;2;2;2;2;2;2;2;2,2;2;2;2;2;2;2;2;2;2;2;2;2;2;2;2;2;2;2;2;2;2;2;2;2;2;2;2;2;2;2;2,0.0,5.0,5,0.0,overlap_aware,"0,11,17,23,29|1,10,16,22,28|2,9,15,21,27|3,8,14,20,25,31|4,7,13,18,26,30|5,6,12,19,24",3,7.0,1.0,1.0,equal_support,0.9999999999999997,0.9940978586852072,0.2487601095780494,0.007856533432320068,0.0662731905790138,0.12499999999999996,-2.0059021413147926,-0.6000000000000004,,pgm_approx,approximate,optimized,0.0,0.0,0.0,0.0,0.0,,,
32,zipf,0.2,1322,0.051240484;0.044607432;0.041132866;0.038833025;0.037138061;0.03580824;0.034721111;0.033806112;0.033019061;0.03233056;0.03172011;0.031172884;0.030677824;0.030226483;0.029812265;0.02942993;0.029075249;0.028744763;0.028435607;0.028145387;0.027872079;0.02761396;0.02736955;0.027137571;0.026916911;0.026706597;0.026505773;0.026313682;0.026129652;0.025953084;0.025783442;0.025620242,5;5;5;5;5;5;5;5;5;5;5;5;5;5;5;5;5;5;5;5;5;5;5;5;5;5;5;5;5;5;5;5,2;2;2;2;2;2;2;2;2;2;2;2;2;2;2;2;2;2;2;2;2;2;2;2;2;2;2;2;2;2;2;2,2;2;2;2;2;2;2;2;2;2;2;2;2;2;2;2;2;2;2;2;2;2;2;2;2;2;2;2;2;2;2;2,0.03125,5.0,5,0.0,overlap_aware,"0,11,17,23,27|1,10,16,21,29|2,9,15,22,28|3,8,14,20,25,31|4,7,13,18,26,30|5,6,12,19,24",3,7.0,0.8578124782236863,0.8578124782236863,random_support,0.9999999999999997,0.9940978586852072,0.2487601095780494,0.007856533432320068,0.0662731905790138,0.12499999999999996,-1.5793395759858522,-0.3724999651578985,,pgm_approx,approximate,optimized,0.0071626305443867845,0.0,0.0071626305443867845,0.0,0.2500000000000001,,,
32,zipf,0.8,1328,0.17877634;0.10268004;0.074235739;0.058974198;0.049332603;0.042637235;0.037690475;0.033871782;0.030825919;0.02833414;0.026254025;0.024488661;0.022969702;0.021647493;0.02048505;0.01945423;0.018533221;0.017704841;0.016955366;0.01627369;0.01565073;0.015078978;0.01455217;0.014065042;0.013613131;0.013192629;0.012800267;0.01243322;0.012089035;0.011765572;0.011460952;0.011173521,3;3;4;4;4;5;5;5;5;5;5;5;5;5;6;6;6;6;6;6;6;6;6;6;6;6;6;6;6;6;6;6,16;16;8;8;8;4;4;4;4;4;4;4;4;4;2;2;2;2;2;2;2;2;2;2;2;2;2;2;2;2;2;2,16;16;8;8;8;4;4;4;4;4;4;4;4;4;2;2;2;2;2;2;2;2;2;2;2;2;2;2;2;2;2;2,0.027823240589198037,4.521826341882971,5,0.4781736581170293,random,"3,8,11,20,29,30|1,7,10,14,21,27|4,18,19,22,26|2,9,15,16,25|0,5,6,12,23|13,17,24,28,31",3,7.0,0.9843770254685378,0.9843770254685378,pgm_fixed_global,0.9987282796746165,0.9946972348529528,0.48564641521249136,0.007856533432320068,0.06849670361255508,0.13277736473567678,-1.8642932089057302,-0.48213432842811377,,pgm_approx,approximate,optimized,0.0012090305229598098,0.0001004386026929327,0.0011085919202668772,0.0625,0.12499999999999994,,,
32,zipf,0.8,1328,0.17877634;0.10268004;0.074235739;0.058974198;0.049332603;0.042637235;0.037690475;0.033871782;0.030825919;0.02833414;0.026254025;0.024488661;0.022969702;0.021647493;0.02048505;0.01945423;0.018533221;0.017704841;0.016955366;0.01627369;0.01565073;0.015078978;0.01455217;0.014065042;0.013613131;0.013192629;0.012800267;0.01243322;0.012089035;0.011765572;0.011460952;0.011173521,3;3;4;4;4;5;5;5;5;5;5;5;5;5;6;6;6;6;6;6;6;6;6;6;6;6;6;6;6;6;6;6,16;16;8;8;8;4;4;4;4;4;4;4;4;4;2;2;2;2;2;2;2;2;2;2;2;2;2;2;2;2;2;2,16;16;8;8;8;4;4;4;4;4;4;4;4;4;2;2;2;2;2;2;2;2;2;2;2;2;2;2;2;2;2;2,0.027823240589198037,4.521826341882971,5,0.4781736581170293,probability_aware,"0|1,14,18,23,29|2,9,13,19,24,28|3,8,12,17,22,27|4,7,11,16,21,25,31|5,6,10,15,20,26,30",3,7.0,0.9843770254685378,0.9843770254685378,pgm_fixed_global,0.9987282796746163,0.9948621414657847,0.5066361576036829,0.007856533432320068,0.06850805938895328,0.13277736473567672,-1.8641283022928983,-0.482134328428114,,pgm_approx,approximate,optimized,0.0012090305229598098,0.0001004386026929327,0.0011085919202668772,0.0625,0.12499999999999994,,0.0,
32,zipf,0.8,1328,0.17877634;0.10268004;0.074235739;0.058974198;0.049332603;0.042637235;0.037690475;0.033871782;0.030825919;0.02833414;0.026254025;0.024488661;0.022969702;0.021647493;0.02048505;0.01945423;0.018533221;0.017704841;0.016955366;0.01627369;0.01565073;0.015078978;0.01455217;0.014065042;0.013613131;0.013192629;0.012800267;0.01243322;0.012089035;0.011765572;0.011460952;0.011173521,3;3;4;4;4;5;5;5;5;5;5;5;5;5;6;6;6;6;6;6;6;6;6;6;6;6;6;6;6;6;6;6,16;16;8;8;8;4;4;4;4;4;4;4;4;4;2;2;2;2;2;2;2;2;2;2;2;2;2;2;2;2;2;2,16;16;8;8;8;4;4;4;4;4;4;4;4;4;2;2;2;2;2;2;2;2;2;2;2;2;2;2;2;2;2;2,0.027823240589198037,4.521826341882971,5,0.4781736581170293,overlap_aware,"0|1,14,18,23,29|2,9,13,19,24,28|3,8,12,17,22,27|4,7,11,16,21,25,31|5,6,10,15,20,26,30",3,7.0,0.9843770254685378,0.9843770254685378,pgm_fixed_global,0.9987282796746163,0.9948621414657847,0.5066361576036829,0.007856533432320068,0.06850805938895328,0.13277736473567672,-1.8641283022928983,-0.482134328428114,,pgm_approx,approximate,optimized,0.0012090305229598098,0.0001004386026929327,0.0011085919202668772,0.0625,0.12499999999999994,,0.0,
32,zipf,0.8,1328,0.17877634;0.10268004;0.074235739;0.058974198;0.049332603;0.042637235;0.037690475;0.033871782;0.030825919;0.02833414;0.026254025;0.024488661;0.022969702;0.021647493;0.02048505;0.01945423;0.018533221;0.017704841;0.016955366;0.01627369;0.01565073;0.015078978;0.01455217;0.014065042;0.013613131;0.013192629;0.012800267;0.01243322;0.012089035;0.011765572;0.011460952;0.011173521,5;5;5;5;5;5;5;5;5;5;5;5;5;5;5;5;5;5;5;5;5;5;5;5;5;5;5;5;5;5;5;5,4;4;4;4;4;4;4;4;4;4;4;4;4;4;4;4;4;4;4;4;4;4;4;4;4;4;4;4;4;4;4;4,4;4;4;4;4;4;4;4;4;4;4;4;4;4;4;4;4;4;4;4;4;4;4;4;4;4;4;4;4;4;4;4,0.0,5.0,5,0.0,overlap_aware,"0|1,14,18,23,29|2,9,13,19,24,28|3,8,12,17,22,27|4,7,11,16,21,25,31|5,6,10,15,20,26,30",3,7.0,0.9999999999999999,0.9999999999999999,equal_support,1.0,0.9961238704779154,0.5066361576036829,0.007856533432320068,0.06640825803186103,0.125,-2.003876129522084,-0.5999999999999999,,pgm_approx,approximate,optimized,0.0,0.0,0.0,0.0,0.0,,0.0,0.0
32,zipf,0.8,1328,0.17877634;0.10268004;0.074235739;0.058974198;0.049332603;0.042637235;0.037690475;0.033871782;0.030825919;0.02833414;0.026254025;0.024488661;0.022969702;0.021647493;0.02048505;0.01945423;0.018533221;0.017704841;0.016955366;0.01627369;0.01565073;0.015078978;0.01455217;0.014065042;0.013613131;0.013192629;0.012800267;0.01243322;0.012089035;0.011765572;0.011460952;0.011173521,3;3;4;4;4;5;5;5;5;5;5;5;5;5;6;6;6;6;6;6;6;6;6;6;6;6;6;6;6;6;6;6,16;16;8;8;8;4;4;4;4;4;4;4;4;4;2;2;2;2;2;2;2;2;2;2;2;2;2;2;2;2;2;2,16;16;8;8;8;4;4;4;4;4;4;4;4;4;2;2;2;2;2;2;2;2;2;2;2;2;2;2;2;2;2;2,0.05564648117839607,4.521826341882971,5,0.4781736581170293,overlap_aware,"0|1,13,20,24,29|2,9,14,18,23,28|3,8,12,17,22,27|4,7,11,16,21,25,30|5,6,10,15,19,26,31",3,7.0,0.950405879651431,0.950405879651431,random_support,0.9981123666012393,0.99425106733406,0.5066361576036829,0.007856533432320068,0.0684659796864876,0.13269548128804282,-1.7660747603864615,-0.4316452296072788,,pgm_approx,approximate,optimized,0.003669966797625091,0.00016178500206959527,0.003508181795555496,0.03248363635934852,0.2499999999999999,,0.0,0.0
32,zipf,1.4,1334,0.40250761;0.15252186;0.086457833;0.057794979;0.042287898;0.032761392;0.026402001;0.021900202;0.01857097;0.016024117;0.014022464;0.012414246;0.011098222;0.010004488;0.0090833561;0.0082986247;0.0076233456;0.0070370817;0.0065240767;0.0060720048;0.0056710972;0.0053135203;0.004992926;0.0047041197;0.0044428136;0.0042054397;0.0039890073;0.0037909919;0.0036092495;0.0034419483;0.0032875149;0.0031445907,1;3;4;4;5;5;6;6;6;6;6;7;7;7;7;7;7;7;7;8;8;8;8;8;8;8;8;8;8;8;9;9,512;128;64;64;32;32;16;16;16;16;16;8;8;8;8;8;8;8;8;4;4;4;4;4;4;4;4;4;4;4;2;2,512;128;64;64;32;32;16;16;16;16;16;8;8;8;8;8;8;8;8;4;4;4;4;4;4;4;4;4;4;4;2;2,0.21453187823090178,3.358187412627829,5,1.6418125873721712,random,"10,22,24,25,26,27|0,1,3,9,13,23|7,11,12,18,28|8,14,15,29,30|2,4,5,17,20|6,16,19,21,31",3,7.0,0.9942196928559843,0.9942196928559843,pgm_fixed_global,0.9985997881905736,0.9952313882307492,0.569861084430017,0.007856533432320068,0.07450347547077624,0.1570573063334498,-1.6609632090683535,-0.2656872391101516,,pgm_approx,approximate,optimized,0.0003790836318387613,7.986094846348425e-05,0.0002992226833752771,0.12499999999999997,0.12499999999999997,,,
32,zipf,1.4,1334,0.40250761;0.15252186;0.086457833;0.057794979;0.042287898;0.032761392;0.026402001;0.021900202;0.01857097;0.016024117;0.014022464;0.012414246;0.011098222;0.010004488;0.0090833561;0.0082986247;0.0076233456;0.0070370817;0.0065240767;0.0060720048;0.0056710972;0.0053135203;0.004992926;0.0047041197;0.0044428136;0.0042054397;0.0039890073;0.0037909919;0.0036092495;0.0034419483;0.0032875149;0.0031445907,1;3;4;4;5;5;6;6;6;6;6;7;7;7;7;7;7;7;7;8;8;8;8;8;8;8;8;8;8;8;9;9,512;128;64;64;32;32;16;16;16;16;16;8;8;8;8;8;8;8;8;4;4;4;4;4;4;4;4;4;4;4;2;2,512;128;64;64;32;32;16;16;16;16;16;8;8;8;8;8;8;8;8;4;4;4;4;4;4;4;4;4;4;4;2;2,0.21453187823090178,3.358187412627829,5,1.6418125873721712,probability_aware,"0|1|2,14,20,23,27|3,8,12,15,21,22,29,30|4,7,10,13,17,19,24,26|5,6,9,11,16,18,25,28,31",3,7.0,0.9942196928559843,0.9942196928559843,pgm_fixed_global,0.9995032807922959,0.9977342118080318,0.7743315814030157,0.007856533432320068,0.07469083798486378,0.15719940541658284,-1.6584603854910709,-0.2647837465084293,,pgm_approx,approximate,optimized,0.0003790836318387613,9.900709510410678e-06,0.00036918292232835065,0.12499999999999997,0.12499999999999997,,0.0,
32,zipf,1.4,1334,0.40250761;0.15252186;0.086457833;0.057794979;0.042287898;0.032761392;0.026402001;0.021900202;0.01857097;0.016024117;0.014022464;0.012414246;0.011098222;0.010004488;0.0090833561;0.0082986247;0.0076233456;0.0070370817;0.0065240767;0.0060720048;0.0056710972;0.0053135203;0.004992926;0.0047041197;0.0044428136;0.0042054397;0.0039890073;0.0037909919;0.0036092495;0.0034419483;0.0032875149;0.0031445907,1;3;4;4;5;5;6;6;6;6;6;7;7;7;7;7;7;7;7;8;8;8;8;8;8;8;8;8;8;8;9;9,512;128;64;64;32;32;16;16;16;16;16;8;8;8;8;8;8;8;8;4;4;4;4;4;4;4;4;4;4;4;2;2,512;128;64;64;32;32;16;16;16;16;16;8;8;8;8;8;8;8;8;4;4;4;4;4;4;4;4;4;4;4;2;2,0.21453187823090178,3.358187412627829,5,1.6418125873721712,overlap_aware,"0|1|2,14,20,23,27|3,8,12,15,21,22,29,31|4,7,10,13,17,19,24,26|5,6,9,11,16,18,25,28,30",3,7.0,0.9942196928559843,0.9942196928559843,pgm_fixed_global,0.9997205073829274,0.9979497317506916,0.7743315814030157,0.007856533432320068,0.07470697190603157,0.15723357027781357,-1.6582448655484112,-0.2645665199177978,,pgm_approx,approximate,optimized,0.0003790836318387613,8.486277467245674e-06,0.00037059735437151565,0.06250000000000003,0.12499999999999997,,0.0,
32,zipf,1.4,1334,0.40250761;0.15252186;0.086457833;0.057794979;0.042287898;0.032761392;0.026402001;0.021900202;0.01857097;0.016024117;0.014022464;0.012414246;0.011098222;0.010004488;0.0090833561;0.0082986247;0.0076233456;0.0070370817;0.0065240767;0.0060720048;0.0056710972;0.0053135203;0.004992926;0.0047041197;0.0044428136;0.0042054397;0.0039890073;0.0037909919;0.0036092495;0.0034419483;0.0032875149;0.0031445907,5;5;5;5;5;5;5;5;5;5;5;5;5;5;5;5;5;5;5;5;5;5;5;5;5;5;5;5;5;5;5;5,32;32;32;32;32;32;32;32;32;32;32;32;32;32;32;32;32;32;32;32;32;32;32;32;32;32;32;32;32;32;32;32,32;32;32;32;32;32;32;32;32;32;32;32;32;32;32;32;32;32;32;32;32;32;32;32;32;32;32;32;32;32;32;32,0.0,5.0,5,0.0,overlap_aware,"0|1|2,14,20,23,27|3,8,12,15,21,22,29,30|4,7,10,13,17,19,24,26|5,6,9,11,16,18,25,28,31",3,7.0,0.9999999999999999,0.9999999999999999,equal_support,1.0,0.998227028524674,0.7743315814030157,0.007856533432320068,0.0665484685683116,0.125,-2.0017729714753254,-0.5999999999999999,,pgm_approx,approximate,optimized,0.0,0.0,0.0,0.0,0.0,,0.0,0.0
32,zipf,1.4,1334,0.40250761;0.15252186;0.086457833;0.057794979;0.042287898;0.032761392;0.026402001;0.021900202;0.01857097;0.016024117;0.014022464;0.012414246;0.011098222;0.010004488;0.0090833561;0.0082986247;0.0076233456;0.0070370817;0.0065240767;0.0060720048;0.0056710972;0.0053135203;0.004992926;0.0047041197;0.0044428136;0.0042054397;0.0039890073;0.0037909919;0.0036092495;0.0034419483;0.0032875149;0.0031445907,1;3;4;4;5;5;6;6;6;6;6;7;7;7;7;7;7;7;7;8;8;8;8;8;8;8;8;8;8;8;9;9,512;128;64;64;32;32;16;16;16;16;16;8;8;8;8;8;8;8;8;4;4;4;4;4;4;4;4;4;4;4;2;2,512;128;64;64;32;32;16;16;16;16;16;8;8;8;8;8;8;8;8;4;4;4;4;4;4;4;4;4;4;4;2;2,0.11171740379092475,3.358187412627829,5,1.6418125873721712,overlap_aware,"0|1|2,14,20,23,27|3,8,12,15,21,22,29,30|4,7,10,13,17,19,24,26|5,6,9,11,16,18,25,28,31",3,7.0,0.9973147277825458,0.9973147277825458,random_support,0.9995468895292401,0.9977774779314762,0.7743315814030157,0.007856533432320068,0.0746940769065908,0.15720626409093671,-1.6666859306871542,-0.26867590019382637,,pgm_approx,approximate,optimized,0.0002892535919764081,2.0987636172980686e-05,0.0002682659558034274,0.01397006692744649,0.062499999999999986,,0.0,0.0
32,zipf,2.0,1340,0.61951448;0.15487862;0.068834943;0.038719655;0.024780579;0.017208736;0.012643153;0.0096799138;0.007648327;0.0061951448;0.0051199544;0.0043021839;0.0036657662;0.0031607882;0.0027533977;0.0024199785;0.0021436487;0.0019120817;0.0017161066;0.0015487862;0.0014047947;0.0012799886;0.0011711049;0.001075546;0.00099122318;0.00091644155;0.00084981411;0.00079019705;0.00073664029;0.00068834943;0.00064465607;0.00060499461,1;2;4;4;5;6;6;7;7;7;8;8;8;8;9;9;9;9;9;9;9;10;10;10;10;10;10;10;10;10;11;11,2048;1024;256;256;128;64;64;32;32;32;16;16;16;16;8;8;8;8;8;8;8;4;4;4;4;4;4;4;4;4;2;2,2048;1024;256;256;128;64;64;32;32;32;16;16;16;16;8;8;8;8;8;8;8;4;4;4;4;4;4;4;4;4;2;2,0.5157187767933695,2.180985943913419,5,2.819014056086581,random,"10,11,12,20,23,24|9,15,17,28,29,31|1,5,6,22,27|3,7,14,16,18|0,4,19,21,30|2,8,13,25,26",3,7.0,0.9985985347087408,0.9985985347087408,pgm_fixed_global,0.9997401210605528,0.9989035784524801,0.8932628031341365,0.007856533432320068,0.08200514991576778,0.19296329538107307,-1.4338793645274617,-0.03500487332715174,,pgm_approx,approximate,optimized,7.499368917789722e-05,6.100681582571051e-06,6.889300759532618e-05,0.0625,0.12499999999999994,,,
32,zipf,2.0,1340,0.61951448;0.15487862;0.068834943;0.038719655;0.024780579;0.017208736;0.012643153;0.0096799138;0.007648327;0.0061951448;0.0051199544;0.0043021839;0.0036657662;0.0031607882;0.0027533977;0.0024199785;0.0021436487;0.0019120817;0.0017161066;0.0015487862;0.0014047947;0.0012799886;0.0011711049;0.001075546;0.00099122318;0.00091644155;0.00084981411;0.00079019705;0.00073664029;0.00068834943;0.00064465607;0.00060499461,1;2;4;4;5;6;6;7;7;7;8;8;8;8;9;9;9;9;9;9;9;10;10;10;10;10;10;10;10;10;11;11,2048;1024;256;256;128;64;64;32;32;32;16;16;16;16;8;8;8;8;8;8;8;4;4;4;4;4;4;4;4;4;2;2,2048;1024;256;256;128;64;64;32;32;32;16;16;16;16;8;8;8;8;8;8;8;4;4;4;4;4;4;4;4;4;2;2,0.5157187767933695,2.180985943913419,5,2.819014056086581,probability_aware,"0|1|2|3,11,14,16,20,23,25,29|4,7,9,12,15,18,21,24,27,30|5,6,8,10,13,17,19,22,26,28,31",3,7.0,0.9985985347087408,0.9985985347087408,pgm_fixed_global,0.9998435076257938,0.9992471457597093,0.9239370189406919,0.007856533432320068,0.08203335512910692,0.19298325037928388,-1.4335357972202325,-0.03490148676191074,,pgm_approx,approximate,optimized,7.499368917789722e-05,4.147507535132922e-06,7.08461816427643e-05,0.01464079247194511,0.12499999999999994,,0.0,
32,zipf,2.0,1340,0.61951448;0.15487862;0.068834943;0.038719655;0.024780579;0.017208736;0.012643153;0.0096799138;0.007648327;0.0061951448;0.0051199544;0.0043021839;0.0036657662;0.0031607882;0.0027533977;0.0024199785;0.0021436487;0.0019120817;0.0017161066;0.0015487862;0.0014047947;0.0012799886;0.0011711049;0.001075546;0.00099122318;0.00091644155;0.00084981411;0.00079019705;0.00073664029;0.00068834943;0.00064465607;0.00060499461,1;2;4;4;5;6;6;7;7;7;8;8;8;8;9;9;9;9;9;9;9;10;10;10;10;10;10;10;10;10;11;11,2048;1024;256;256;128;64;64;32;32;32;16;16;16;16;8;8;8;8;8;8;8;4;4;4;4;4;4;4;4;4;2;2,2048;1024;256;256;128;64;64;32;32;32;16;16;16;16;8;8;8;8;8;8;8;4;4;4;4;4;4;4;4;4;2;2,0.5157187767933695,2.180985943913419,5,2.819014056086581,overlap_aware,"0|1|2|3,11,14,16,20,23,25,29|4,7,9,12,15,18,21,24,27,30|5,6,8,10,13,17,19,22,26,28,31",3,7.0,0.9985985347087408,0.9985985347087408,pgm_fixed_global,0.9998435076257938,0.9992471457597093,0.9239370189406919,0.007856533432320068,0.08203335512910692,0.19298325037928388,-1.4335357972202325,-0.03490148676191074,,pgm_approx,approximate,optimized,7.499368917789722e-05,4.147507535132922e-06,7.08461816427643e-05,0.01464079247194511,0.12499999999999994,,0.0,
32,zipf,2.0,1340,0.61951448;0.15487862;0.068834943;0.038719655;0.024780579;0.017208736;0.012643153;0.0096799138;0.007648327;0.0061951448;0.0051199544;0.0043021839;0.0036657662;0.0031607882;0.0027533977;0.0024199785;0.0021436487;0.0019120817;0.0017161066;0.0015487862;0.0014047947;0.0012799886;0.0011711049;0.001075546;0.00099122318;0.00091644155;0.00084981411;0.00079019705;0.00073664029;0.00068834943;0.00064465607;0.00060499461,5;5;5;5;5;5;5;5;5;5;5;5;5;5;5;5;5;5;5;5;5;5;5;5;5;5;5;5;5;5;5;5,128;128;128;128;128;128;128;128;128;128;128;128;128;128;128;128;128;128;128;128;128;128;128;128;128;128;128;128;128;128;128;128,128;128;128;128;128;128;128;128;128;128;128;128;128;128;128;128;128;128;128;128;128;128;128;128;128;128;128;128;128;128;128;128,0.0,5.0,5,0.0,overlap_aware,"0|1|2|3,11,14,16,20,23,25,29|4,7,9,12,15,18,21,24,27,30|5,6,8,10,13,17,19,22,26,28,31",3,7.0,0.9999999999999997,0.9999999999999997,equal_support,0.9999999999999998,0.9994024086463454,0.9239370189406919,0.007856533432320068,0.0666268272430897,0.12499999999999997,-2.0005975913536536,-0.5999999999999996,,pgm_approx,approximate,optimized,0.0,0.0,0.0,0.0,0.0,,0.0,0.0
32,zipf,2.0,1340,0.61951448;0.15487862;0.068834943;0.038719655;0.024780579;0.017208736;0.012643153;0.0096799138;0.007648327;0.0061951448;0.0051199544;0.0043021839;0.0036657662;0.0031607882;0.0027533977;0.0024199785;0.0021436487;0.0019120817;0.0017161066;0.0015487862;0.0014047947;0.0012799886;0.0011711049;0.001075546;0.00099122318;0.00091644155;0.00084981411;0.00079019705;0.00073664029;0.00068834943;0.00064465607;0.00060499461,1;2;4;4;5;6;6;7;7;7;8;8;8;8;9;9;9;9;9;9;9;10;10;10;10;10;10;10;10;10;11;11,2048;1024;256;256;128;64;64;32;32;32;16;16;16;16;8;8;8;8;8;8;8;4;4;4;4;4;4;4;4;4;2;2,2048;1024;256;256;128;64;64;32;32;32;16;16;16;16;8;8;8;8;8;8;8;4;4;4;4;4;4;4;4;4;2;2,0.19491283223778222,2.180985943913419,5,2.819014056086581,overlap_aware,"0|1|2|3,11,14,16,20,23,25,29|4,7,9,12,15,18,21,24,27,30|5,6,8,10,13,17,19,22,26,28,31",3,7.0,0.9997492716449776,0.9997492716449776,random_support,0.9999829750497569,0.9993855174531933,0.9239370189406919,0.007856533432320068,0.08204471477553629,0.19301016946871452,-1.436200847615837,-0.0359544097163047,,pgm_approx,approximate,optimized,4.46201407015959e-05,3.9094376164443285e-07,4.422919693995147e-05,0.00390625,0.015624999999999997,,0.0,0.0
32,dirichlet,2.0,5220,0.051919532;0.064457873;0.078114684;0.041321733;0.024981842;0.023496793;0.040814005;0.069232122;0.010513074;0.019582943;0.022837014;0.052453349;0.025210798;0.0099137143;0.014947329;0.0010077641;0.031966842;0.031707043;0.039268498;0.00050942933;0.028425409;0.01147769;0.005303213;0.055409086;0.064941562;0.015065604;0.017902846;0.014690401;0.059132952;0.034753878;0.012701798;0.025939179,4;4;4;5;5;5;5;4;7;6;5;4;5;7;6;9;5;5;5;9;5;7;8;4;4;6;6;6;4;5;6;5,64;64;64;32;32;32;32;64;8;16;32;64;32;8;16;2;32;32;32;2;32;8;4;64;64;16;16;16;64;32;16;32,64;64;64;32;32;32;32;64;8;16;32;64;32;8;16;2;32;32;32;2;32;8;4;64;64;16;16;16;64;32;16;32,0.05008980243464378,4.685017131929694,5,0.31498286807030595,random,"1,5,11,12,21,24|0,3,10,18,22,23|6,9,14,19,29|2,4,7,26,27|8,15,16,20,25|13,17,28,30,31",3,7.0,0.993160488043118,0.993160488043118,pgm_fixed_global,0.9996988169101091,0.9944402844236958,0.3303791313626978,0.007856533432320068,0.06771802003972335,0.13008413641090824,-1.9224754719100732,-0.5267922561632945,,pgm_approx,approximate,optimized,0.0003581827915023572,3.816122294395032e-05,0.00032002156855840693,0.0068558849366802555,0.1300079086757684,,,
32,dirichlet,2.0,5220,0.051919532;0.064457873;0.078114684;0.041321733;0.024981842;0.023496793;0.040814005;0.069232122;0.010513074;0.019582943;0.022837014;0.052453349;0.025210798;0.0099137143;0.014947329;0.0010077641;0.031966842;0.031707043;0.039268498;0.00050942933;0.028425409;0.01147769;0.005303213;0.055409086;0.064941562;0.015065604;0.017902846;0.014690401;0.059132952;0.034753878;0.012701798;0.025939179,4;4;4;5;5;5;5;4;7;6;5;4;5;7;6;9;5;5;5;9;5;7;8;4;4;6;6;6;4;5;6;5,64;64;64;32;32;32;32;64;8;16;32;64;32;8;16;2;32;32;32;2;32;8;4;64;64;16;16;16;64;32;16;32,64;64;64;32;32;32;32;64;8;16;32;64;32;8;16;2;32;32;32;2;32;8;4;64;64;16;16;16;64;32;16;32,0.05008980243464378,4.685017131929694,5,0.31498286807030595,probability_aware,"2,4,14,29,30|5,7,13,18,31|6,16,24,25,27|1,3,17,21,26|0,10,12,15,19,22,28|8,9,11,20,23",3,7.0,0.993160488043118,0.993160488043118,pgm_fixed_global,0.9997706391245669,0.9949900771180464,0.391288278844105,0.007856533432320068,0.06775545906273649,0.1300934821564316,-1.9219256792157224,-0.5267204339488367,,pgm_approx,approximate,optimized,0.0003581827915023572,1.1844832237702019e-05,0.0003463379592646552,0.12499999999999997,0.1300079086757684,,,
32,dirichlet,2.0,5220,0.051919532;0.064457873;0.078114684;0.041321733;0.024981842;0.023496793;0.040814005;0.069232122;0.010513074;0.019582943;0.022837014;0.052453349;0.025210798;0.0099137143;0.014947329;0.0010077641;0.031966842;0.031707043;0.039268498;0.00050942933;0.028425409;0.01147769;0.005303213;0.055409086;0.064941562;0.015065604;0.017902846;0.014690401;0.059132952;0.034753878;0.012701798;0.025939179,4;4;4;5;5;5;5;4;7;6;5;4;5;7;6;9;5;5;5;9;5;7;8;4;4;6;6;6;4;5;6;5,64;64;64;32;32;32;32;64;8;16;32;64;32;8;16;2;32;32;32;2;32;8;4;64;64;16;16;16;64;32;16;32,64;64;64;32;32;32;32;64;8;16;32;64;32;8;16;2;32;32;32;2;32;8;4;64;64;16;16;16;64;32;16;32,0.05008980243464378,4.685017131929694,5,0.31498286807030595,overlap_aware,"2,4,14,29,30|5,7,13,18,31|6,16,24,25,27|1,3,17,21,26|0,10,12,15,19,22,28|8,9,11,20,23",3,7.0,0.993160488043118,0.993160488043118,pgm_fixed_global,0.9997706391245669,0.9949900771180464,0.391288278844105,0.007856533432320068,0.06775545906273649,0.1300934821564316,-1.9219256792157224,-0.5267204339488367,,pgm_approx,approximate,optimized,0.0003581827915023572,1.1844832237702019e-05,0.0003463379592646552,0.12499999999999997,0.1300079086757684,,,
32,dirichlet,2.0,5220,0.051919532;0.064457873;0.078114684;0.041321733;0.024981842;0.023496793;0.040814005;0.069232122;0.010513074;0.019582943;0.022837014;0.052453349;0.025210798;0.0099137143;0.014947329;0.0010077641;0.031966842;0.031707043;0.039268498;0.00050942933;0.028425409;0.01147769;0.005303213;0.055409086;0.064941562;0.015065604;0.017902846;0.014690401;0.059132952;0.034753878;0.012701798;0.025939179,5;5;5;5;5;5;5;5;5;5;5;5;5;5;5;5;5;5;5;5;5;5;5;5;5;5;5;5;5;5;5;5,32;32;32;32;32;32;32;32;32;32;32;32;32;32;32;32;32;32;32;32;32;32;32;32;32;32;32;32;32;32;32;32,32;32;32;32;32;32;32;32;32;32;32;32;32;32;32;32;32;32;32;32;32;32;32;32;32;32;32;32;32;32;32;32,0.0,5.0,5,0.0,overlap_aware,"2,4,14,29,30|5,7,13,18,31|6,16,24,25,27|1,3,17,21,26|0,10,12,15,19,22,28|8,9,11,20,23",3,7.0,0.9999999999999998,0.9999999999999998,equal_support,1.0,0.9952176360120937,0.391288278844105,0.007856533432320068,0.06634784240080624,0.125,-2.004782363987905,-0.5999999999999996,,pgm_approx,approximate,optimized,0.0,0.0,0.0,0.0,0.0,,,
32,dirichlet,2.0,5220,0.051919532;0.064457873;0.078114684;0.041321733;0.024981842;0.023496793;0.040814005;0.069232122;0.010513074;0.019582943;0.022837014;0.052453349;0.025210798;0.0099137143;0.014947329;0.0010077641;0.031966842;0.031707043;0.039268498;0.00050942933;0.028425409;0.01147769;0.005303213;0.055409086;0.064941562;0.015065604;0.017902846;0.014690401;0.059132952;0.034753878;0.012701798;0.025939179,4;4;4;5;5;5;5;4;7;6;5;4;5;7;6;9;5;5;5;9;5;7;8;4;4;6;6;6;4;5;6;5,64;64;64;32;32;32;32;64;8;16;32;64;32;8;16;2;32;32;32;2;32;8;4;64;64;16;16;16;64;32;16;32,64;64;64;32;32;32;32;64;8;16;32;64;32;8;16;2;32;32;32;2;32;8;4;64;64;16;16;16;64;32;16;32,0.04749550987826781,4.685017131929694,5,0.31498286807030595,overlap_aware,"2,4,14,29,30|5,7,13,18,31|6,17,21,24,26|1,3,16,25,27|0,10,12,15,19,22,28|8,9,11,20,23",3,7.0,0.9942606190674601,0.9942606190674601,random_support,0.9993039936454305,0.994527097854718,0.391288278844105,0.007856533432320068,0.06772393174076138,0.13003276069399042,-1.925619747067017,-0.5288779845818602,,pgm_approx,approximate,optimized,0.0004165042620418717,4.570738104666845e-05,0.0003707968809952033,0.03952398803452346,0.03952398803452346,,,
32,dirichlet,2.0,5237,0.029318457;0.015465645;0.041394036;0.0041227778;0.056399798;0.032195163;0.0071041766;0.0084423319;0.012657306;0.049566083;0.032466474;0.009983196;0.0078033772;0.048998875;0.0088407292;0.023724007;0.076080188;0.063020369;0.078131554;0.053823518;0.018106589;0.039039668;0.029405266;0.031475514;0.017127062;0.055647257;0.014108224;0.04404938;0.032018779;0.019708865;0.025557894;0.014217441,5;6;5;7;4;5;7;7;6;4;5;7;7;4;7;5;4;4;4;4;6;5;5;5;6;4;6;5;5;6;5;6,8;4;8;2;16;8;2;2;4;16;8;2;2;16;2;8;16;16;16;16;4;8;8;8;4;16;4;8;8;4;8;4,8;4;8;2;16;8;2;2;4;16;8;2;2;16;2;8;16;16;16;16;4;8;8;8;4;16;4;8;8;4;8;4,0.038431372549019606,4.722316668261896,5,0.2776833317381042,random,"3,5,7,8,14,17|1,6,10,16,26,30|15,18,20,21,25|0,2,9,12,23|4,19,22,24,27|11,13,28,29,31",3,7.0,0.9840601576965501,0.9840601576965501,pgm_fixed_global,0.9999999999999998,0.9950676436950342,0.3721968667917894,0.007856533432320068,0.06758906672889213,0.1294948191013611,-1.9024614087506357,-0.5198448316705,,pgm_approx,approximate,optimized,0.001198349578884373,0.0,0.001198349578884373,0.0,0.12500000000000003,,,
32,dirichlet,2.0,5237,0.029318457;0.015465645;0.041394036;0.0041227778;0.056399798;0.032195163;0.0071041766;0.0084423319;0.012657306;0.049566083;0.032466474;0.009983196;0.0078033772;0.048998875;0.0088407292;0.023724007;0.076080188;0.063020369;0.078131554;0.053823518;0.018106589;0.039039668;0.029405266;0.031475514;0.017127062;0.055647257;0.014108224;0.04404938;0.032018779;0.019708865;0.025557894;0.014217441,5;6;5;7;4;5;7;7;6;4;5;7;7;4;7;5;4;4;4;4;6;5;5;5;6;4;6;5;5;6;5;6,8;4;8;2;16;8;2;2;4;16;8;2;2;16;2;8;16;16;16;16;4;8;8;8;4;16;4;8;8;4;8;4,8;4;8;2;16;8;2;2;4;16;8;2;2;16;2;8;16;16;16;16;4;8;8;8;4;16;4;8;8;4;8;4,0.038431372549019606,4.722316668261896,5,0.2776833317381042,probability_aware,"0,1,7,10,18|6,14,16,21,30,31|2,17,23,24,26|4,5,12,15,27|3,11,13,22,25,29|8,9,19,20,28",3,7.0,0.9840601576965501,0.9840601576965501,pgm_fixed_global,0.9999576722625041,0.9951113304196074,0.3831026833993615,0.007856533432320068,0.06759203411001546,0.12948933787865113,-1.9024177220260627,-0.5198871594079957,,pgm_approx,approximate,optimized,0.001198349578884373,4.372599545974913e-06,0.0011939769793383982,0.0016390153558190474,0.12500000000000003,,,
32,dirichlet,2.0,5237,0.029318457;0.015465645;0.041394036;0.0041227778;0.056399798;0.032195163;0.0071041766;0.0084423319;0.012657306;0.049566083;0.032466474;0.009983196;0.0078033772;0.048998875;0.0088407292;0.023724007;0.076080188;0.063020369;0.078131554;0.053823518;0.018106589;0.039039668;0.029405266;0.031475514;0.017127062;0.055647257;0.014108224;0.04404938;0.032018779;0.019708865;0.025557894;0.014217441,5;6;5;7;4;5;7;7;6;4;5;7;7;4;7;5;4;4;4;4;6;5;5;5;6;4;6;5;5;6;5;6,8;4;8;2;16;8;2;2;4;16;8;2;2;16;2;8;16;16;16;16;4;8;8;8;4;16;4;8;8;4;8;4,8;4;8;2;16;8;2;2;4;16;8;2;2;16;2;8;16;16;16;16;4;8;8;8;4;16;4;8;8;4;8;4,0.038431372549019606,4.722316668261896,5,0.2776833317381042,overlap_aware,"0,1,7,10,18|6,14,16,21,30,31|2,17,23,24,26|4,5,12,15,27|3,11,13,22,25,29|8,9,19,20,28",3,7.0,0.9840601576965501,0.9840601576965501,pgm_fixed_global,0.9999576722625041,0.9951113304196074,0.3831026833993615,0.007856533432320068,0.06759203411001546,0.12948933787865113,-1.9024177220260627,-0.5198871594079957,,pgm_approx,approximate,optimized,0.001198349578884373,4.372599545974913e-06,0.0011939769793383982,0.0016390153558190474,0.12500000000000003,,,
32,dirichlet,2.0,5237,0.029318457;0.015465645;0.041394036;0.0041227778;0.056399798;0.032195163;0.0071041766;0.0084423319;0.012657306;0.049566083;0.032466474;0.009983196;0.0078033772;0.048998875;0.0088407292;0.023724007;0.076080188;0.063020369;0.078131554;0.053823518;0.018106589;0.039039668;0.029405266;0.031475514;0.017127062;0.055647257;0.014108224;0.04404938;0.032018779;0.019708865;0.025557894;0.014217441,5;5;5;5;5;5;5;5;5;5;5;5;5;5;5;5;5;5;5;5;5;5;5;5;5;5;5;5;5;5;5;5,8;8;8;8;8;8;8;8;8;8;8;8;8;8;8;8;8;8;8;8;8;8;8;8;8;8;8;8;8;8;8;8,8;8;8;8;8;8;8;8;8;8;8;8;8;8;8;8;8;8;8;8;8;8;8;8;8;8;8;8;8;8;8;8,0.0,5.0,5,0.0,overlap_aware,"0,1,7,10,18|6,14,16,21,30,31|2,17,23,24,26|4,5,12,15,27|3,11,13,22,25,29|8,9,19,20,28",3,7.0,1.0,1.0,equal_support,0.9999999999999998,0.9951533256078183,0.3831026833993615,0.007856533432320068,0.06634355504052122,0.12499999999999997,-2.004846674392182,-0.6000000000000003,,pgm_approx,approximate,optimized,0.0,0.0,0.0,0.0,0.0,,,
32,dirichlet,2.0,5237,0.029318457;0.015465645;0.041394036;0.0041227778;0.056399798;0.032195163;0.0071041766;0.0084423319;0.012657306;0.049566083;0.032466474;0.009983196;0.0078033772;0.048998875;0.0088407292;0.023724007;0.076080188;0.063020369;0.078131554;0.053823518;0.018106589;0.039039668;0.029405266;0.031475514;0.017127062;0.055647257;0.014108224;0.04404938;0.032018779;0.019708865;0.025557894;0.014217441,5;6;5;7;4;5;7;7;6;4;5;7;7;4;7;5;4;4;4;4;6;5;5;5;6;4;6;5;5;6;5;6,8;4;8;2;16;8;2;2;4;16;8;2;2;16;2;8;16;16;16;16;4;8;8;8;4;16;4;8;8;4;8;4,8;4;8;2;16;8;2;2;4;16;8;2;2;16;2;8;16;16;16;16;4;8;8;8;4;16;4;8;8;4;8;4,0.042352941176470586,4.722316668261896,5,0.2776833317381042,overlap_aware,"0,1,7,10,18|6,14,16,21,30,31|2,17,23,24,26|4,5,12,15,27|3,11,13,22,25,29|8,9,19,20,28",3,7.0,0.9762145208590868,0.9762145208590868,random_support,0.9978555886796069,0.9930257619266567,0.3831026833993615,0.007856533432320068,0.06745037376267035,0.12921712894534793,-1.88140210052195,-0.5098719445662784,,pgm_approx,approximate,optimized,0.0015692624561607954,0.00014238810734871132,0.001426874348812084,0.06249999999999997,0.12499999999999997,,,
32,dirichlet,5.0,5250,0.058654574;0.023317157;0.033129614;0.033999224;0.0094053101;0.026414462;0.043521837;0.039505274;0.026369385;0.035834597;0.017121264;0.071960413;0.019056862;0.014764606;0.023319172;0.017166003;0.034501304;0.024503457;0.024875834;0.045393287;0.030150906;0.012526444;0.034020173;0.037805571;0.032119994;0.013620755;0.025007892;0.034400962;0.037338797;0.017371253;0.046841378;0.055982237,4;6;5;5;7;5;5;5;5;5;6;4;6;6;5;6;5;5;5;4;5;7;5;5;5;6;5;5;5;6;4;4,16;4;8;8;2;8;8;8;8;8;4;16;4;4;8;4;8;8;8;16;8;2;8;8;8;4;8;8;8;4;16;16,16;4;8;8;2;8;8;8;8;8;4;16;4;4;8;4;8;8;8;16;8;2;8;8;8;4;8;8;8;4;16;16,0.03317535545023697,4.88744952015556,5,0.11255047984444033,random,"3,6,7,11,22,25|4,10,13,16,19,31|9,12,14,18,23|1,2,17,21,26|0,5,24,27,28|8,15,20,29,30",3,7.0,0.9841494035586273,0.9841494035586273,pgm_fixed_global,0.9968705695111169,0.9914299453886106,0.30437378713573093,0.007856533432320068,0.06659501642953354,0.126386934960879,-1.9388649677654426,-0.5556151786608583,,pgm_approx,approximate,optimized,0.0008854343977476636,0.00018859486843176413,0.0006968395293158995,0.0625,0.13182484569576342,,,
32,dirichlet,5.0,5250,0.058654574;0.023317157;0.033129614;0.033999224;0.0094053101;0.026414462;0.043521837;0.039505274;0.026369385;0.035834597;0.017121264;0.071960413;0.019056862;0.014764606;0.023319172;0.017166003;0.034501304;0.024503457;0.024875834;0.045393287;0.030150906;0.012526444;0.034020173;0.037805571;0.032119994;0.013620755;0.025007892;0.034400962;0.037338797;0.017371253;0.046841378;0.055982237,4;6;5;5;7;5;5;5;5;5;6;4;6;6;5;6;5;5;5;4;5;7;5;5;5;6;5;5;5;6;4;4,16;4;8;8;2;8;8;8;8;8;4;16;4;4;8;4;8;8;8;16;8;2;8;8;8;4;8;8;8;4;16;16,16;4;8;8;2;8;8;8;8;8;4;16;4;4;8;4;8;8;8;16;8;2;8;8;8;4;8;8;8;4;16;16,0.03317535545023697,4.88744952015556,5,0.11255047984444033,probability_aware,"1,5,11,25,27|0,13,16,17,20|9,10,14,24,31|2,12,18,28,30|3,19,21,23,26,29|4,6,7,8,15,22",3,7.0,0.9841494035586273,0.9841494035586273,pgm_fixed_global,0.9989941499728953,0.9936781018583798,0.32235372575647653,0.007856533432320068,0.06674602661208531,0.12665617033999005,-1.9366168112956734,-0.5534915981990799,,pgm_approx,approximate,optimized,0.0008854343977476636,8.24515975399122e-05,0.0008029828002077515,0.047955318490624926,0.13182484569576342,,,
32,dirichlet,5.0,5250,0.058654574;0.023317157;0.033129614;0.033999224;0.0094053101;0.026414462;0.043521837;0.039505274;0.026369385;0.035834597;0.017121264;0.071960413;0.019056862;0.014764606;0.023319172;0.017166003;0.034501304;0.024503457;0.024875834;0.045393287;0.030150906;0.012526444;0.034020173;0.037805571;0.032119994;0.013620755;0.025007892;0.034400962;0.037338797;0.017371253;0.046841378;0.055982237,4;6;5;5;7;5;5;5;5;5;6;4;6;6;5;6;5;5;5;4;5;7;5;5;5;6;5;5;5;6;4;4,16;4;8;8;2;8;8;8;8;8;4;16;4;4;8;4;8;8;8;16;8;2;8;8;8;4;8;8;8;4;16;16,16;4;8;8;2;8;8;8;8;8;4;16;4;4;8;4;8;8;8;16;8;2;8;8;8;4;8;8;8;4;16;16,0.03317535545023697,4.88744952015556,5,0.11255047984444033,overlap_aware,"1,5,11,25,27|0,13,16,17,20|9,10,14,24,31|3,15,18,21,28,30|2,4,7,19,26,29|6,8,12,22,23",3,7.0,0.9841494035586273,0.9841494035586273,pgm_fixed_global,0.999824083670332,0.994501515153976,0.32235372575647653,0.007856533432320068,0.06680133583711284,0.12676139240135675,-1.9357933980000772,-0.5526616645016431,,pgm_approx,approximate,optimized,0.0008854343977476636,1.4886078534608898e-05,0.0008705483192130547,0.008301060852243754,0.13182484569576342,,,
32,dirichlet,5.0,5250,0.058654574;0.023317157;0.033129614;0.033999224;0.0094053101;0.026414462;0.043521837;0.039505274;0.026369385;0.035834597;0.017121264;0.071960413;0.019056862;0.014764606;0.023319172;0.017166003;0.034501304;0.024503457;0.024875834;0.045393287;0.030150906;0.012526444;0.034020173;0.037805571;0.032119994;0.013620755;0.025007892;0.034400962;0.037338797;0.017371253;0.046841378;0.055982237,5;5;5;5;5;5;5;5;5;5;5;5;5;5;5;5;5;5;5;5;5;5;5;5;5;5;5;5;5;5;5;5,8;8;8;8;8;8;8;8;8;8;8;8;8;8;8;8;8;8;8;8;8;8;8;8;8;8;8;8;8;8;8;8,8;8;8;8;8;8;8;8;8;8;8;8;8;8;8;8;8;8;8;8;8;8;8;8;8;8;8;8;8;8;8;8,0.0,5.0,5,0.0,overlap_aware,"1,5,11,25,27|0,13,16,17,20|9,10,14,24,31|2,12,18,28,30|3,19,21,23,26,29|4,6,7,8,15,22",3,7.0,0.9999999999999999,0.9999999999999999,equal_support,0.9999999999999999,0.9946760493911185,0.32235372575647653,0.007856533432320068,0.06631173662607456,0.12499999999999999,-2.005323950608881,-0.6,,pgm_approx,approximate,optimized,0.0,0.0,0.0,0.0,0.0,,,
32,dirichlet,5.0,5250,0.058654574;0.023317157;0.033129614;0.033999224;0.0094053101;0.026414462;0.043521837;0.039505274;0.026369385;0.035834597;0.017121264;0.071960413;0.019056862;0.014764606;0.023319172;0.017166003;0.034501304;0.024503457;0.024875834;0.045393287;0.030150906;0.012526444;0.034020173;0.037805571;0.032119994;0.013620755;0.025007892;0.034400962;0.037338797;0.017371253;0.046841378;0.055982237,4;6;5;5;7;5;5;5;5;5;6;4;6;6;5;6;5;5;5;4;5;7;5;5;5;6;5;5;5;6;4;4,16;4;8;8;2;8;8;8;8;8;4;16;4;4;8;4;8;8;8;16;8;2;8;8;8;4;8;8;8;4;16;16,16;4;8;8;2;8;8;8;8;8;4;16;4;4;8;4;8;8;8;16;8;2;8;8;8;4;8;8;8;4;16;16,0.03926878808395396,4.88744952015556,5,0.11255047984444033,overlap_aware,"1,5,11,25,27|0,13,16,17,20|9,10,14,24,31|2,12,18,28,30|3,19,21,23,26,29|4,6,7,8,15,22",3,7.0,0.9764871702046366,0.9764871702046366,random_support,0.9975432190468246,0.9922385702196378,0.32235372575647653,0.007856533432320068,0.06664933230344681,0.1264722159549429,-1.915242120480578,-0.5428554333668995,,pgm_approx,approximate,optimized,0.0015402074077415385,0.00017369527861293792,0.0013665121291286005,0.03125000000000001,0.0625,,,
32,dirichlet,5.0,5267,0.011453412;0.044158628;0.028709381;0.045222456;0.015320762;0.02847129;0.033386094;0.062132776;0.024165957;0.011897878;0.017609423;0.039307323;0.024810453;0.027666246;0.020624863;0.038629111;0.03202272;0.018929544;0.055623677;0.043261487;0.023292093;0.042181415;0.042791284;0.026670277;0.022951826;0.036177418;0.032811561;0.016271635;0.041917783;0.029568021;0.021688511;0.040274694,6;4;5;4;6;5;5;4;5;6;6;5;5;5;6;5;5;6;4;5;5;5;5;5;5;5;5;6;5;5;6;5,2;8;4;8;2;4;4;8;4;2;2;4;4;4;2;4;4;2;8;4;4;4;4;4;4;4;4;2;4;4;2;4,2;8;4;8;2;4;4;8;4;2;2;4;4;4;2;4;4;2;8;4;4;4;4;4;4;4;4;2;4;4;2;4,0.02040816326530612,4.926658491201435,5,0.07334150879856516,random,"4,11,15,26,27,30|5,9,14,18,19,31|2,13,16,22,25|1,3,7,8,21|0,6,12,23,29|10,17,20,24,28",3,7.0,0.9763061669356273,0.9763061669356273,pgm_fixed_global,0.9971802847294098,0.9915076998802131,0.27515893802948566,0.007856533432320068,0.06642529541790351,0.12580083850417886,-1.923090047460188,-0.5505888289011134,,pgm_approx,approximate,optimized,0.001558620760054038,0.00017249551874366363,0.0013861252413103744,0.0625,0.12500000000000003,,,
32,dirichlet,5.0,5267,0.011453412;0.044158628;0.028709381;0.045222456;0.015320762;0.02847129;0.033386094;0.062132776;0.024165957;0.011897878;0.017609423;0.039307323;0.024810453;0.027666246;0.020624863;0.038629111;0.03202272;0.018929544;0.055623677;0.043261487;0.023292093;0.042181415;0.042791284;0.026670277;0.022951826;0.036177418;0.032811561;0.016271635;0.041917783;0.029568021;0.021688511;0.040274694,6;4;5;4;6;5;5;4;5;6;6;5;5;5;6;5;5;6;4;5;5;5;5;5;5;5;5;6;5;5;6;5,2;8;4;8;2;4;4;8;4;2;2;4;4;4;2;4;4;2;8;4;4;4;4;4;4;4;4;2;4;4;2;4,2;8;4;8;2;4;4;8;4;2;2;4;4;4;2;4;4;2;8;4;4;4;4;4;4;4;4;2;4;4;2;4,0.02040816326530612,4.926658491201435,5,0.07334150879856516,probability_aware,"4,5,7,24,25|2,15,18,20,27|3,11,12,14,26|1,6,8,30,31|0,13,17,19,28,29|9,10,16,21,22,23",3,7.0,0.9763061669356273,0.9763061669356273,pgm_fixed_global,0.9986509339102103,0.9931084589152575,0.29319030770675747,0.007856533432320068,0.06653253703772001,0.12598637055181697,-1.9214892884251438,-0.5491181797203128,,pgm_approx,approximate,optimized,0.001558620760054038,0.00011281230792928793,0.0014458084521247502,0.06250000000000003,0.12500000000000003,,,
32,dirichlet,5.0,5267,0.011453412;0.044158628;0.028709381;0.045222456;0.015320762;0.02847129;0.033386094;0.062132776;0.024165957;0.011897878;0.017609423;0.039307323;0.024810453;0.027666246;0.020624863;0.038629111;0.03202272;0.018929544;0.055623677;0.043261487;0.023292093;0.042181415;0.042791284;0.026670277;0.022951826;0.036177418;0.032811561;0.016271635;0.041917783;0.029568021;0.021688511;0.040274694,6;4;5;4;6;5;5;4;5;6;6;5;5;5;6;5;5;6;4;5;5;5;5;5;5;5;5;6;5;5;6;5,2;8;4;8;2;4;4;8;4;2;2;4;4;4;2;4;4;2;8;4;4;4;4;4;4;4;4;2;4;4;2;4,2;8;4;8;2;4;4;8;4;2;2;4;4;4;2;4;4;2;8;4;4;4;4;4;4;4;4;2;4;4;2;4,0.02040816326530612,4.926658491201435,5,0.07334150879856516,overlap_aware,"4,5,7,24,25|2,15,18,20,27|3,11,12,14,26|1,6,8,30,31|0,13,17,19,21,29|9,10,16,22,23,28",3,7.0,0.9763061669356273,0.9763061669356273,pgm_fixed_global,1.0,0.9944469260222103,0.29319030770675747,0.007856533432320068,0.06662220661163985,0.12615656409444115,-1.9201508213181908,-0.5477691136305232,,pgm_approx,approximate,optimized,0.001558620760054038,0.0,0.001558620760054038,0.0,0.12500000000000003,,,
32,dirichlet,5.0,5267,0.011453412;0.044158628;0.028709381;0.045222456;0.015320762;0.02847129;0.033386094;0.062132776;0.024165957;0.011897878;0.017609423;0.039307323;0.024810453;0.027666246;0.020624863;0.038629111;0.03202272;0.018929544;0.055623677;0.043261487;0.023292093;0.042181415;0.042791284;0.026670277;0.022951826;0.036177418;0.032811561;0.016271635;0.041917783;0.029568021;0.021688511;0.040274694,5;5;5;5;5;5;5;5;5;5;5;5;5;5;5;5;5;5;5;5;5;5;5;5;5;5;5;5;5;5;5;5,4;4;4;4;4;4;4;4;4;4;4;4;4;4;4;4;4;4;4;4;4;4;4;4;4;4;4;4;4;4;4;4,4;4;4;4;4;4;4;4;4;4;4;4;4;4;4;4;4;4;4;4;4;4;4;4;4;4;4;4;4;4;4;4,0.0,5.0,5,0.0,overlap_aware,"4,5,7,24,25|2,15,18,20,27|3,11,12,14,26|1,6,8,30,31|0,13,17,19,28,29|9,10,16,21,22,23",3,7.0,1.0,1.0,equal_support,1.0,0.9944469260222103,0.29319030770675747,0.007856533432320068,0.06629646173481402,0.125,-2.0055530739777896,-0.6000000000000001,,pgm_approx,approximate,optimized,0.0,0.0,0.0,0.0,0.0,,,
32,dirichlet,5.0,5267,0.011453412;0.044158628;0.028709381;0.045222456;0.015320762;0.02847129;0.033386094;0.062132776;0.024165957;0.011897878;0.017609423;0.039307323;0.024810453;0.027666246;0.020624863;0.038629111;0.03202272;0.018929544;0.055623677;0.043261487;0.023292093;0.042181415;0.042791284;0.026670277;0.022951826;0.036177418;0.032811561;0.016271635;0.041917783;0.029568021;0.021688511;0.040274694,6;4;5;4;6;5;5;4;5;6;6;5;5;5;6;5;5;6;4;5;5;5;5;5;5;5;5;6;5;5;6;5,2;8;4;8;2;4;4;8;4;2;2;4;4;4;2;4;4;2;8;4;4;4;4;4;4;4;4;2;4;4;2;4,2;8;4;8;2;4;4;8;4;2;2;4;4;4;2;4;4;2;8;4;4;4;4;4;4;4;4;2;4;4;2;4,0.03826530612244898,4.926658491201435,5,0.07334150879856516,overlap_aware,"4,5,7,24,25|2,15,17,18,20|3,8,11,26,30|0,1,10,13,28,29|6,12,14,19,31|9,16,21,22,23,27",3,7.0,0.9450944971047796,0.9450944971047796,random_support,0.9961328063056738,0.9906101150644329,0.29319030770675747,0.007856533432320068,0.06636516241383503,0.12566869222527727,-1.8308104449749285,-0.5021554577869964,,pgm_approx,approximate,optimized,0.003448231895474557,0.00025979884478839673,0.00318843305068616,0.12499999999999997,0.12500000000000003,,,
32,near_uniform,0.02,3322,0.030577138;0.031488042;0.032266776;0.031751637;0.030713666;0.030694689;0.030688011;0.031459144;0.030386538;0.03112006;0.030662538;0.030608645;0.029992277;0.031075313;0.030762178;0.031505509;0.032525279;0.031061328;0.030567527;0.031771295;0.030773192;0.03126158;0.031763843;0.031569247;0.031374896;0.03151973;0.031517228;0.031540633;0.031398859;0.032622939;0.031889503;0.031090759,5;5;5;5;5;5;5;5;5;5;5;5;5;5;5;5;5;5;5;5;5;5;5;5;5;5;5;5;5;5;5;5,2;2;2;2;2;2;2;2;2;2;2;2;2;2;2;2;2;2;2;2;2;2;2;2;2;2;2;2;2;2;2;2,2;2;2;2;2;2;2;2;2;2;2;2;2;2;2;2;2;2;2;2;2;2;2;2;2;2;2;2;2;2;2;2,0.0,5.0,5,0.0,random,"2,9,14,25,27,30|0,7,11,20,23,29|8,15,18,19,21|1,4,5,28,31|3,6,17,22,24|10,12,13,16,26",3,7.0,0.9999999999999998,0.9999999999999998,pgm_fixed_global,0.9999999999999998,0.9936553635057302,0.19243817277361583,0.007856533432320068,0.06624369090038201,0.12499999999999997,-2.0063446364942688,-0.5999999999999999,,pgm_approx,approximate,optimized,0.0,0.0,0.0,0.0,0.0,,,
32,near_uniform,0.02,3322,0.030577138;0.031488042;0.032266776;0.031751637;0.030713666;0.030694689;0.030688011;0.031459144;0.030386538;0.03112006;0.030662538;0.030608645;0.029992277;0.031075313;0.030762178;0.031505509;0.032525279;0.031061328;0.030567527;0.031771295;0.030773192;0.03126158;0.031763843;0.031569247;0.031374896;0.03151973;0.031517228;0.031540633;0.031398859;0.032622939;0.031889503;0.031090759,5;5;5;5;5;5;5;5;5;5;5;5;5;5;5;5;5;5;5;5;5;5;5;5;5;5;5;5;5;5;5;5,2;2;2;2;2;2;2;2;2;2;2;2;2;2;2;2;2;2;2;2;2;2;2;2;2;2;2;2;2;2;2;2,2;2;2;2;2;2;2;2;2;2;2;2;2;2;2;2;2;2;2;2;2;2;2;2;2;2;2;2;2;2;2;2,0.0,5.0,5,0.0,probability_aware,"0,9,14,15,29|4,12,16,18,21,26|2,6,20,24,25|7,10,13,27,30|1,5,19,23,31|3,8,11,17,22,28",3,7.0,0.9999999999999998,0.9999999999999998,pgm_fixed_global,0.9999999999999997,0.9936585176006505,0.19283963417482528,0.007856533432320068,0.0662439011733767,0.12499999999999996,-2.006341482399349,-0.6,,pgm_approx,approximate,optimized,0.0,0.0,0.0,0.0,0.0,,,
32,near_uniform,0.02,3322,0.030577138;0.031488042;0.032266776;0.031751637;0.030713666;0.030694689;0.030688011;0.031459144;0.030386538;0.03112006;0.030662538;0.030608645;0.029992277;0.031075313;0.030762178;0.031505509;0.032525279;0.031061328;0.030567527;0.031771295;0.030773192;0.03126158;0.031763843;0.031569247;0.031374896;0.03151973;0.031517228;0.031540633;0.031398859;0.032622939;0.031889503;0.031090759,5;5;5;5;5;5;5;5;5;5;5;5;5;5;5;5;5;5;5;5;5;5;5;5;5;5;5;5;5;5;5;5,2;2;2;2;2;2;2;2;2;2;2;2;2;2;2;2;2;2;2;2;2;2;2;2;2;2;2;2;2;2;2;2,2;2;2;2;2;2;2;2;2;2;2;2;2;2;2;2;2;2;2;2;2;2;2;2;2;2;2;2;2;2;2;2,0.0,5.0,5,0.0,overlap_aware,"0,9,14,15,29|4,12,16,18,21,26|2,6,20,24,25|7,10,13,27,30|1,5,19,23,31|3,8,11,17,22,28",3,7.0,0.9999999999999998,0.9999999999999998,pgm_fixed_global,0.9999999999999997,0.9936585176006505,0.19283963417482528,0.007856533432320068,0.0662439011733767,0.12499999999999996,-2.006341482399349,-0.6,,pgm_approx,approximate,optimized,0.0,0.0,0.0,0.0,0.0,,,
32,near_uniform,0.02,3322,0.030577138;0.031488042;0.032266776;0.031751637;0.030713666;0.030694689;0.030688011;0.031459144;0.030386538;0.03112006;0.030662538;0.030608645;0.029992277;0.031075313;0.030762178;0.031505509;0.032525279;0.031061328;0.030567527;0.031771295;0.030773192;0.03126158;0.031763843;0.031569247;0.031374896;0.03151973;0.031517228;0.031540633;0.031398859;0.032622939;0.031889503;0.031090759,5;5;5;5;5;5;5;5;5;5;5;5;5;5;5;5;5;5;5;5;5;5;5;5;5;5;5;5;5;5;5;5,2;2;2;2;2;2;2;2;2;2;2;2;2;2;2;2;2;2;2;2;2;2;2;2;2;2;2;2;2;2;2;2,2;2;2;2;2;2;2;2;2;2;2;2;2;2;2;2;2;2;2;2;2;2;2;2;2;2;2;2;2;2;2;2,0.0,5.0,5,0.0,overlap_aware,"0,9,14,15,29|4,12,16,18,21,26|2,6,20,24,25|7,10,13,27,30|1,5,19,23,31|3,8,11,17,22,28",3,7.0,0.9999999999999999,0.9999999999999999,equal_support,0.9999999999999998,0.9936585176006506,0.19283963417482528,0.007856533432320068,0.06624390117337671,0.12499999999999997,-2.006341482399349,-0.6000000000000001,,pgm_approx,approximate,optimized,0.0,0.0,0.0,0.0,0.0,,,
32,near_uniform,0.02,3322,0.030577138;0.031488042;0.032266776;0.031751637;0.030713666;0.030694689;0.030688011;0.031459144;0.030386538;0.03112006;0.030662538;0.030608645;0.029992277;0.031075313;0.030762178;0.031505509;0.032525279;0.031061328;0.030567527;0.031771295;0.030773192;0.03126158;0.031763843;0.031569247;0.031374896;0.03151973;0.031517228;0.031540633;0.031398859;0.032622939;0.031889503;0.031090759,5;5;5;5;5;5;5;5;5;5;5;5;5;5;5;5;5;5;5;5;5;5;5;5;5;5;5;5;5;5;5;5,2;2;2;2;2;2;2;2;2;2;2;2;2;2;2;2;2;2;2;2;2;2;2;2;2;2;2;2;2;2;2;2,2;2;2;2;2;2;2;2;2;2;2;2;2;2;2;2;2;2;2;2;2;2;2;2;2;2;2;2;2;2;2;2,0.03528225806451613,5.0,5,0.0,overlap_aware,"9,10,14,15,29|4,16,18,24,26|0,2,17,21,25|7,11,12,27,30,31|1,6,13,19,23|3,5,8,20,22,28",3,7.0,0.8445869335180992,0.8445869335180992,random_support,0.9958511857744139,0.9895422986727325,0.19283963417482528,0.007856533432320068,0.06596948657818216,0.12448139822180174,-1.544218501881565,-0.35548790785454476,,pgm_approx,approximate,optimized,0.008545272903519075,0.000239763249582814,0.008305509653936262,0.2499999999999999,0.25,,,
32,near_uniform,0.08,3328,0.033616899;0.036671661;0.033523638;0.029249268;0.028554994;0.033747171;0.029743576;0.026886231;0.028810265;0.030718918;0.032422346;0.031354903;0.034242577;0.034671136;0.031226702;0.029857222;0.032350642;0.032078206;0.031880526;0.028804953;0.033978546;0.030547928;0.034762917;0.028350649;0.034651261;0.032744;0.023624647;0.032678245;0.0284766;0.031745405;0.028405769;0.029622201,5;5;5;5;5;5;5;5;5;5;5;5;5;5;5;5;5;5;5;5;5;5;5;5;5;5;5;5;5;5;5;5,2;2;2;2;2;2;2;2;2;2;2;2;2;2;2;2;2;2;2;2;2;2;2;2;2;2;2;2;2;2;2;2,2;2;2;2;2;2;2;2;2;2;2;2;2;2;2;2;2;2;2;2;2;2;2;2;2;2;2;2;2;2;2;2,0.0,5.0,5,0.0,random,"0,3,6,14,16,30|7,8,15,25,26,28|10,13,21,27,31|1,12,19,22,23|4,11,17,18,20|2,5,9,24,29",3,7.0,0.9999999999999998,0.9999999999999998,pgm_fixed_global,0.9999999999999998,0.9937645326264353,0.20633350226537384,0.007856533432320068,0.06625096884176235,0.12499999999999997,-2.006235467373564,-0.5999999999999999,,pgm_approx,approximate,optimized,0.0,0.0,0.0,0.0,0.0,,,
32,near_uniform,0.08,3328,0.033616899;0.036671661;0.033523638;0.029249268;0.028554994;0.033747171;0.029743576;0.026886231;0.028810265;0.030718918;0.032422346;0.031354903;0.034242577;0.034671136;0.031226702;0.029857222;0.032350642;0.032078206;0.031880526;0.028804953;0.033978546;0.030547928;0.034762917;0.028350649;0.034651261;0.032744;0.023624647;0.032678245;0.0284766;0.031745405;0.028405769;0.029622201,5;5;5;5;5;5;5;5;5;5;5;5;5;5;5;5;5;5;5;5;5;5;5;5;5;5;5;5;5;5;5;5,2;2;2;2;2;2;2;2;2;2;2;2;2;2;2;2;2;2;2;2;2;2;2;2;2;2;2;2;2;2;2;2,2;2;2;2;2;2;2;2;2;2;2;2;2;2;2;2;2;2;2;2;2;2;2;2;2;2;2;2;2;2;2;2,0.0,5.0,5,0.0,probability_aware,"1,3,10,14,26,28|9,17,22,23,27|13,16,19,25,31|2,11,21,24,30|0,4,7,12,15,29|5,6,8,18,20",3,7.0,0.9999999999999998,0.9999999999999998,pgm_fixed_global,0.9999999999999998,0.9937853099715084,0.20897809676140727,0.007856533432320068,0.06625235399810056,0.12499999999999997,-2.0062146900284907,-0.5999999999999999,,pgm_approx,approximate,optimized,0.0,0.0,0.0,0.0,0.0,,,
32,near_uniform,0.08,3328,0.033616899;0.036671661;0.033523638;0.029249268;0.028554994;0.033747171;0.029743576;0.026886231;0.028810265;0.030718918;0.032422346;0.031354903;0.034242577;0.034671136;0.031226702;0.029857222;0.032350642;0.032078206;0.031880526;0.028804953;0.033978546;0.030547928;0.034762917;0.028350649;0.034651261;0.032744;0.023624647;0.032678245;0.0284766;0.031745405;0.028405769;0.029622201,5;5;5;5;5;5;5;5;5;5;5;5;5;5;5;5;5;5;5;5;5;5;5;5;5;5;5;5;5;5;5;5,2;2;2;2;2;2;2;2;2;2;2;2;2;2;2;2;2;2;2;2;2;2;2;2;2;2;2;2;2;2;2;2,2;2;2;2;2;2;2;2;2;2;2;2;2;2;2;2;2;2;2;2;2;2;2;2;2;2;2;2;2;2;2;2,0.0,5.0,5,0.0,overlap_aware,"1,3,10,14,26,28|9,17,22,23,27|13,16,19,25,31|2,11,21,24,30|0,4,7,12,15,29|5,6,8,18,20",3,7.0,0.9999999999999998,0.9999999999999998,pgm_fixed_global,0.9999999999999998,0.9937853099715084,0.20897809676140727,0.007856533432320068,0.06625235399810056,0.12499999999999997,-2.0062146900284907,-0.5999999999999999,,pgm_approx,approximate,optimized,0.0,0.0,0.0,0.0,0.0,,,
32,near_uniform,0.08,3328,0.033616899;0.036671661;0.033523638;0.029249268;0.028554994;0.033747171;0.029743576;0.026886231;0.028810265;0.030718918;0.032422346;0.031354903;0.034242577;0.034671136;0.031226702;0.029857222;0.032350642;0.032078206;0.031880526;0.028804953;0.033978546;0.030547928;0.034762917;0.028350649;0.034651261;0.032744;0.023624647;0.032678245;0.0284766;0.031745405;0.028405769;0.029622201,5;5;5;5;5;5;5;5;5;5;5;5;5;5;5;5;5;5;5;5;5;5;5;5;5;5;5;5;5;5;5;5,2;2;2;2;2;2;2;2;2;2;2;2;2;2;2;2;2;2;2;2;2;2;2;2;2;2;2;2;2;2;2;2,2;2;2;2;2;2;2;2;2;2;2;2;2;2;2;2;2;2;2;2;2;2;2;2;2;2;2;2;2;2;2;2,0.0,5.0,5,0.0,overlap_aware,"1,3,10,14,26,28|9,17,22,23,27|13,16,19,25,31|2,11,21,24,30|0,4,7,12,15,29|5,6,8,18,20",3,7.0,0.9999999999999998,0.9999999999999998,equal_support,0.9999999999999997,0.9937853099715083,0.20897809676140727,0.007856533432320068,0.06625235399810055,0.12499999999999996,-2.0062146900284907,-0.6,,pgm_approx,approximate,optimized,0.0,0.0,0.0,0.0,0.0,,,
32,near_uniform,0.08,3328,0.033616899;0.036671661;0.033523638;0.029249268;0.028554994;0.033747171;0.029743576;0.026886231;0.028810265;0.030718918;0.032422346;0.031354903;0.034242577;0.034671136;0.031226702;0.029857222;0.032350642;0.032078206;0.031880526;0.028804953;0.033978546;0.030547928;0.034762917;0.028350649;0.034651261;0.032744;0.023624647;0.032678245;0.0284766;0.031745405;0.028405769;0.029622201,5;5;5;5;5;5;5;5;5;5;5;5;5;5;5;5;5;5;5;5;5;5;5;5;5;5;5;5;5;5;5;5,2;2;2;2;2;2;2;2;2;2;2;2;2;2;2;2;2;2;2;2;2;2;2;2;2;2;2;2;2;2;2;2,2;2;2;2;2;2;2;2;2;2;2;2;2;2;2;2;2;2;2;2;2;2;2;2;2;2;2;2;2;2;2;2,0.03931451612903226,5.0,5,0.0,overlap_aware,"1,3,10,11,28|9,17,22,27,30|13,16,19,25,31|2,14,21,23,24|0,4,7,12,15,29|5,6,8,18,20,26",3,7.0,0.8082171995260031,0.8082171995260031,random_support,0.9960440535482573,0.9898604435453205,0.20897809676140727,0.007856533432320068,0.0659906962363547,0.12450550669353216,-1.4347911550326886,-0.2971034656933478,,pgm_approx,approximate,optimized,0.00949121854443471,0.0002181486223320367,0.009273069922102674,0.2499999999999999,0.2500000000000001,,,
32,strong_skew,0.65,4385,0.65;0.011290323;0.011290323;0.011290323;0.011290323;0.011290323;0.011290323;0.011290323;0.011290323;0.011290323;0.011290323;0.011290323;0.011290323;0.011290323;0.011290323;0.011290323;0.011290323;0.011290323;0.011290323;0.011290323;0.011290323;0.011290323;0.011290323;0.011290323;0.011290323;0.011290323;0.011290323;0.011290323;0.011290323;0.011290323;0.011290323;0.011290323,1;6;6;6;6;6;6;6;6;6;6;6;6;6;6;6;6;6;6;6;6;6;6;6;6;6;6;6;6;6;6;5,64;2;2;2;2;2;2;2;2;2;2;2;2;2;2;2;2;2;2;2;2;2;2;2;2;2;2;2;2;2;2;4,64;2;2;2;2;2;2;2;2;2;2;2;2;2;2;2;2;2;2;2;2;2;2;2;2;2;2;2;2;2;2;4,0.03118712273641851,2.7387096774193553,5,2.2612903225806447,random,"3,8,13,19,25,26|1,7,11,15,23,24|2,12,16,18,31|0,10,14,27,30|4,5,17,22,29|6,9,20,21,28",3,7.0,0.9971208296677888,0.9971208296677888,pgm_fixed_global,0.9994052893607357,0.9971036890075262,0.7064516129032259,0.007856533432320068,0.07827352332041862,0.17415156812918944,-1.543302863481569,-0.14503210159345548,,pgm_approx,approximate,optimized,0.0011614102734503933,0.00024642895792657935,0.0009149813155238139,0.02576683053065476,0.029962665460123366,,,
32,strong_skew,0.65,4385,0.65;0.011290323;0.011290323;0.011290323;0.011290323;0.011290323;0.011290323;0.011290323;0.011290323;0.011290323;0.011290323;0.011290323;0.011290323;0.011290323;0.011290323;0.011290323;0.011290323;0.011290323;0.011290323;0.011290323;0.011290323;0.011290323;0.011290323;0.011290323;0.011290323;0.011290323;0.011290323;0.011290323;0.011290323;0.011290323;0.011290323;0.011290323,1;6;6;6;6;6;6;6;6;6;6;6;6;6;6;6;6;6;6;6;6;6;6;6;6;6;6;6;6;6;6;5,64;2;2;2;2;2;2;2;2;2;2;2;2;2;2;2;2;2;2;2;2;2;2;2;2;2;2;2;2;2;2;4,64;2;2;2;2;2;2;2;2;2;2;2;2;2;2;2;2;2;2;2;2;2;2;2;2;2;2;2;2;2;2;4,0.03118712273641851,2.7387096774193553,5,2.2612903225806447,probability_aware,"0|4,9,14,19,24,29,31|3,8,13,18,23,28|2,7,12,17,22,27|1,6,11,16,21,26|5,10,15,20,25,30",3,7.0,0.9971208296677888,0.9971208296677888,pgm_fixed_global,1.0,0.9976937272827706,0.7064516129032257,0.007856533432320068,0.07831984184797643,0.17425519955030916,-1.5427128252063247,-0.14443739095419117,,pgm_approx,approximate,optimized,0.0011614102734503933,0.0,0.0011614102734503933,0.0,0.029962665460123366,,0.0,
32,strong_skew,0.65,4385,0.65;0.011290323;0.011290323;0.011290323;0.011290323;0.011290323;0.011290323;0.011290323;0.011290323;0.011290323;0.011290323;0.011290323;0.011290323;0.011290323;0.011290323;0.011290323;0.011290323;0.011290323;0.011290323;0.011290323;0.011290323;0.011290323;0.011290323;0.011290323;0.011290323;0.011290323;0.011290323;0.011290323;0.011290323;0.011290323;0.011290323;0.011290323,1;6;6;6;6;6;6;6;6;6;6;6;6;6;6;6;6;6;6;6;6;6;6;6;6;6;6;6;6;6;6;5,64;2;2;2;2;2;2;2;2;2;2;2;2;2;2;2;2;2;2;2;2;2;2;2;2;2;2;2;2;2;2;4,64;2;2;2;2;2;2;2;2;2;2;2;2;2;2;2;2;2;2;2;2;2;2;2;2;2;2;2;2;2;2;4,0.03118712273641851,2.7387096774193553,5,2.2612903225806447,overlap_aware,"0|4,9,14,19,24,29,31|3,8,13,18,23,28|2,7,12,17,22,27|1,6,11,16,21,26|5,10,15,20,25,30",3,7.0,0.9971208296677888,0.9971208296677888,pgm_fixed_global,1.0,0.9976937272827706,0.7064516129032257,0.007856533432320068,0.07831984184797643,0.17425519955030916,-1.5427128252063247,-0.14443739095419117,,pgm_approx,approximate,optimized,0.0011614102734503933,0.0,0.0011614102734503933,0.0,0.029962665460123366,,0.0,
32,strong_skew,0.65,4385,0.65;0.011290323;0.011290323;0.011290323;0.011290323;0.011290323;0.011290323;0.011290323;0.011290323;0.011290323;0.011290323;0.011290323;0.011290323;0.011290323;0.011290323;0.011290323;0.011290323;0.011290323;0.011290323;0.011290323;0.011290323;0.011290323;0.011290323;0.011290323;0.011290323;0.011290323;0.011290323;0.011290323;0.011290323;0.011290323;0.011290323;0.011290323,5;5;5;5;5;5;5;5;5;5;5;5;5;5;5;5;5;5;5;5;5;5;5;5;5;5;5;5;5;5;5;5,4;4;4;4;4;4;4;4;4;4;4;4;4;4;4;4;4;4;4;4;4;4;4;4;4;4;4;4;4;4;4;4,4;4;4;4;4;4;4;4;4;4;4;4;4;4;4;4;4;4;4;4;4;4;4;4;4;4;4;4;4;4;4;4,0.0,5.0,5,0.0,overlap_aware,"0|4,9,14,19,24,29,31|3,8,13,18,23,28|2,7,12,17,22,27|1,6,11,16,21,26|5,10,15,20,25,30",3,7.0,1.0,1.0,equal_support,1.0,0.9976937272827706,0.7064516129032257,0.007856533432320068,0.0665129151521847,0.125,-2.002306272717229,-0.6000000000000001,,pgm_approx,approximate,optimized,0.0,0.0,0.0,0.0,0.0,,0.0,0.0
32,strong_skew,0.65,4385,0.65;0.011290323;0.011290323;0.011290323;0.011290323;0.011290323;0.011290323;0.011290323;0.011290323;0.011290323;0.011290323;0.011290323;0.011290323;0.011290323;0.011290323;0.011290323;0.011290323;0.011290323;0.011290323;0.011290323;0.011290323;0.011290323;0.011290323;0.011290323;0.011290323;0.011290323;0.011290323;0.011290323;0.011290323;0.011290323;0.011290323;0.011290323,1;6;6;6;6;6;6;6;6;6;6;6;6;6;6;6;6;6;6;6;6;6;6;6;6;6;6;6;6;6;6;5,64;2;2;2;2;2;2;2;2;2;2;2;2;2;2;2;2;2;2;2;2;2;2;2;2;2;2;2;2;2;2;4,64;2;2;2;2;2;2;2;2;2;2;2;2;2;2;2;2;2;2;2;2;2;2;2;2;2;2;2;2;2;2;4,0.05130784708249497,2.7387096774193553,5,2.2612903225806447,overlap_aware,"0|4,9,14,19,24,29|3,8,13,18,23,28,31|2,7,12,17,22,27|1,6,11,16,21,26|5,10,15,20,25,30",3,7.0,0.9772803654020683,0.9772803654020683,random_support,1.0,0.9976937272827706,0.7064516129032257,0.007856533432320068,0.07831984184797643,0.17425519955030916,-1.4921644423770795,-0.12166565809695462,,pgm_approx,approximate,optimized,0.0022052985991992523,0.0,0.0022052985991992523,0.0,0.25,,0.0,0.0
32,strong_skew,0.8,4400,0.8;0.0064516129;0.0064516129;0.0064516129;0.0064516129;0.0064516129;0.0064516129;0.0064516129;0.0064516129;0.0064516129;0.0064516129;0.0064516129;0.0064516129;0.0064516129;0.0064516129;0.0064516129;0.0064516129;0.0064516129;0.0064516129;0.0064516129;0.0064516129;0.0064516129;0.0064516129;0.0064516129;0.0064516129;0.0064516129;0.0064516129;0.0064516129;0.0064516129;0.0064516129;0.0064516129;0.0064516129,1;6;6;6;6;6;6;6;6;6;6;6;6;6;6;6;6;6;6;6;6;6;6;6;6;6;6;6;6;6;6;5,64;2;2;2;2;2;2;2;2;2;2;2;2;2;2;2;2;2;2;2;2;2;2;2;2;2;2;2;2;2;2;4,64;2;2;2;2;2;2;2;2;2;2;2;2;2;2;2;2;2;2;2;2;2;2;2;2;2;2;2;2;2;2;4,0.03118712273641851,1.9935483870967738,5,3.006451612903226,random,"11,24,25,26,29,31|7,8,15,16,18,20|0,6,12,21,27|9,14,17,22,23|1,2,3,4,30|5,10,13,19,28",3,7.0,0.9982977017634712,0.9982977017634712,pgm_fixed_global,0.9996237736657858,0.9983088593764275,0.8322580645161292,0.007856533432320068,0.08323715610723308,0.20018305544986667,-1.3963174987891116,0.0026141979691062245,,pgm_approx,approximate,optimized,0.0007869831729942243,0.0001781470140764062,0.0006088361589178181,0.031163615906053405,0.031163615906053405,,,
32,strong_skew,0.8,4400,0.8;0.0064516129;0.0064516129;0.0064516129;0.0064516129;0.0064516129;0.0064516129;0.0064516129;0.0064516129;0.0064516129;0.0064516129;0.0064516129;0.0064516129;0.0064516129;0.0064516129;0.0064516129;0.0064516129;0.0064516129;0.0064516129;0.0064516129;0.0064516129;0.0064516129;0.0064516129;0.0064516129;0.0064516129;0.0064516129;0.0064516129;0.0064516129;0.0064516129;0.0064516129;0.0064516129;0.0064516129,1;6;6;6;6;6;6;6;6;6;6;6;6;6;6;6;6;6;6;6;6;6;6;6;6;6;6;6;6;6;6;5,64;2;2;2;2;2;2;2;2;2;2;2;2;2;2;2;2;2;2;2;2;2;2;2;2;2;2;2;2;2;2;4,64;2;2;2;2;2;2;2;2;2;2;2;2;2;2;2;2;2;2;2;2;2;2;2;2;2;2;2;2;2;2;4,0.03118712273641851,1.9935483870967738,5,3.006451612903226,probability_aware,"0|4,9,14,19,24,29,31|3,8,13,18,23,28|2,7,12,17,22,27|1,6,11,16,21,26|5,10,15,20,25,30",3,7.0,0.9982977017634712,0.9982977017634712,pgm_fixed_global,1.0,0.9986821298758689,0.8322580645161292,0.007856533432320068,0.08326827871477122,0.20025839793281655,-1.3959442282896704,0.002990424303320416,,pgm_approx,approximate,optimized,0.0007869831729942243,0.0,0.0007869831729942243,0.0,0.031163615906053405,,0.0,
32,strong_skew,0.8,4400,0.8;0.0064516129;0.0064516129;0.0064516129;0.0064516129;0.0064516129;0.0064516129;0.0064516129;0.0064516129;0.0064516129;0.0064516129;0.0064516129;0.0064516129;0.0064516129;0.0064516129;0.0064516129;0.0064516129;0.0064516129;0.0064516129;0.0064516129;0.0064516129;0.0064516129;0.0064516129;0.0064516129;0.0064516129;0.0064516129;0.0064516129;0.0064516129;0.0064516129;0.0064516129;0.0064516129;0.0064516129,1;6;6;6;6;6;6;6;6;6;6;6;6;6;6;6;6;6;6;6;6;6;6;6;6;6;6;6;6;6;6;5,64;2;2;2;2;2;2;2;2;2;2;2;2;2;2;2;2;2;2;2;2;2;2;2;2;2;2;2;2;2;2;4,64;2;2;2;2;2;2;2;2;2;2;2;2;2;2;2;2;2;2;2;2;2;2;2;2;2;2;2;2;2;2;4,0.03118712273641851,1.9935483870967738,5,3.006451612903226,overlap_aware,"0|4,9,14,19,24,29,31|3,8,13,18,23,28|2,7,12,17,22,27|1,6,11,16,21,26|5,10,15,20,25,30",3,7.0,0.9982977017634712,0.9982977017634712,pgm_fixed_global,1.0,0.9986821298758689,0.8322580645161292,0.007856533432320068,0.08326827871477122,0.20025839793281655,-1.3959442282896704,0.002990424303320416,,pgm_approx,approximate,optimized,0.0007869831729942243,0.0,0.0007869831729942243,0.0,0.031163615906053405,,0.0,
32,strong_skew,0.8,4400,0.8;0.0064516129;0.0064516129;0.0064516129;0.0064516129;0.0064516129;0.0064516129;0.0064516129;0.0064516129;0.0064516129;0.0064516129;0.0064516129;0.0064516129;0.0064516129;0.0064516129;0.0064516129;0.0064516129;0.0064516129;0.0064516129;0.0064516129;0.0064516129;0.0064516129;0.0064516129;0.0064516129;0.0064516129;0.0064516129;0.0064516129;0.0064516129;0.0064516129;0.0064516129;0.0064516129;0.0064516129,5;5;5;5;5;5;5;5;5;5;5;5;5;5;5;5;5;5;5;5;5;5;5;5;5;5;5;5;5;5;5;5,4;4;4;4;4;4;4;4;4;4;4;4;4;4;4;4;4;4;4;4;4;4;4;4;4;4;4;4;4;4;4;4,4;4;4;4;4;4;4;4;4;4;4;4;4;4;4;4;4;4;4;4;4;4;4;4;4;4;4;4;4;4;4;4,0.0,5.0,5,0.0,overlap_aware,"0|4,9,14,19,24,29,31|3,8,13,18,23,28|2,7,12,17,22,27|1,6,11,16,21,26|5,10,15,20,25,30",3,7.0,0.9999999999999999,0.9999999999999999,equal_support,1.0,0.9986821298758689,0.8322580645161292,0.007856533432320068,0.06657880865839126,0.125,-2.0013178701241308,-0.5999999999999999,,pgm_approx,approximate,optimized,0.0,0.0,0.0,0.0,0.0,,0.0,0.0
32,strong_skew,0.8,4400,0.8;0.0064516129;0.0064516129;0.0064516129;0.0064516129;0.0064516129;0.0064516129;0.0064516129;0.0064516129;0.0064516129;0.0064516129;0.0064516129;0.0064516129;0.0064516129;0.0064516129;0.0064516129;0.0064516129;0.0064516129;0.0064516129;0.0064516129;0.0064516129;0.0064516129;0.0064516129;0.0064516129;0.0064516129;0.0064516129;0.0064516129;0.0064516129;0.0064516129;0.0064516129;0.0064516129;0.0064516129,1;6;6;6;6;6;6;6;6;6;6;6;6;6;6;6;6;6;6;6;6;6;6;6;6;6;6;6;6;6;6;5,64;2;2;2;2;2;2;2;2;2;2;2;2;2;2;2;2;2;2;2;2;2;2;2;2;2;2;2;2;2;2;4,64;2;2;2;2;2;2;2;2;2;2;2;2;2;2;2;2;2;2;2;2;2;2;2;2;2;2;2;2;2;2;4,0.043259557344064385,1.9935483870967738,5,3.006451612903226,overlap_aware,"0|3,9,13,19,24,29,31|4,8,14,18,23,28|2,7,12,17,22,27|1,6,11,16,21,26|5,10,15,20,25,30",3,7.0,0.9854243990055767,0.9854243990055767,random_support,0.9991356477663512,0.9978245684544411,0.8322580645161292,0.007856533432320068,0.08319677682110725,0.2000853041392564,-1.365922473805387,0.014982764114330194,,pgm_approx,approximate,optimized,0.0011808402202817053,1.0405827263267423e-05,0.0011704343930184378,0.25,0.25,,0.0,0.0
32,strong_skew,0.9,4410,0.9;0.0032258065;0.0032258065;0.0032258065;0.0032258065;0.0032258065;0.0032258065;0.0032258065;0.0032258065;0.0032258065;0.0032258065;0.0032258065;0.0032258065;0.0032258065;0.0032258065;0.0032258065;0.0032258065;0.0032258065;0.0032258065;0.0032258065;0.0032258065;0.0032258065;0.0032258065;0.0032258065;0.0032258065;0.0032258065;0.0032258065;0.0032258065;0.0032258065;0.0032258065;0.0032258065;0.0032258065,1;6;6;6;6;6;6;6;6;6;6;6;6;6;6;6;6;6;6;6;6;6;6;6;6;6;6;6;6;6;6;5,64;2;2;2;2;2;2;2;2;2;2;2;2;2;2;2;2;2;2;2;2;2;2;2;2;2;2;2;2;2;2;4,64;2;2;2;2;2;2;2;2;2;2;2;2;2;2;2;2;2;2;2;2;2;2;2;2;2;2;2;2;2;2;4,0.03118712273641851,1.4967741935483871,5,3.5032258064516126,random,"5,8,10,19,25,26|12,16,17,18,28,30|9,14,22,27,31|1,2,3,11,20|0,4,6,13,23|7,15,21,24,29",3,7.0,0.9990090784806936,0.9990090784806936,pgm_fixed_global,0.999981289207571,0.9993225011474717,0.9161290322580646,0.007856533432320068,0.08692199084054889,0.2223774746444383,-1.2977538573720069,0.10151764056106316,,pgm_approx,approximate,optimized,0.0004874327056832153,9.456559277942804e-06,0.00047797614640527253,0.0032572593068469656,0.02974072391366833,,,
32,strong_skew,0.9,4410,0.9;0.0032258065;0.0032258065;0.0032258065;0.0032258065;0.0032258065;0.0032258065;0.0032258065;0.0032258065;0.0032258065;0.0032258065;0.0032258065;0.0032258065;0.0032258065;0.0032258065;0.0032258065;0.0032258065;0.0032258065;0.0032258065;0.0032258065;0.0032258065;0.0032258065;0.0032258065;0.0032258065;0.0032258065;0.0032258065;0.0032258065;0.0032258065;0.0032258065;0.0032258065;0.0032258065;0.0032258065,1;6;6;6;6;6;6;6;6;6;6;6;6;6;6;6;6;6;6;6;6;6;6;6;6;6;6;6;6;6;6;5,64;2;2;2;2;2;2;2;2;2;2;2;2;2;2;2;2;2;2;2;2;2;2;2;2;2;2;2;2;2;2;4,64;2;2;2;2;2;2;2;2;2;2;2;2;2;2;2;2;2;2;2;2;2;2;2;2;2;2;2;2;2;2;4,0.03118712273641851,1.4967741935483871,5,3.5032258064516126,probability_aware,"0|4,9,14,19,24,29,31|3,8,13,18,23,28|2,7,12,17,22,27|1,6,11,16,21,26|5,10,15,20,25,30",3,7.0,0.9990090784806936,0.9990090784806936,pgm_fixed_global,1.0,0.9993410649379344,0.9161290322580644,0.007856533432320068,0.08692360553612785,0.2223816355810617,-1.2977352935815443,0.10153635135349215,,pgm_approx,approximate,optimized,0.0004874327056832153,0.0,0.0004874327056832153,0.0,0.02974072391366833,,0.0,
32,strong_skew,0.9,4410,0.9;0.0032258065;0.0032258065;0.0032258065;0.0032258065;0.0032258065;0.0032258065;0.0032258065;0.0032258065;0.0032258065;0.0032258065;0.0032258065;0.0032258065;0.0032258065;0.0032258065;0.0032258065;0.0032258065;0.0032258065;0.0032258065;0.0032258065;0.0032258065;0.0032258065;0.0032258065;0.0032258065;0.0032258065;0.0032258065;0.0032258065;0.0032258065;0.0032258065;0.0032258065;0.0032258065;0.0032258065,1;6;6;6;6;6;6;6;6;6;6;6;6;6;6;6;6;6;6;6;6;6;6;6;6;6;6;6;6;6;6;5,64;2;2;2;2;2;2;2;2;2;2;2;2;2;2;2;2;2;2;2;2;2;2;2;2;2;2;2;2;2;2;4,64;2;2;2;2;2;2;2;2;2;2;2;2;2;2;2;2;2;2;2;2;2;2;2;2;2;2;2;2;2;2;4,0.03118712273641851,1.4967741935483871,5,3.5032258064516126,overlap_aware,"0|4,9,14,19,24,29,31|3,8,13,18,23,28|2,7,12,17,22,27|1,6,11,16,21,26|5,10,15,20,25,30",3,7.0,0.9990090784806936,0.9990090784806936,pgm_fixed_global,1.0,0.9993410649379344,0.9161290322580644,0.007856533432320068,0.08692360553612785,0.2223816355810617,-1.2977352935815443,0.10153635135349215,,pgm_approx,approximate,optimized,0.0004874327056832153,0.0,0.0004874327056832153,0.0,0.02974072391366833,,0.0,
32,strong_skew,0.9,4410,0.9;0.0032258065;0.0032258065;0.0032258065;0.0032258065;0.0032258065;0.0032258065;0.0032258065;0.0032258065;0.0032258065;0.0032258065;0.0032258065;0.0032258065;0.0032258065;0.0032258065;0.0032258065;0.0032258065;0.0032258065;0.0032258065;0.0032258065;0.0032258065;0.0032258065;0.0032258065;0.0032258065;0.0032258065;0.0032258065;0.0032258065;0.0032258065;0.0032258065;0.0032258065;0.0032258065;0.0032258065,5;5;5;5;5;5;5;5;5;5;5;5;5;5;5;5;5;5;5;5;5;5;5;5;5;5;5;5;5;5;5;5,4;4;4;4;4;4;4;4;4;4;4;4;4;4;4;4;4;4;4;4;4;4;4;4;4;4;4;4;4;4;4;4,4;4;4;4;4;4;4;4;4;4;4;4;4;4;4;4;4;4;4;4;4;4;4;4;4;4;4;4;4;4;4;4,0.0,5.0,5,0.0,overlap_aware,"0|4,9,14,19,24,29,31|3,8,13,18,23,28|2,7,12,17,22,27|1,6,11,16,21,26|5,10,15,20,25,30",3,7.0,1.0,1.0,equal_support,1.0,0.9993410649379344,0.9161290322580644,0.007856533432320068,0.06662273766252896,0.125,-2.0006589350620656,-0.6000000000000001,,pgm_approx,approximate,optimized,0.0,0.0,0.0,0.0,0.0,,0.0,0.0
32,strong_skew,0.9,4410,0.9;0.0032258065;0.0032258065;0.0032258065;0.0032258065;0.0032258065;0.0032258065;0.0032258065;0.0032258065;0.0032258065;0.0032258065;0.0032258065;0.0032258065;0.0032258065;0.0032258065;0.0032258065;0.0032258065;0.0032258065;0.0032258065;0.0032258065;0.0032258065;0.0032258065;0.0032258065;0.0032258065;0.0032258065;0.0032258065;0.0032258065;0.0032258065;0.0032258065;0.0032258065;0.0032258065;0.0032258065,1;6;6;6;6;6;6;6;6;6;6;6;6;6;6;6;6;6;6;6;6;6;6;6;6;6;6;6;6;6;6;5,64;2;2;2;2;2;2;2;2;2;2;2;2;2;2;2;2;2;2;2;2;2;2;2;2;2;2;2;2;2;2;4,64;2;2;2;2;2;2;2;2;2;2;2;2;2;2;2;2;2;2;2;2;2;2;2;2;2;2;2;2;2;2;4,0.05734406438631791,1.4967741935483871,5,3.5032258064516126,overlap_aware,"0|3,9,14,19,24,29|4,6,12,18,23,28,31|2,7,13,17,22,27|8,11,16,21,26,30|1,5,10,15,20,25",3,7.0,0.9885825095851666,0.9885825095851666,random_support,0.9995678238831759,0.9989122842272208,0.9161290322580644,0.007856533432320068,0.08688630979529699,0.22228552754934325,-1.2741896926511882,0.11048136042400014,,pgm_approx,approximate,optimized,0.000594660648390014,2.6014568158168554e-06,0.0005920591915741972,0.2499999999999999,0.25,,0.0,0.0
64,zipf,0.2,1642,0.029149738;0.025376321;0.023399706;0.02209137;0.021127137;0.020370627;0.01975218;0.019231655;0.018783917;0.018392241;0.018044968;0.017733661;0.017452031;0.017195272;0.016959631;0.016742128;0.016540357;0.016352349;0.016176477;0.016011376;0.015855896;0.015709057;0.015570017;0.015438049;0.015312519;0.015192876;0.015078631;0.014969354;0.014864663;0.014764216;0.01466771;0.014574869;0.014485446;0.014399217;0.014315979;0.014235547;0.014157752;0.014082441;0.014009471;0.013938712;0.013870045;0.013803359;0.013738552;0.013675528;0.013614201;0.013554487;0.013496311;0.013439602;0.013384293;0.013330322;0.013277632;0.013226166;0.013175875;0.01312671;0.013078626;0.013031579;0.01298553;0.01294044;0.012896274;0.012852997;0.012810577;0.012768983;0.012728187;0.01268816,5;6;6;6;6;6;6;6;6;6;6;6;6;6;6;6;6;6;6;6;6;6;6;6;6;6;6;6;6;6;6;6;6;6;6;6;6;6;6;6;6;6;6;6;6;6;6;6;6;6;6;6;6;6;6;6;6;6;6;6;6;6;7;7,8;4;4;4;4;4;4;4;4;4;4;4;4;4;4;4;4;4;4;4;4;4;4;4;4;4;4;4;4;4;4;4;4;4;4;4;4;4;4;4;4;4;4;4;4;4;4;4;4;4;4;4;4;4;4;4;4;4;4;4;4;4;2;2,8;4;4;4;4;4;4;4;4;4;4;4;4;4;4;4;4;4;4;4;4;4;4;4;4;4;4;4;4;4;4;4;4;4;4;4;4;4;4;4;4;4;4;4;4;4;4;4;4;4;4;4;4;4;4;4;4;4;4;4;4;4;2;2,0.008190427437931917,5.9962666093992425,6,0.0037333906007575024,random,"10,27,32,39,41,45,55,57|2,4,12,15,17,40,58,63|5,13,18,24,28,60,61,62|30,31,33,36,37,46,53,56|16,29,35,42,47,50,52,59|0,1,7,21,43,44,48,54|3,11,14,19,23,26,38,51|6,8,9,20,22,25,34,49",3,7.0,0.9683430393939044,0.9683430393939044,pgm_fixed_global,0.99658715167079,0.9900460337397856,0.16401665638139307,0.007856533432320068,0.06189231887133243,0.1107778587430437,-1.5915995375103624,-0.4553248736198028,,pgm_approx,approximate,optimized,0.0009511886441169945,0.00010123486645816619,0.0008499537776588283,0.12499999999999994,0.12499999999999994,,,
64,zipf,0.2,1642,0.029149738;0.025376321;0.023399706;0.02209137;0.021127137;0.020370627;0.01975218;0.019231655;0.018783917;0.018392241;0.018044968;0.017733661;0.017452031;0.017195272;0.016959631;0.016742128;0.016540357;0.016352349;0.016176477;0.016011376;0.015855896;0.015709057;0.015570017;0.015438049;0.015312519;0.015192876;0.015078631;0.014969354;0.014864663;0.014764216;0.01466771;0.014574869;0.014485446;0.014399217;0.014315979;0.014235547;0.014157752;0.014082441;0.014009471;0.013938712;0.013870045;0.013803359;0.013738552;0.013675528;0.013614201;0.013554487;0.013496311;0.013439602;0.013384293;0.013330322;0.013277632;0.013226166;0.013175875;0.01312671;0.013078626;0.013031579;0.01298553;0.01294044;0.012896274;0.012852997;0.012810577;0.012768983;0.012728187;0.01268816,5;6;6;6;6;6;6;6;6;6;6;6;6;6;6;6;6;6;6;6;6;6;6;6;6;6;6;6;6;6;6;6;6;6;6;6;6;6;6;6;6;6;6;6;6;6;6;6;6;6;6;6;6;6;6;6;6;6;6;6;6;6;7;7,8;4;4;4;4;4;4;4;4;4;4;4;4;4;4;4;4;4;4;4;4;4;4;4;4;4;4;4;4;4;4;4;4;4;4;4;4;4;4;4;4;4;4;4;4;4;4;4;4;4;4;4;4;4;4;4;4;4;4;4;4;4;2;2,8;4;4;4;4;4;4;4;4;4;4;4;4;4;4;4;4;4;4;4;4;4;4;4;4;4;4;4;4;4;4;4;4;4;4;4;4;4;4;4;4;4;4;4;4;4;4;4;4;4;4;4;4;4;4;4;4;4;4;4;4;4;2;2,0.008190427437931917,5.9962666093992425,6,0.0037333906007575024,probability_aware,"0,15,23,31,39,47,55,63|1,14,22,30,38,46,54,62|2,13,21,29,37,45,53,61|3,12,20,28,36,44,52,58|4,11,19,27,35,40,51,56|5,10,18,26,32,43,48,59|6,9,17,24,34,41,50,57|7,8,16,25,33,42,49,60",3,7.0,0.9683430393939044,0.9683430393939044,pgm_fixed_global,0.9993964867994608,0.9929627892306576,0.18049873447317902,0.007856533432320068,0.062074658636109684,0.11109013663015474,-1.5886827820194904,-0.452515538491132,,pgm_approx,approximate,optimized,0.0009511886441169945,2.2577862478988426e-05,0.0009286107816380061,0.06250000000000003,0.12499999999999994,,,
64,zipf,0.2,1642,0.029149738;0.025376321;0.023399706;0.02209137;0.021127137;0.020370627;0.01975218;0.019231655;0.018783917;0.018392241;0.018044968;0.017733661;0.017452031;0.017195272;0.016959631;0.016742128;0.016540357;0.016352349;0.016176477;0.016011376;0.015855896;0.015709057;0.015570017;0.015438049;0.015312519;0.015192876;0.015078631;0.014969354;0.014864663;0.014764216;0.01466771;0.014574869;0.014485446;0.014399217;0.014315979;0.014235547;0.014157752;0.014082441;0.014009471;0.013938712;0.013870045;0.013803359;0.013738552;0.013675528;0.013614201;0.013554487;0.013496311;0.013439602;0.013384293;0.013330322;0.013277632;0.013226166;0.013175875;0.01312671;0.013078626;0.013031579;0.01298553;0.01294044;0.012896274;0.012852997;0.012810577;0.012768983;0.012728187;0.01268816,5;6;6;6;6;6;6;6;6;6;6;6;6;6;6;6;6;6;6;6;6;6;6;6;6;6;6;6;6;6;6;6;6;6;6;6;6;6;6;6;6;6;6;6;6;6;6;6;6;6;6;6;6;6;6;6;6;6;6;6;6;6;7;7,8;4;4;4;4;4;4;4;4;4;4;4;4;4;4;4;4;4;4;4;4;4;4;4;4;4;4;4;4;4;4;4;4;4;4;4;4;4;4;4;4;4;4;4;4;4;4;4;4;4;4;4;4;4;4;4;4;4;4;4;4;4;2;2,8;4;4;4;4;4;4;4;4;4;4;4;4;4;4;4;4;4;4;4;4;4;4;4;4;4;4;4;4;4;4;4;4;4;4;4;4;4;4;4;4;4;4;4;4;4;4;4;4;4;4;4;4;4;4;4;4;4;4;4;4;4;2;2,0.008190427437931917,5.9962666093992425,6,0.0037333906007575024,overlap_aware,"0,15,23,31,39,47,55,63|1,14,22,30,38,46,54,62|2,13,21,29,37,45,53,61|3,12,20,28,36,44,52,58|4,11,19,27,33,43,50,57|5,10,17,26,34,42,49,60|6,8,18,25,35,41,51,56|7,9,16,24,32,40,48,59",3,7.0,0.9683430393939044,0.9683430393939044,pgm_fixed_global,0.9999999999999999,0.9935615609095598,0.18049873447317902,0.007856533432320068,0.06211209060030003,0.11115722148065356,-1.5880840103405882,-0.45191202529059293,,pgm_approx,approximate,optimized,0.0009511886441169945,0.0,0.0009511886441169945,0.0,0.12499999999999994,,,
64,zipf,0.2,1642,0.029149738;0.025376321;0.023399706;0.02209137;0.021127137;0.020370627;0.01975218;0.019231655;0.018783917;0.018392241;0.018044968;0.017733661;0.017452031;0.017195272;0.016959631;0.016742128;0.016540357;0.016352349;0.016176477;0.016011376;0.015855896;0.015709057;0.015570017;0.015438049;0.015312519;0.015192876;0.015078631;0.014969354;0.014864663;0.014764216;0.01466771;0.014574869;0.014485446;0.014399217;0.014315979;0.014235547;0.014157752;0.014082441;0.014009471;0.013938712;0.013870045;0.013803359;0.013738552;0.013675528;0.013614201;0.013554487;0.013496311;0.013439602;0.013384293;0.013330322;0.013277632;0.013226166;0.013175875;0.01312671;0.013078626;0.013031579;0.01298553;0.01294044;0.012896274;0.012852997;0.012810577;0.012768983;0.012728187;0.01268816,6;6;6;6;6;6;6;6;6;6;6;6;6;6;6;6;6;6;6;6;6;6;6;6;6;6;6;6;6;6;6;6;6;6;6;6;6;6;6;6;6;6;6;6;6;6;6;6;6;6;6;6;6;6;6;6;6;6;6;6;6;6;6;6,4;4;4;4;4;4;4;4;4;4;4;4;4;4;4;4;4;4;4;4;4;4;4;4;4;4;4;4;4;4;4;4;4;4;4;4;4;4;4;4;4;4;4;4;4;4;4;4;4;4;4;4;4;4;4;4;4;4;4;4;4;4;4;4,4;4;4;4;4;4;4;4;4;4;4;4;4;4;4;4;4;4;4;4;4;4;4;4;4;4;4;4;4;4;4;4;4;4;4;4;4;4;4;4;4;4;4;4;4;4;4;4;4;4;4;4;4;4;4;4;4;4;4;4;4;4;4;4,0.0,6.0,6,0.0,overlap_aware,"0,15,23,31,39,47,55,63|1,14,22,30,38,46,54,62|2,13,21,29,37,45,53,61|3,12,20,28,36,44,52,58|4,11,19,27,35,40,51,56|5,10,18,26,32,43,48,59|6,9,17,24,34,41,50,57|7,8,16,25,33,42,49,60",3,7.0,1.0,1.0,equal_support,0.9999999999999999,0.9935615609095598,0.18049873447317902,0.007856533432320068,0.06209759755684749,0.1111111111111111,-1.6731051057571067,-0.5000000000000001,,pgm_approx,approximate,optimized,0.0,0.0,0.0,0.0,0.0,,,
64,zipf,0.2,1642,0.029149738;0.025376321;0.023399706;0.02209137;0.021127137;0.020370627;0.01975218;0.019231655;0.018783917;0.018392241;0.018044968;0.017733661;0.017452031;0.017195272;0.016959631;0.016742128;0.016540357;0.016352349;0.016176477;0.016011376;0.015855896;0.015709057;0.015570017;0.015438049;0.015312519;0.015192876;0.015078631;0.014969354;0.014864663;0.014764216;0.01466771;0.014574869;0.014485446;0.014399217;0.014315979;0.014235547;0.014157752;0.014082441;0.014009471;0.013938712;0.013870045;0.013803359;0.013738552;0.013675528;0.013614201;0.013554487;0.013496311;0.013439602;0.013384293;0.013330322;0.013277632;0.013226166;0.013175875;0.01312671;0.013078626;0.013031579;0.01298553;0.01294044;0.012896274;0.012852997;0.012810577;0.012768983;0.012728187;0.01268816,5;6;6;6;6;6;6;6;6;6;6;6;6;6;6;6;6;6;6;6;6;6;6;6;6;6;6;6;6;6;6;6;6;6;6;6;6;6;6;6;6;6;6;6;6;6;6;6;6;6;6;6;6;6;6;6;6;6;6;6;6;6;7;7,8;4;4;4;4;4;4;4;4;4;4;4;4;4;4;4;4;4;4;4;4;4;4;4;4;4;4;4;4;4;4;4;4;4;4;4;4;4;4;4;4;4;4;4;4;4;4;4;4;4;4;4;4;4;4;4;4;4;4;4;4;4;2;2,8;4;4;4;4;4;4;4;4;4;4;4;4;4;4;4;4;4;4;4;4;4;4;4;4;4;4;4;4;4;4;4;4;4;4;4;4;4;4;4;4;4;4;4;4;4;4;4;4;4;4;4;4;4;4;4;4;4;4;4;4;4;2;2,0.013437420015357051,5.9962666093992425,6,0.0037333906007575024,overlap_aware,"0,15,23,31,39,47,55,63|1,14,22,30,38,46,54,62|2,13,21,29,37,45,53,60|3,12,20,28,36,44,52,59|4,11,19,27,34,41,51,56|5,10,18,26,33,42,48,58|6,9,17,24,35,40,50,57|7,8,16,25,32,43,49,61",3,7.0,0.9453676879330031,0.9453676879330031,random_support,0.9981230765673367,0.9916993835885952,0.18049873447317902,0.007856533432320068,0.061995677354232316,0.1109485878869468,-1.528692879759348,-0.4193402175254365,,pgm_approx,approximate,optimized,0.0016792950506366003,6.510321216065843e-05,0.001614191838475942,0.0625,0.12499999999999997,,,
64,zipf,0.8,1648,0.14149563;0.081267898;0.058755161;0.04667615;0.039045143;0.033745978;0.029830779;0.026808409;0.024397707;0.022425546;0.020779202;0.019381975;0.018179768;0.017133283;0.016213248;0.015397387;0.014668439;0.014012803;0.013419618;0.012880094;0.012387041;0.011934518;0.011517567;0.011132021;0.010774348;0.010441535;0.010130993;0.0098404871;0.0095680762;0.0093120654;0.0090709687;0.0088434768;0.0086284318;0.0084248056;0.008231682;0.0080482419;0.0078737504;0.0077075463;0.0075490332;0.0073976713;0.0072529709;0.007114487;0.0069818137;0.0068545805;0.0067324481;0.0066151052;0.0065022661;0.0063936673;0.0062890661;0.0061882381;0.0060909759;0.005997087;0.0059063928;0.0058187274;0.0057339364;0.0056518757;0.005572411;0.0054954167;0.0054207754;0.0053483771;0.0052781187;0.0052099034;0.0051436402;0.0050792436,3;4;4;4;5;5;5;5;5;5;6;6;6;6;6;6;6;6;6;6;6;6;6;6;7;7;7;7;7;7;7;7;7;7;7;7;7;7;7;7;7;7;7;7;7;7;7;7;7;7;7;7;7;7;7;7;8;8;8;8;8;8;8;8,64;32;32;32;16;16;16;16;16;16;8;8;8;8;8;8;8;8;8;8;8;8;8;8;4;4;4;4;4;4;4;4;4;4;4;4;4;4;4;4;4;4;4;4;4;4;4;4;4;4;4;4;4;4;4;4;2;2;2;2;2;2;2;2,64;32;32;32;16;16;16;16;16;16;8;8;8;8;8;8;8;8;8;8;8;8;8;8;4;4;4;4;4;4;4;4;4;4;4;4;4;4;4;4;4;4;4;4;4;4;4;4;4;4;4;4;4;4;4;4;2;2;2;2;2;2;2;2,0.02467712177121771,5.354923659180413,6,0.6450763408195872,random,"1,6,15,27,31,51,59,60|8,16,20,21,41,50,58,63|0,4,5,7,29,30,52,56|10,17,18,26,33,44,46,47|12,14,22,32,38,43,49,57|13,23,25,28,34,40,45,55|24,36,39,42,48,54,61,62|2,3,9,11,19,35,37,53",3,7.0,0.98467439088383,0.98467439088383,pgm_fixed_global,0.9979727119447598,0.9930608880417707,0.3727829962384893,0.007856533432320068,0.06467377566205214,0.11944725680984346,-1.5268724621534266,-0.37317384888596916,,pgm_approx,approximate,optimized,0.0005078279519021326,5.6792052973839224e-05,0.00045103589892829337,0.13287304773683956,0.13287304773683956,,,
64,zipf,0.8,1648,0.14149563;0.081267898;0.058755161;0.04667615;0.039045143;0.033745978;0.029830779;0.026808409;0.024397707;0.022425546;0.020779202;0.019381975;0.018179768;0.017133283;0.016213248;0.015397387;0.014668439;0.014012803;0.013419618;0.012880094;0.012387041;0.011934518;0.011517567;0.011132021;0.010774348;0.010441535;0.010130993;0.0098404871;0.0095680762;0.0093120654;0.0090709687;0.0088434768;0.0086284318;0.0084248056;0.008231682;0.0080482419;0.0078737504;0.0077075463;0.0075490332;0.0073976713;0.0072529709;0.007114487;0.0069818137;0.0068545805;0.0067324481;0.0066151052;0.0065022661;0.0063936673;0.0062890661;0.0061882381;0.0060909759;0.005997087;0.0059063928;0.0058187274;0.0057339364;0.0056518757;0.005572411;0.0054954167;0.0054207754;0.0053483771;0.0052781187;0.0052099034;0.0051436402;0.0050792436,3;4;4;4;5;5;5;5;5;5;6;6;6;6;6;6;6;6;6;6;6;6;6;6;7;7;7;7;7;7;7;7;7;7;7;7;7;7;7;7;7;7;7;7;7;7;7;7;7;7;7;7;7;7;7;7;8;8;8;8;8;8;8;8,64;32;32;32;16;16;16;16;16;16;8;8;8;8;8;8;8;8;8;8;8;8;8;8;4;4;4;4;4;4;4;4;4;4;4;4;4;4;4;4;4;4;4;4;4;4;4;4;4;4;4;4;4;4;4;4;2;2;2;2;2;2;2;2,64;32;32;32;16;16;16;16;16;16;8;8;8;8;8;8;8;8;8;8;8;8;8;8;4;4;4;4;4;4;4;4;4;4;4;4;4;4;4;4;4;4;4;4;4;4;4;4;4;4;4;4;4;4;4;4;2;2;2;2;2;2;2;2,0.02467712177121771,5.354923659180413,6,0.6450763408195872,probability_aware,"0|1,27,32,42,46,55,62|2,17,22,30,36,43,51,58|3,12,18,24,31,38,45,52,59|4,11,16,23,29,37,44,50,57|5,10,15,21,28,35,39,49,53,63|6,9,14,20,25,33,41,48,54,61|7,8,13,19,26,34,40,47,56,60",3,7.0,0.98467439088383,0.98467439088383,pgm_fixed_global,0.999357191041305,0.9951010551149635,0.4576251456034563,0.007856533432320068,0.06480664295064807,0.11961296497822678,-1.5248322950802338,-0.3717893697894239,,pgm_approx,approximate,optimized,0.0005078279519021326,3.2484065764635846e-05,0.00047534388613749675,0.049664987879894686,0.13287304773683956,,0.0,
64,zipf,0.8,1648,0.14149563;0.081267898;0.058755161;0.04667615;0.039045143;0.033745978;0.029830779;0.026808409;0.024397707;0.022425546;0.020779202;0.019381975;0.018179768;0.017133283;0.016213248;0.015397387;0.014668439;0.014012803;0.013419618;0.012880094;0.012387041;0.011934518;0.011517567;0.011132021;0.010774348;0.010441535;0.010130993;0.0098404871;0.0095680762;0.0093120654;0.0090709687;0.0088434768;0.0086284318;0.0084248056;0.008231682;0.0080482419;0.0078737504;0.0077075463;0.0075490332;0.0073976713;0.0072529709;0.007114487;0.0069818137;0.0068545805;0.0067324481;0.0066151052;0.0065022661;0.0063936673;0.0062890661;0.0061882381;0.0060909759;0.005997087;0.0059063928;0.0058187274;0.0057339364;0.0056518757;0.005572411;0.0054954167;0.0054207754;0.0053483771;0.0052781187;0.0052099034;0.0051436402;0.0050792436,3;4;4;4;5;5;5;5;5;5;6;6;6;6;6;6;6;6;6;6;6;6;6;6;7;7;7;7;7;7;7;7;7;7;7;7;7;7;7;7;7;7;7;7;7;7;7;7;7;7;7;7;7;7;7;7;8;8;8;8;8;8;8;8,64;32;32;32;16;16;16;16;16;16;8;8;8;8;8;8;8;8;8;8;8;8;8;8;4;4;4;4;4;4;4;4;4;4;4;4;4;4;4;4;4;4;4;4;4;4;4;4;4;4;4;4;4;4;4;4;2;2;2;2;2;2;2;2,64;32;32;32;16;16;16;16;16;16;8;8;8;8;8;8;8;8;8;8;8;8;8;8;4;4;4;4;4;4;4;4;4;4;4;4;4;4;4;4;4;4;4;4;4;4;4;4;4;4;4;4;4;4;4;4;2;2;2;2;2;2;2;2,0.02467712177121771,5.354923659180413,6,0.6450763408195872,overlap_aware,"0|1,27,32,42,46,55,62|2,17,22,30,36,43,51,58|3,12,18,24,31,38,45,52,59|4,11,16,23,29,37,44,50,57|5,10,15,21,28,35,39,49,53,63|6,9,14,20,25,33,41,48,54,61|7,8,13,19,26,34,40,47,56,60",3,7.0,0.98467439088383,0.98467439088383,pgm_fixed_global,0.999357191041305,0.9951010551149635,0.4576251456034563,0.007856533432320068,0.06480664295064807,0.11961296497822678,-1.5248322950802338,-0.3717893697894239,,pgm_approx,approximate,optimized,0.0005078279519021326,3.2484065764635846e-05,0.00047534388613749675,0.049664987879894686,0.13287304773683956,,0.0,
64,zipf,0.8,1648,0.14149563;0.081267898;0.058755161;0.04667615;0.039045143;0.033745978;0.029830779;0.026808409;0.024397707;0.022425546;0.020779202;0.019381975;0.018179768;0.017133283;0.016213248;0.015397387;0.014668439;0.014012803;0.013419618;0.012880094;0.012387041;0.011934518;0.011517567;0.011132021;0.010774348;0.010441535;0.010130993;0.0098404871;0.0095680762;0.0093120654;0.0090709687;0.0088434768;0.0086284318;0.0084248056;0.008231682;0.0080482419;0.0078737504;0.0077075463;0.0075490332;0.0073976713;0.0072529709;0.007114487;0.0069818137;0.0068545805;0.0067324481;0.0066151052;0.0065022661;0.0063936673;0.0062890661;0.0061882381;0.0060909759;0.005997087;0.0059063928;0.0058187274;0.0057339364;0.0056518757;0.005572411;0.0054954167;0.0054207754;0.0053483771;0.0052781187;0.0052099034;0.0051436402;0.0050792436,6;6;6;6;6;6;6;6;6;6;6;6;6;6;6;6;6;6;6;6;6;6;6;6;6;6;6;6;6;6;6;6;6;6;6;6;6;6;6;6;6;6;6;6;6;6;6;6;6;6;6;6;6;6;6;6;6;6;6;6;6;6;6;6,8;8;8;8;8;8;8;8;8;8;8;8;8;8;8;8;8;8;8;8;8;8;8;8;8;8;8;8;8;8;8;8;8;8;8;8;8;8;8;8;8;8;8;8;8;8;8;8;8;8;8;8;8;8;8;8;8;8;8;8;8;8;8;8,8;8;8;8;8;8;8;8;8;8;8;8;8;8;8;8;8;8;8;8;8;8;8;8;8;8;8;8;8;8;8;8;8;8;8;8;8;8;8;8;8;8;8;8;8;8;8;8;8;8;8;8;8;8;8;8;8;8;8;8;8;8;8;8,0.0,6.0,6,0.0,overlap_aware,"0|1,27,32,42,46,55,62|2,17,22,30,36,43,51,58|3,12,18,24,31,38,45,52,59|4,11,16,23,29,37,44,50,57|5,10,15,21,28,35,39,49,53,63|6,9,14,20,25,33,41,48,54,61|7,8,13,19,26,34,40,47,56,60",3,7.0,0.9999999999999998,0.9999999999999998,equal_support,0.9999999999999997,0.9957388138235835,0.4576251456034563,0.007856533432320068,0.06223367586397397,0.11111111111111108,-1.6709278528430827,-0.5000000000000001,,pgm_approx,approximate,optimized,0.0,0.0,0.0,0.0,0.0,,0.0,0.0
64,zipf,0.8,1648,0.14149563;0.081267898;0.058755161;0.04667615;0.039045143;0.033745978;0.029830779;0.026808409;0.024397707;0.022425546;0.020779202;0.019381975;0.018179768;0.017133283;0.016213248;0.015397387;0.014668439;0.014012803;0.013419618;0.012880094;0.012387041;0.011934518;0.011517567;0.011132021;0.010774348;0.010441535;0.010130993;0.0098404871;0.0095680762;0.0093120654;0.0090709687;0.0088434768;0.0086284318;0.0084248056;0.008231682;0.0080482419;0.0078737504;0.0077075463;0.0075490332;0.0073976713;0.0072529709;0.007114487;0.0069818137;0.0068545805;0.0067324481;0.0066151052;0.0065022661;0.0063936673;0.0062890661;0.0061882381;0.0060909759;0.005997087;0.0059063928;0.0058187274;0.0057339364;0.0056518757;0.005572411;0.0054954167;0.0054207754;0.0053483771;0.0052781187;0.0052099034;0.0051436402;0.0050792436,3;4;4;4;5;5;5;5;5;5;6;6;6;6;6;6;6;6;6;6;6;6;6;6;7;7;7;7;7;7;7;7;7;7;7;7;7;7;7;7;7;7;7;7;7;7;7;7;7;7;7;7;7;7;7;7;8;8;8;8;8;8;8;8,64;32;32;32;16;16;16;16;16;16;8;8;8;8;8;8;8;8;8;8;8;8;8;8;4;4;4;4;4;4;4;4;4;4;4;4;4;4;4;4;4;4;4;4;4;4;4;4;4;4;4;4;4;4;4;4;2;2;2;2;2;2;2;2,64;32;32;32;16;16;16;16;16;16;8;8;8;8;8;8;8;8;8;8;8;8;8;8;4;4;4;4;4;4;4;4;4;4;4;4;4;4;4;4;4;4;4;4;4;4;4;4;4;4;4;4;4;4;4;4;2;2;2;2;2;2;2;2,0.026752767527675275,5.354923659180413,6,0.6450763408195872,overlap_aware,"0|1,27,32,42,46,56,61|2,17,22,30,36,43,51,57|3,12,18,24,31,38,45,52,59|4,11,16,23,29,37,44,50,58|5,10,15,21,28,34,40,49,53,63|6,9,14,20,25,33,41,48,54,62|7,8,13,19,26,35,39,47,55,60",3,7.0,0.9785322482881145,0.9785322482881145,random_support,0.9986015258410248,0.9943513268235928,0.4576251456034563,0.007856533432320068,0.06475781637827221,0.11952251948391637,-1.509863334928102,-0.3639921795745369,,pgm_approx,approximate,optimized,0.0008297956932743466,4.603840853880011e-05,0.0007837572847355465,0.0625,0.12499999999999997,,0.0,0.0
64,zipf,1.4,1654,0.3797429;0.14389565;0.081568017;0.054526255;0.039896211;0.030908499;0.024908777;0.020661587;0.017520647;0.015117837;0.013229392;0.011712131;0.010470537;0.0094386615;0.0085696265;0.0078292774;0.0071921903;0.0066390838;0.006155093;0.005728589;0.0053503556;0.0050130023;0.0047105399;0.0044380677;0.0041915403;0.0039675917;0.0037634001;0.0035765839;0.0034051203;0.0032472812;0.0031015821;0.0029667414;0.0028416471;0.0027253305;0.0026169438;0.0025157423;0.0024210694;0.0023323441;0.0022490505;0.0021707293;0.0020969702;0.0020274056;0.0019617056;0.0018995727;0.0018407387;0.0017849608;0.001732019;0.0016817132;0.0016338612;0.0015882968;0.0015448681;0.0015034361;0.0014638731;0.001426062;0.0013898947;0.0013552719;0.0013221017;0.0012902993;0.0012597862;0.0012304895;0.0012023416;0.0011752799;0.0011492457;0.0011241848,1;3;4;5;5;5;6;6;6;6;7;7;7;7;7;7;7;8;8;8;8;8;8;8;8;8;8;8;8;8;9;9;9;9;9;9;9;9;9;9;9;9;9;9;9;9;9;9;10;10;10;10;10;10;10;10;10;10;10;10;10;10;10;10,1024;256;128;64;64;64;32;32;32;32;16;16;16;16;16;16;16;8;8;8;8;8;8;8;8;8;8;8;8;8;4;4;4;4;4;4;4;4;4;4;4;4;4;4;4;4;4;4;2;2;2;2;2;2;2;2;2;2;2;2;2;2;2;2,1024;256;128;64;64;64;32;32;32;32;16;16;16;16;16;16;16;8;8;8;8;8;8;8;8;8;8;8;8;8;4;4;4;4;4;4;4;4;4;4;4;4;4;4;4;4;4;4;2;2;2;2;2;2;2;2;2;2;2;2;2;2;2;2,0.14488529522376833,3.7794818517601096,6,2.2205181482398904,random,"1,6,16,33,35,45,50,55|5,23,25,26,31,34,39,47|12,20,22,24,30,54,61,62|0,3,21,38,42,44,52,57|2,9,14,28,46,48,51,63|7,8,11,18,29,32,40,56|13,15,17,27,36,41,59,60|4,10,19,37,43,49,53,58",3,7.0,0.9947699758958233,0.9947699758958233,pgm_fixed_global,0.9999107641625601,0.9976847827145209,0.7165820585425942,0.007856533432320068,0.07240365011163917,0.14749073543178823,-1.2868843555408693,-0.12409340221436926,,pgm_approx,approximate,optimized,0.0002996480573249472,9.200644257599169e-06,0.00029044741306734806,0.027670714692553222,0.13323753637555696,,,
64,zipf,1.4,1654,0.3797429;0.14389565;0.081568017;0.054526255;0.039896211;0.030908499;0.024908777;0.020661587;0.017520647;0.015117837;0.013229392;0.011712131;0.010470537;0.0094386615;0.0085696265;0.0078292774;0.0071921903;0.0066390838;0.006155093;0.005728589;0.0053503556;0.0050130023;0.0047105399;0.0044380677;0.0041915403;0.0039675917;0.0037634001;0.0035765839;0.0034051203;0.0032472812;0.0031015821;0.0029667414;0.0028416471;0.0027253305;0.0026169438;0.0025157423;0.0024210694;0.0023323441;0.0022490505;0.0021707293;0.0020969702;0.0020274056;0.0019617056;0.0018995727;0.0018407387;0.0017849608;0.001732019;0.0016817132;0.0016338612;0.0015882968;0.0015448681;0.0015034361;0.0014638731;0.001426062;0.0013898947;0.0013552719;0.0013221017;0.0012902993;0.0012597862;0.0012304895;0.0012023416;0.0011752799;0.0011492457;0.0011241848,1;3;4;5;5;5;6;6;6;6;7;7;7;7;7;7;7;8;8;8;8;8;8;8;8;8;8;8;8;8;9;9;9;9;9;9;9;9;9;9;9;9;9;9;9;9;9;9;10;10;10;10;10;10;10;10;10;10;10;10;10;10;10;10,1024;256;128;64;64;64;32;32;32;32;16;16;16;16;16;16;16;8;8;8;8;8;8;8;8;8;8;8;8;8;4;4;4;4;4;4;4;4;4;4;4;4;4;4;4;4;4;4;2;2;2;2;2;2;2;2;2;2;2;2;2;2;2;2,1024;256;128;64;64;64;32;32;32;32;16;16;16;16;16;16;16;8;8;8;8;8;8;8;8;8;8;8;8;8;4;4;4;4;4;4;4;4;4;4;4;4;4;4;4;4;4;4;2;2;2;2;2;2;2;2;2;2;2;2;2;2;2;2,0.14488529522376833,3.7794818517601096,6,2.2205181482398904,probability_aware,"0|1|2|3,19,24,29,34,39,44,49,54,59|4,12,17,20,27,31,36,41,46,52,55,60|5,10,14,18,23,28,33,38,43,48,53,58,61|6,9,13,15,22,25,32,35,42,45,51,56,62|7,8,11,16,21,26,30,37,40,47,50,57,63",3,7.0,0.9947699758958233,0.9947699758958233,pgm_fixed_global,0.9999885170641095,0.9982295914472952,0.7761078918536889,0.007856533432320068,0.07244318779082301,0.14750220428785268,-1.286339546808095,-0.12401564931281983,,pgm_approx,approximate,optimized,0.0002996480573249472,4.3756906869617037e-07,0.000299210488256251,0.0012087397150703201,0.13323753637555696,,0.0,
64,zipf,1.4,1654,0.3797429;0.14389565;0.081568017;0.054526255;0.039896211;0.030908499;0.024908777;0.020661587;0.017520647;0.015117837;0.013229392;0.011712131;0.010470537;0.0094386615;0.0085696265;0.0078292774;0.0071921903;0.0066390838;0.006155093;0.005728589;0.0053503556;0.0050130023;0.0047105399;0.0044380677;0.0041915403;0.0039675917;0.0037634001;0.0035765839;0.0034051203;0.0032472812;0.0031015821;0.0029667414;0.0028416471;0.0027253305;0.0026169438;0.0025157423;0.0024210694;0.0023323441;0.0022490505;0.0021707293;0.0020969702;0.0020274056;0.0019617056;0.0018995727;0.0018407387;0.0017849608;0.001732019;0.0016817132;0.0016338612;0.0015882968;0.0015448681;0.0015034361;0.0014638731;0.001426062;0.0013898947;0.0013552719;0.0013221017;0.0012902993;0.0012597862;0.0012304895;0.0012023416;0.0011752799;0.0011492457;0.0011241848,1;3;4;5;5;5;6;6;6;6;7;7;7;7;7;7;7;8;8;8;8;8;8;8;8;8;8;8;8;8;9;9;9;9;9;9;9;9;9;9;9;9;9;9;9;9;9;9;10;10;10;10;10;10;10;10;10;10;10;10;10;10;10;10,1024;256;128;64;64;64;32;32;32;32;16;16;16;16;16;16;16;8;8;8;8;8;8;8;8;8;8;8;8;8;4;4;4;4;4;4;4;4;4;4;4;4;4;4;4;4;4;4;2;2;2;2;2;2;2;2;2;2;2;2;2;2;2;2,1024;256;128;64;64;64;32;32;32;32;16;16;16;16;16;16;16;8;8;8;8;8;8;8;8;8;8;8;8;8;4;4;4;4;4;4;4;4;4;4;4;4;4;4;4;4;4;4;2;2;2;2;2;2;2;2;2;2;2;2;2;2;2;2,0.14488529522376833,3.7794818517601096,6,2.2205181482398904,overlap_aware,"0|1|2|3,19,24,29,34,39,44,49,54,59|4,12,17,20,27,31,36,41,46,52,55,60|5,10,14,18,23,28,33,38,43,48,53,58,61|6,9,13,15,22,25,32,35,42,45,51,56,62|7,8,11,16,21,26,30,37,40,47,50,57,63",3,7.0,0.9947699758958233,0.9947699758958233,pgm_fixed_global,0.9999885170641095,0.9982295914472952,0.7761078918536889,0.007856533432320068,0.07244318779082301,0.14750220428785268,-1.286339546808095,-0.12401564931281983,,pgm_approx,approximate,optimized,0.0002996480573249472,4.3756906869617037e-07,0.000299210488256251,0.0012087397150703201,0.13323753637555696,,0.0,
64,zipf,1.4,1654,0.3797429;0.14389565;0.081568017;0.054526255;0.039896211;0.030908499;0.024908777;0.020661587;0.017520647;0.015117837;0.013229392;0.011712131;0.010470537;0.0094386615;0.0085696265;0.0078292774;0.0071921903;0.0066390838;0.006155093;0.005728589;0.0053503556;0.0050130023;0.0047105399;0.0044380677;0.0041915403;0.0039675917;0.0037634001;0.0035765839;0.0034051203;0.0032472812;0.0031015821;0.0029667414;0.0028416471;0.0027253305;0.0026169438;0.0025157423;0.0024210694;0.0023323441;0.0022490505;0.0021707293;0.0020969702;0.0020274056;0.0019617056;0.0018995727;0.0018407387;0.0017849608;0.001732019;0.0016817132;0.0016338612;0.0015882968;0.0015448681;0.0015034361;0.0014638731;0.001426062;0.0013898947;0.0013552719;0.0013221017;0.0012902993;0.0012597862;0.0012304895;0.0012023416;0.0011752799;0.0011492457;0.0011241848,6;6;6;6;6;6;6;6;6;6;6;6;6;6;6;6;6;6;6;6;6;6;6;6;6;6;6;6;6;6;6;6;6;6;6;6;6;6;6;6;6;6;6;6;6;6;6;6;6;6;6;6;6;6;6;6;6;6;6;6;6;6;6;6,32;32;32;32;32;32;32;32;32;32;32;32;32;32;32;32;32;32;32;32;32;32;32;32;32;32;32;32;32;32;32;32;32;32;32;32;32;32;32;32;32;32;32;32;32;32;32;32;32;32;32;32;32;32;32;32;32;32;32;32;32;32;32;32,32;32;32;32;32;32;32;32;32;32;32;32;32;32;32;32;32;32;32;32;32;32;32;32;32;32;32;32;32;32;32;32;32;32;32;32;32;32;32;32;32;32;32;32;32;32;32;32;32;32;32;32;32;32;32;32;32;32;32;32;32;32;32;32,0.0,6.0,6,0.0,overlap_aware,"0|1|2|3,19,24,29,34,39,44,49,54,59|4,12,17,20,27,31,36,41,46,52,55,60|5,10,14,18,23,28,33,38,43,48,53,58,61|6,9,13,15,22,25,32,35,42,45,51,56,62|7,8,11,16,21,26,30,37,40,47,50,57,63",3,7.0,1.0,1.0,equal_support,1.0,0.9982409841671159,0.7761078918536889,0.007856533432320068,0.062390061510444746,0.1111111111111111,-1.6684256824995507,-0.5,,pgm_approx,approximate,optimized,0.0,0.0,0.0,0.0,0.0,,0.0,0.0
64,zipf,1.4,1654,0.3797429;0.14389565;0.081568017;0.054526255;0.039896211;0.030908499;0.024908777;0.020661587;0.017520647;0.015117837;0.013229392;0.011712131;0.010470537;0.0094386615;0.0085696265;0.0078292774;0.0071921903;0.0066390838;0.006155093;0.005728589;0.0053503556;0.0050130023;0.0047105399;0.0044380677;0.0041915403;0.0039675917;0.0037634001;0.0035765839;0.0034051203;0.0032472812;0.0031015821;0.0029667414;0.0028416471;0.0027253305;0.0026169438;0.0025157423;0.0024210694;0.0023323441;0.0022490505;0.0021707293;0.0020969702;0.0020274056;0.0019617056;0.0018995727;0.0018407387;0.0017849608;0.001732019;0.0016817132;0.0016338612;0.0015882968;0.0015448681;0.0015034361;0.0014638731;0.001426062;0.0013898947;0.0013552719;0.0013221017;0.0012902993;0.0012597862;0.0012304895;0.0012023416;0.0011752799;0.0011492457;0.0011241848,1;3;4;5;5;5;6;6;6;6;7;7;7;7;7;7;7;8;8;8;8;8;8;8;8;8;8;8;8;8;9;9;9;9;9;9;9;9;9;9;9;9;9;9;9;9;9;9;10;10;10;10;10;10;10;10;10;10;10;10;10;10;10;10,1024;256;128;64;64;64;32;32;32;32;16;16;16;16;16;16;16;8;8;8;8;8;8;8;8;8;8;8;8;8;4;4;4;4;4;4;4;4;4;4;4;4;4;4;4;4;4;4;2;2;2;2;2;2;2;2;2;2;2;2;2;2;2;2,1024;256;128;64;64;64;32;32;32;32;16;16;16;16;16;16;16;8;8;8;8;8;8;8;8;8;8;8;8;8;4;4;4;4;4;4;4;4;4;4;4;4;4;4;4;4;4;4;2;2;2;2;2;2;2;2;2;2;2;2;2;2;2;2,0.07164347499059796,3.7794818517601096,6,2.2205181482398904,overlap_aware,"0|1|2|3,19,24,29,34,39,44,49,54,59|4,12,17,20,27,31,36,41,46,52,55,60|5,10,14,18,23,28,33,38,43,48,53,58,61|6,9,13,15,22,25,32,35,42,45,51,56,62|7,8,11,16,21,26,30,37,40,47,50,57,63",3,7.0,0.9973725042439385,0.9973725042439385,random_support,0.9997310484571513,0.9979741456510554,0.7761078918536889,0.007856533432320068,0.07242464966297553,0.1474642266646968,-1.2925719079612588,-0.12721375020390124,,pgm_approx,approximate,optimized,0.00016361095893405316,6.99189368741311e-06,0.00015661906524664005,0.031249999999999986,0.24999999999999994,,0.0,0.0
64,zipf,2.0,1660,0.61371135;0.15342784;0.06819015;0.03835696;0.024548454;0.017047538;0.012524722;0.0095892399;0.0075766834;0.0061371135;0.0050719947;0.0042618844;0.0036314281;0.0031311804;0.002727606;0.00239731;0.0021235687;0.0018941708;0.0017000315;0.0015342784;0.0013916357;0.0012679987;0.0011601349;0.0010654711;0.00098193817;0.00090785703;0.00084185371;0.00078279509;0.00072974002;0.0006819015;0.00063861743;0.00059932749;0.00056355496;0.00053089218;0.00050098886;0.00047354271;0.00044829171;0.00042500786;0.00040349201;0.0003835696;0.00036508706;0.00034790893;0.00033191528;0.00031699967;0.00030306734;0.00029003372;0.00027782316;0.00026636778;0.00025560656;0.00024548454;0.00023595208;0.00022696426;0.00021848037;0.00021046343;0.00020287979;0.00019569877;0.00018889238;0.000182435;0.00017630318;0.00017047538;0.00016493183;0.00015965436;0.00015462619;0.00014983187,1;2;4;5;5;6;6;6;7;7;7;8;8;8;8;8;9;9;9;9;9;9;9;10;10;10;10;10;10;10;10;10;10;10;11;11;11;11;11;11;11;11;11;11;11;11;11;11;12;12;12;12;12;12;12;12;12;12;12;12;12;12;12;12,4096;2048;512;256;256;128;128;128;64;64;64;32;32;32;32;32;16;16;16;16;16;16;16;8;8;8;8;8;8;8;8;8;8;8;4;4;4;4;4;4;4;4;4;4;4;4;4;4;2;2;2;2;2;2;2;2;2;2;2;2;2;2;2;2,4096;2048;512;256;256;128;128;128;64;64;64;32;32;32;32;32;16;16;16;16;16;16;16;8;8;8;8;8;8;8;8;8;8;8;4;4;4;4;4;4;4;4;4;4;4;4;4;4;2;2;2;2;2;2;2;2;2;2;2;2;2;2;2;2,0.36691821333877217,2.2805445771056925,6,3.7194554228943075,random,"5,6,7,29,38,40,48,59|3,18,37,39,41,47,50,60|1,9,23,26,36,43,46,55|0,10,19,20,22,25,31,61|8,11,15,17,21,24,34,56|12,27,28,30,35,51,54,63|2,4,14,33,49,52,57,62|13,16,32,42,44,45,53,58",3,7.0,0.9987833432626487,0.9987833432626487,pgm_fixed_global,0.9998547663572964,0.9991101112839574,0.9050731327330181,0.007856533432320068,0.08135715032919412,0.18934690385765565,-1.0451571170173115,0.12083477186245095,,pgm_approx,approximate,optimized,5.81208452829049e-05,5.6800096396477885e-06,5.244083564325711e-05,0.13199025798341246,0.13199025798341246,,,
64,zipf,2.0,1660,0.61371135;0.15342784;0.06819015;0.03835696;0.024548454;0.017047538;0.012524722;0.0095892399;0.0075766834;0.0061371135;0.0050719947;0.0042618844;0.0036314281;0.0031311804;0.002727606;0.00239731;0.0021235687;0.0018941708;0.0017000315;0.0015342784;0.0013916357;0.0012679987;0.0011601349;0.0010654711;0.00098193817;0.00090785703;0.00084185371;0.00078279509;0.00072974002;0.0006819015;0.00063861743;0.00059932749;0.00056355496;0.00053089218;0.00050098886;0.00047354271;0.00044829171;0.00042500786;0.00040349201;0.0003835696;0.00036508706;0.00034790893;0.00033191528;0.00031699967;0.00030306734;0.00029003372;0.00027782316;0.00026636778;0.00025560656;0.00024548454;0.00023595208;0.00022696426;0.00021848037;0.00021046343;0.00020287979;0.00019569877;0.00018889238;0.000182435;0.00017630318;0.00017047538;0.00016493183;0.00015965436;0.00015462619;0.00014983187,1;2;4;5;5;6;6;6;7;7;7;8;8;8;8;8;9;9;9;9;9;9;9;10;10;10;10;10;10;10;10;10;10;10;11;11;11;11;11;11;11;11;11;11;11;11;11;11;12;12;12;12;12;12;12;12;12;12;12;12;12;12;12;12,4096;2048;512;256;256;128;128;128;64;64;64;32;32;32;32;32;16;16;16;16;16;16;16;8;8;8;8;8;8;8;8;8;8;8;4;4;4;4;4;4;4;4;4;4;4;4;4;4;2;2;2;2;2;2;2;2;2;2;2;2;2;2;2;2,4096;2048;512;256;256;128;128;128;64;64;64;32;32;32;32;32;16;16;16;16;16;16;16;8;8;8;8;8;8;8;8;8;8;8;4;4;4;4;4;4;4;4;4;4;4;4;4;4;2;2;2;2;2;2;2;2;2;2;2;2;2;2;2;2,0.36691821333877217,2.2805445771056925,6,3.7194554228943075,probability_aware,"0|1|2|3|4,16,23,26,30,33,36,43,47,48,54,57,62|5,10,14,19,20,27,28,35,39,40,45,50,53,58,60|6,9,12,15,18,21,25,29,34,37,42,44,51,55,56,61|7,8,11,13,17,22,24,31,32,38,41,46,49,52,59,63",3,7.0,0.9987833432626487,0.9987833432626487,pgm_fixed_global,0.9998223214460908,0.9993318689793433,0.9373962564426707,0.007856533432320068,0.08137520797264744,0.1893407596218232,-1.0449353593219257,0.12080232695124538,,pgm_approx,approximate,optimized,5.81208452829049e-05,8.603470211278957e-07,5.726049826177701e-05,0.13199025798341246,0.13199025798341246,,0.0,
64,zipf,2.0,1660,0.61371135;0.15342784;0.06819015;0.03835696;0.024548454;0.017047538;0.012524722;0.0095892399;0.0075766834;0.0061371135;0.0050719947;0.0042618844;0.0036314281;0.0031311804;0.002727606;0.00239731;0.0021235687;0.0018941708;0.0017000315;0.0015342784;0.0013916357;0.0012679987;0.0011601349;0.0010654711;0.00098193817;0.00090785703;0.00084185371;0.00078279509;0.00072974002;0.0006819015;0.00063861743;0.00059932749;0.00056355496;0.00053089218;0.00050098886;0.00047354271;0.00044829171;0.00042500786;0.00040349201;0.0003835696;0.00036508706;0.00034790893;0.00033191528;0.00031699967;0.00030306734;0.00029003372;0.00027782316;0.00026636778;0.00025560656;0.00024548454;0.00023595208;0.00022696426;0.00021848037;0.00021046343;0.00020287979;0.00019569877;0.00018889238;0.000182435;0.00017630318;0.00017047538;0.00016493183;0.00015965436;0.00015462619;0.00014983187,1;2;4;5;5;6;6;6;7;7;7;8;8;8;8;8;9;9;9;9;9;9;9;10;10;10;10;10;10;10;10;10;10;10;11;11;11;11;11;11;11;11;11;11;11;11;11;11;12;12;12;12;12;12;12;12;12;12;12;12;12;12;12;12,4096;2048;512;256;256;128;128;128;64;64;64;32;32;32;32;32;16;16;16;16;16;16;16;8;8;8;8;8;8;8;8;8;8;8;4;4;4;4;4;4;4;4;4;4;4;4;4;4;2;2;2;2;2;2;2;2;2;2;2;2;2;2;2;2,4096;2048;512;256;256;128;128;128;64;64;64;32;32;32;32;32;16;16;16;16;16;16;16;8;8;8;8;8;8;8;8;8;8;8;4;4;4;4;4;4;4;4;4;4;4;4;4;4;2;2;2;2;2;2;2;2;2;2;2;2;2;2;2;2,0.36691821333877217,2.2805445771056925,6,3.7194554228943075,overlap_aware,"0|1|2|3|4,16,23,26,30,33,36,43,47,48,54,57,62|5,10,14,19,20,27,28,35,39,40,45,50,53,58,60|6,9,12,15,18,21,25,29,34,37,42,44,51,55,56,61|7,8,11,13,17,22,24,31,32,38,41,46,49,52,59,63",3,7.0,0.9987833432626487,0.9987833432626487,pgm_fixed_global,0.9998223214460908,0.9993318689793433,0.9373962564426707,0.007856533432320068,0.08137520797264744,0.1893407596218232,-1.0449353593219257,0.12080232695124538,,pgm_approx,approximate,optimized,5.81208452829049e-05,8.603470211278957e-07,5.726049826177701e-05,0.13199025798341246,0.13199025798341246,,0.0,
64,zipf,2.0,1660,0.61371135;0.15342784;0.06819015;0.03835696;0.024548454;0.017047538;0.012524722;0.0095892399;0.0075766834;0.0061371135;0.0050719947;0.0042618844;0.0036314281;0.0031311804;0.002727606;0.00239731;0.0021235687;0.0018941708;0.0017000315;0.0015342784;0.0013916357;0.0012679987;0.0011601349;0.0010654711;0.00098193817;0.00090785703;0.00084185371;0.00078279509;0.00072974002;0.0006819015;0.00063861743;0.00059932749;0.00056355496;0.00053089218;0.00050098886;0.00047354271;0.00044829171;0.00042500786;0.00040349201;0.0003835696;0.00036508706;0.00034790893;0.00033191528;0.00031699967;0.00030306734;0.00029003372;0.00027782316;0.00026636778;0.00025560656;0.00024548454;0.00023595208;0.00022696426;0.00021848037;0.00021046343;0.00020287979;0.00019569877;0.00018889238;0.000182435;0.00017630318;0.00017047538;0.00016493183;0.00015965436;0.00015462619;0.00014983187,6;6;6;6;6;6;6;6;6;6;6;6;6;6;6;6;6;6;6;6;6;6;6;6;6;6;6;6;6;6;6;6;6;6;6;6;6;6;6;6;6;6;6;6;6;6;6;6;6;6;6;6;6;6;6;6;6;6;6;6;6;6;6;6,128;128;128;128;128;128;128;128;128;128;128;128;128;128;128;128;128;128;128;128;128;128;128;128;128;128;128;128;128;128;128;128;128;128;128;128;128;128;128;128;128;128;128;128;128;128;128;128;128;128;128;128;128;128;128;128;128;128;128;128;128;128;128;128,128;128;128;128;128;128;128;128;128;128;128;128;128;128;128;128;128;128;128;128;128;128;128;128;128;128;128;128;128;128;128;128;128;128;128;128;128;128;128;128;128;128;128;128;128;128;128;128;128;128;128;128;128;128;128;128;128;128;128;128;128;128;128;128,0.0,6.0,6,0.0,overlap_aware,"0|1|2|3|4,16,23,26,30,33,36,43,47,48,54,57,62|5,10,14,19,20,27,28,35,39,40,45,50,53,58,60|6,9,12,15,18,21,25,29,34,37,42,44,51,55,56,61|7,8,11,13,17,22,24,31,32,38,41,46,49,52,59,63",3,7.0,1.0,1.0,equal_support,0.9999999999999999,0.9995081515957533,0.9373962564426707,0.007856533432320068,0.062469259474734584,0.1111111111111111,-1.6671585150709132,-0.5000000000000001,,pgm_approx,approximate,optimized,0.0,0.0,0.0,0.0,0.0,,0.0,0.0
64,zipf,2.0,1660,0.61371135;0.15342784;0.06819015;0.03835696;0.024548454;0.017047538;0.012524722;0.0095892399;0.0075766834;0.0061371135;0.0050719947;0.0042618844;0.0036314281;0.0031311804;0.002727606;0.00239731;0.0021235687;0.0018941708;0.0017000315;0.0015342784;0.0013916357;0.0012679987;0.0011601349;0.0010654711;0.00098193817;0.00090785703;0.00084185371;0.00078279509;0.00072974002;0.0006819015;0.00063861743;0.00059932749;0.00056355496;0.00053089218;0.00050098886;0.00047354271;0.00044829171;0.00042500786;0.00040349201;0.0003835696;0.00036508706;0.00034790893;0.00033191528;0.00031699967;0.00030306734;0.00029003372;0.00027782316;0.00026636778;0.00025560656;0.00024548454;0.00023595208;0.00022696426;0.00021848037;0.00021046343;0.00020287979;0.00019569877;0.00018889238;0.000182435;0.00017630318;0.00017047538;0.00016493183;0.00015965436;0.00015462619;0.00014983187,1;2;4;5;5;6;6;6;7;7;7;8;8;8;8;8;9;9;9;9;9;9;9;10;10;10;10;10;10;10;10;10;10;10;11;11;11;11;11;11;11;11;11;11;11;11;11;11;12;12;12;12;12;12;12;12;12;12;12;12;12;12;12;12,4096;2048;512;256;256;128;128;128;64;64;64;32;32;32;32;32;16;16;16;16;16;16;16;8;8;8;8;8;8;8;8;8;8;8;4;4;4;4;4;4;4;4;4;4;4;4;4;4;2;2;2;2;2;2;2;2;2;2;2;2;2;2;2;2,4096;2048;512;256;256;128;128;128;64;64;64;32;32;32;32;32;16;16;16;16;16;16;16;8;8;8;8;8;8;8;8;8;8;8;4;4;4;4;4;4;4;4;4;4;4;4;4;4;2;2;2;2;2;2;2;2;2;2;2;2;2;2;2;2,0.14399347338364266,2.2805445771056925,6,3.7194554228943075,overlap_aware,"0|1|2|3|4,16,23,26,30,33,36,43,47,48,54,57,62|5,10,14,19,20,27,28,35,39,40,45,50,53,58,60|6,9,12,15,18,21,25,29,34,37,42,44,51,55,56,61|7,8,11,13,17,22,24,31,32,38,41,46,49,52,59,63",3,7.0,0.9998234975902888,0.9998234975902888,random_support,0.9999751638362363,0.9994835105581407,0.9373962564426707,0.007856533432320068,0.08138755608781816,0.18936970405888148,-1.0469126613410702,0.12003973912569532,,pgm_approx,approximate,optimized,1.9173335697890402e-05,1.9480502811379035e-07,1.8978530669776612e-05,0.03125000000000001,0.062499999999999986,,0.0,0.0
64,dirichlet,2.0,8420,0.032290137;0.0064899269;0.011098057;0.012740357;0.02178809;0.0053722412;0.013251311;0.012054234;0.027710353;0.0095791014;0.0025975121;0.0084946807;0.011876914;0.029000153;0.0081751787;0.019201497;0.029612943;0.029651816;0.028760817;0.024718619;0.028053399;0.020183114;0.033103294;0.0067382026;0.025699997;0.0068404869;0.016209662;0.036582939;0.018699382;0.022480873;0.011144698;0.0068346147;0.0043821963;0.010635566;0.017632205;0.018456463;0.0054036603;0.0045275258;0.018841448;0.012608124;0.0083324047;0.016811044;0.011277098;0.015877967;0.012349017;0.0018329688;0.011060651;0.030938224;0.013790557;0.0058448035;0.012653695;0.0069573675;0.01010804;0.025092041;0.01072143;0.0081769781;0.007043081;0.026203999;0.0043379124;0.0040519915;0.012330754;0.036705542;0.0209412;0.017039445,5;7;7;6;6;8;6;6;5;7;9;7;6;5;7;6;5;5;5;5;5;6;5;7;5;7;6;5;6;6;7;7;8;7;6;6;7;8;6;6;7;6;6;6;6;9;7;5;6;7;6;7;7;5;7;7;7;5;8;8;6;5;6;6,32;8;8;16;16;4;16;16;32;8;2;8;16;32;8;16;32;32;32;32;32;16;32;8;32;8;16;32;16;16;8;8;4;8;16;16;8;4;16;16;8;16;16;16;16;2;8;32;16;8;16;8;8;32;8;8;8;32;4;4;16;32;16;16,32;8;8;16;16;4;16;16;32;8;2;8;16;32;8;16;32;32;32;32;32;16;32;8;32;8;16;32;16;16;8;8;4;8;16;16;8;4;16;16;8;16;16;16;16;2;8;32;16;8;16;8;8;32;8;8;8;32;4;4;16;32;16;16,0.021207329550739465,5.774189834275559,6,0.22581016572444135,random,"12,20,25,29,30,31,35,48|0,14,15,19,51,53,55,63|3,7,22,37,42,44,45,52|1,17,23,28,38,40,56,58|11,16,27,41,49,50,57,59|6,10,21,24,39,43,47,61|2,5,8,26,34,36,60,62|4,9,13,18,32,33,46,54",3,7.0,0.9891990094394207,0.9891990094394207,pgm_fixed_global,0.9984044823504694,0.9925489541556041,0.2530976310136065,0.007856533432320068,0.06292234115243787,0.11378879431697442,-1.6080865389735228,-0.44816549976600006,,pgm_approx,approximate,optimized,0.0003221884167039376,3.952405204056839e-05,0.0002826643646633692,0.07717656277842815,0.1279161271326953,,,
64,dirichlet,2.0,8420,0.032290137;0.0064899269;0.011098057;0.012740357;0.02178809;0.0053722412;0.013251311;0.012054234;0.027710353;0.0095791014;0.0025975121;0.0084946807;0.011876914;0.029000153;0.0081751787;0.019201497;0.029612943;0.029651816;0.028760817;0.024718619;0.028053399;0.020183114;0.033103294;0.0067382026;0.025699997;0.0068404869;0.016209662;0.036582939;0.018699382;0.022480873;0.011144698;0.0068346147;0.0043821963;0.010635566;0.017632205;0.018456463;0.0054036603;0.0045275258;0.018841448;0.012608124;0.0083324047;0.016811044;0.011277098;0.015877967;0.012349017;0.0018329688;0.011060651;0.030938224;0.013790557;0.0058448035;0.012653695;0.0069573675;0.01010804;0.025092041;0.01072143;0.0081769781;0.007043081;0.026203999;0.0043379124;0.0040519915;0.012330754;0.036705542;0.0209412;0.017039445,5;7;7;6;6;8;6;6;5;7;9;7;6;5;7;6;5;5;5;5;5;6;5;7;5;7;6;5;6;6;7;7;8;7;6;6;7;8;6;6;7;6;6;6;6;9;7;5;6;7;6;7;7;5;7;7;7;5;8;8;6;5;6;6,32;8;8;16;16;4;16;16;32;8;2;8;16;32;8;16;32;32;32;32;32;16;32;8;32;8;16;32;16;16;8;8;4;8;16;16;8;4;16;16;8;16;16;16;16;2;8;32;16;8;16;8;8;32;8;8;8;32;4;4;16;32;16;16,32;8;8;16;16;4;16;16;32;8;2;8;16;32;8;16;32;32;32;32;32;16;32;8;32;8;16;32;16;16;8;8;4;8;16;16;8;4;16;16;8;16;16;16;16;2;8;32;16;8;16;8;8;32;8;8;8;32;4;4;16;32;16;16,0.021207329550739465,5.774189834275559,6,0.22581016572444135,probability_aware,"9,29,31,35,42,43,59,61|1,19,27,34,44,50,54,58|11,22,28,30,36,41,51,53|0,2,5,24,38,40,56,63|3,4,7,37,46,47,49,57|6,8,17,25,32,39,52,62|10,16,20,21,23,33,48,60|12,13,14,15,18,26,45,55",3,7.0,0.9891990094394207,0.9891990094394207,pgm_fixed_global,0.999846900843404,0.9940176527221117,0.257885045591566,0.007856533432320068,0.06301544885444589,0.11395318767068326,-1.606617840407015,-0.4467230812730655,,pgm_approx,approximate,optimized,0.0003221884167039376,2.5855917202501537e-06,0.0003196028249836874,0.0364924666952823,0.1279161271326953,,,
64,dirichlet,2.0,8420,0.032290137;0.0064899269;0.011098057;0.012740357;0.02178809;0.0053722412;0.013251311;0.012054234;0.027710353;0.0095791014;0.0025975121;0.0084946807;0.011876914;0.029000153;0.0081751787;0.019201497;0.029612943;0.029651816;0.028760817;0.024718619;0.028053399;0.020183114;0.033103294;0.0067382026;0.025699997;0.0068404869;0.016209662;0.036582939;0.018699382;0.022480873;0.011144698;0.0068346147;0.0043821963;0.010635566;0.017632205;0.018456463;0.0054036603;0.0045275258;0.018841448;0.012608124;0.0083324047;0.016811044;0.011277098;0.015877967;0.012349017;0.0018329688;0.011060651;0.030938224;0.013790557;0.0058448035;0.012653695;0.0069573675;0.01010804;0.025092041;0.01072143;0.0081769781;0.007043081;0.026203999;0.0043379124;0.0040519915;0.012330754;0.036705542;0.0209412;0.017039445,5;7;7;6;6;8;6;6;5;7;9;7;6;5;7;6;5;5;5;5;5;6;5;7;5;7;6;5;6;6;7;7;8;7;6;6;7;8;6;6;7;6;6;6;6;9;7;5;6;7;6;7;7;5;7;7;7;5;8;8;6;5;6;6,32;8;8;16;16;4;16;16;32;8;2;8;16;32;8;16;32;32;32;32;32;16;32;8;32;8;16;32;16;16;8;8;4;8;16;16;8;4;16;16;8;16;16;16;16;2;8;32;16;8;16;8;8;32;8;8;8;32;4;4;16;32;16;16,32;8;8;16;16;4;16;16;32;8;2;8;16;32;8;16;32;32;32;32;32;16;32;8;32;8;16;32;16;16;8;8;4;8;16;16;8;4;16;16;8;16;16;16;16;2;8;32;16;8;16;8;8;32;8;8;8;32;4;4;16;32;16;16,0.021207329550739465,5.774189834275559,6,0.22581016572444135,overlap_aware,"9,29,31,35,42,43,59,61|1,19,27,34,44,50,54,58|5,11,22,28,30,41,51,53|0,2,14,24,38,40,45,63|3,4,7,37,46,47,49,57|6,8,17,25,32,39,52,62|10,16,20,21,23,33,48,60|12,13,15,18,26,36,55,56",3,7.0,0.9891990094394207,0.9891990094394207,pgm_fixed_global,0.999997469901184,0.9941670388290554,0.257885045591566,0.007856533432320068,0.06302491914157399,0.1139703481220325,-1.6064684543000713,-0.4465725122152855,,pgm_approx,approximate,optimized,0.0003221884167039376,1.4613393290547578e-07,0.0003220422827710321,0.0001752062384582371,0.1279161271326953,,,
64,dirichlet,2.0,8420,0.032290137;0.0064899269;0.011098057;0.012740357;0.02178809;0.0053722412;0.013251311;0.012054234;0.027710353;0.0095791014;0.0025975121;0.0084946807;0.011876914;0.029000153;0.0081751787;0.019201497;0.029612943;0.029651816;0.028760817;0.024718619;0.028053399;0.020183114;0.033103294;0.0067382026;0.025699997;0.0068404869;0.016209662;0.036582939;0.018699382;0.022480873;0.011144698;0.0068346147;0.0043821963;0.010635566;0.017632205;0.018456463;0.0054036603;0.0045275258;0.018841448;0.012608124;0.0083324047;0.016811044;0.011277098;0.015877967;0.012349017;0.0018329688;0.011060651;0.030938224;0.013790557;0.0058448035;0.012653695;0.0069573675;0.01010804;0.025092041;0.01072143;0.0081769781;0.007043081;0.026203999;0.0043379124;0.0040519915;0.012330754;0.036705542;0.0209412;0.017039445,6;6;6;6;6;6;6;6;6;6;6;6;6;6;6;6;6;6;6;6;6;6;6;6;6;6;6;6;6;6;6;6;6;6;6;6;6;6;6;6;6;6;6;6;6;6;6;6;6;6;6;6;6;6;6;6;6;6;6;6;6;6;6;6,16;16;16;16;16;16;16;16;16;16;16;16;16;16;16;16;16;16;16;16;16;16;16;16;16;16;16;16;16;16;16;16;16;16;16;16;16;16;16;16;16;16;16;16;16;16;16;16;16;16;16;16;16;16;16;16;16;16;16;16;16;16;16;16,16;16;16;16;16;16;16;16;16;16;16;16;16;16;16;16;16;16;16;16;16;16;16;16;16;16;16;16;16;16;16;16;16;16;16;16;16;16;16;16;16;16;16;16;16;16;16;16;16;16;16;16;16;16;16;16;16;16;16;16;16;16;16;16,0.0,6.0,6,0.0,overlap_aware,"9,29,31,35,42,43,59,61|1,19,27,34,44,50,54,58|11,22,28,30,36,41,51,53|0,2,5,24,38,40,56,63|3,4,7,37,46,47,49,57|6,8,17,25,32,39,52,62|10,16,20,21,23,33,48,60|12,13,14,15,18,26,45,55",3,7.0,1.0,1.0,equal_support,0.9999999999999999,0.9941695490500654,0.257885045591566,0.007856533432320068,0.062135596815629086,0.1111111111111111,-1.6724971176166012,-0.5000000000000001,,pgm_approx,approximate,optimized,0.0,0.0,0.0,0.0,0.0,,,
64,dirichlet,2.0,8420,0.032290137;0.0064899269;0.011098057;0.012740357;0.02178809;0.0053722412;0.013251311;0.012054234;0.027710353;0.0095791014;0.0025975121;0.0084946807;0.011876914;0.029000153;0.0081751787;0.019201497;0.029612943;0.029651816;0.028760817;0.024718619;0.028053399;0.020183114;0.033103294;0.0067382026;0.025699997;0.0068404869;0.016209662;0.036582939;0.018699382;0.022480873;0.011144698;0.0068346147;0.0043821963;0.010635566;0.017632205;0.018456463;0.0054036603;0.0045275258;0.018841448;0.012608124;0.0083324047;0.016811044;0.011277098;0.015877967;0.012349017;0.0018329688;0.011060651;0.030938224;0.013790557;0.0058448035;0.012653695;0.0069573675;0.01010804;0.025092041;0.01072143;0.0081769781;0.007043081;0.026203999;0.0043379124;0.0040519915;0.012330754;0.036705542;0.0209412;0.017039445,5;7;7;6;6;8;6;6;5;7;9;7;6;5;7;6;5;5;5;5;5;6;5;7;5;7;6;5;6;6;7;7;8;7;6;6;7;8;6;6;7;6;6;6;6;9;7;5;6;7;6;7;7;5;7;7;7;5;8;8;6;5;6;6,32;8;8;16;16;4;16;16;32;8;2;8;16;32;8;16;32;32;32;32;32;16;32;8;32;8;16;32;16;16;8;8;4;8;16;16;8;4;16;16;8;16;16;16;16;2;8;32;16;8;16;8;8;32;8;8;8;32;4;4;16;32;16;16,32;8;8;16;16;4;16;16;32;8;2;8;16;32;8;16;32;32;32;32;32;16;32;8;32;8;16;32;16;16;8;8;4;8;16;16;8;4;16;16;8;16;16;16;16;2;8;32;16;8;16;8;8;32;8;8;8;32;4;4;16;32;16;16,0.02325365082317924,5.774189834275559,6,0.22581016572444135,overlap_aware,"1,7,10,19,34,46,50,61|9,27,29,31,35,42,43,58|12,14,22,26,28,53,55,59|0,2,24,36,38,40,56,63|3,4,23,44,45,47,54,57|17,20,21,25,32,48,52,60|6,8,16,33,37,39,49,62|5,11,13,15,18,30,41,51",3,7.0,0.9866658188460475,0.9866658188460475,random_support,0.9987545816103229,0.9929339153316041,0.257885045591566,0.007856533432320068,0.0629467456499141,0.11382869535245076,-1.6010417395798116,-0.4441109513140371,,pgm_approx,approximate,optimized,0.0004642965034463618,4.5836014703189464e-05,0.00041846048874317235,0.007812500000000002,0.03125000000000001,,,
64,dirichlet,2.0,8437,0.010385763;0.0079399339;0.015190967;0.0085982092;0.012759928;0.0088289827;0.015091837;0.020179898;0.021578108;0.010069801;0.011766989;0.016336261;0.014889901;0.0094883734;0.0055349528;0.02914969;0.017754499;0.0073468178;0.017442167;0.045877696;0.027676737;0.011895388;0.010670302;0.0070265093;0.031284132;0.0195677;0.0068136926;0.013081654;0.010896224;0.014266045;0.023091717;0.053885769;0.0039903967;0.0029292328;0.0060951879;0.0046083072;0.021052437;0.010161272;0.019374916;0.0054399453;0.027813474;0.021228364;0.022748736;0.012831185;0.0043836088;0.0011231982;0.02409923;0.01493525;0.016052701;0.012071991;0.01304097;0.0060516144;0.01820346;0.035121384;0.0077963725;0.015854708;0.01165805;0.0026464322;0.0062592773;0.033357961;0.0096142867;0.020026747;0.035296882;0.017765778,7;7;6;7;6;7;6;6;6;7;6;6;6;7;8;5;6;7;6;4;5;6;7;7;5;6;7;6;7;6;5;4;8;8;7;8;6;7;6;8;5;6;6;6;8;9;5;6;6;6;6;8;6;5;7;6;6;9;7;5;7;6;5;6,8;8;16;8;16;8;16;16;16;8;16;16;16;8;4;32;16;8;16;64;32;16;8;8;32;16;8;16;8;16;32;64;4;4;8;4;16;8;16;4;32;16;16;16;4;2;32;16;16;16;16;4;16;32;8;16;16;2;8;32;8;16;32;16,8;8;16;8;16;8;16;16;16;8;16;16;16;8;4;32;16;8;16;64;32;16;8;8;32;16;8;16;8;16;32;64;4;4;8;4;16;8;16;4;32;16;16;16;4;2;32;16;16;16;16;4;16;32;8;16;16;2;8;32;8;16;32;16,0.022822181217830435,5.748757875846471,6,0.25124212415352876,random,"3,14,29,30,36,42,57,61|8,18,23,26,35,41,48,59|0,6,21,28,33,50,53,56|1,16,25,27,38,43,49,58|2,9,13,22,24,31,45,62|10,11,15,32,37,40,52,63|17,44,46,47,51,54,55,60|4,5,7,12,19,20,34,39",3,7.0,0.9887285766797574,0.9887285766797574,pgm_fixed_global,0.9983139368912519,0.992545962387745,0.2641511470049731,0.007856533432320068,0.06302376163328989,0.11410921996680147,-1.6026618641222221,-0.4433772168256649,,pgm_approx,approximate,optimized,0.0003472648361208227,5.035599623002489e-05,0.00029690883989079783,0.09342248837510166,0.12499999999999997,,,
64,dirichlet,2.0,8437,0.010385763;0.0079399339;0.015190967;0.0085982092;0.012759928;0.0088289827;0.015091837;0.020179898;0.021578108;0.010069801;0.011766989;0.016336261;0.014889901;0.0094883734;0.0055349528;0.02914969;0.017754499;0.0073468178;0.017442167;0.045877696;0.027676737;0.011895388;0.010670302;0.0070265093;0.031284132;0.0195677;0.0068136926;0.013081654;0.010896224;0.014266045;0.023091717;0.053885769;0.0039903967;0.0029292328;0.0060951879;0.0046083072;0.021052437;0.010161272;0.019374916;0.0054399453;0.027813474;0.021228364;0.022748736;0.012831185;0.0043836088;0.0011231982;0.02409923;0.01493525;0.016052701;0.012071991;0.01304097;0.0060516144;0.01820346;0.035121384;0.0077963725;0.015854708;0.01165805;0.0026464322;0.0062592773;0.033357961;0.0096142867;0.020026747;0.035296882;0.017765778,7;7;6;7;6;7;6;6;6;7;6;6;6;7;8;5;6;7;6;4;5;6;7;7;5;6;7;6;7;6;5;4;8;8;7;8;6;7;6;8;5;6;6;6;8;9;5;6;6;6;6;8;6;5;7;6;6;9;7;5;7;6;5;6,8;8;16;8;16;8;16;16;16;8;16;16;16;8;4;32;16;8;16;64;32;16;8;8;32;16;8;16;8;16;32;64;4;4;8;4;16;8;16;4;32;16;16;16;4;2;32;16;16;16;16;4;16;32;8;16;16;2;8;32;8;16;32;16,8;8;16;8;16;8;16;16;16;8;16;16;16;8;4;32;16;8;16;64;32;16;8;8;32;16;8;16;8;16;32;64;4;4;8;4;16;8;16;4;32;16;16;16;4;2;32;16;16;16;16;4;16;32;8;16;16;2;8;32;8;16;32;16,0.022822181217830435,5.748757875846471,6,0.25124212415352876,probability_aware,"10,17,22,31,35,48,61|5,18,19,29,36,51,56|2,23,37,39,41,43,62,63|1,8,16,27,32,45,47,53,60|6,9,14,26,42,50,52,59|21,24,25,28,30,34,55,58|0,7,11,15,44,46,49,54|3,4,12,13,20,33,38,40,57",3,7.0,0.9887285766797574,0.9887285766797574,pgm_fixed_global,0.9994757533434544,0.9939157729015412,0.2917869883417501,0.007856533432320068,0.06311074058900151,0.11424201784150435,-1.6012920536084256,-0.4422154003734624,,pgm_approx,approximate,optimized,0.0003472648361208227,8.971503908239376e-06,0.0003382933322125833,0.12499999999999997,0.12499999999999997,,,
64,dirichlet,2.0,8437,0.010385763;0.0079399339;0.015190967;0.0085982092;0.012759928;0.0088289827;0.015091837;0.020179898;0.021578108;0.010069801;0.011766989;0.016336261;0.014889901;0.0094883734;0.0055349528;0.02914969;0.017754499;0.0073468178;0.017442167;0.045877696;0.027676737;0.011895388;0.010670302;0.0070265093;0.031284132;0.0195677;0.0068136926;0.013081654;0.010896224;0.014266045;0.023091717;0.053885769;0.0039903967;0.0029292328;0.0060951879;0.0046083072;0.021052437;0.010161272;0.019374916;0.0054399453;0.027813474;0.021228364;0.022748736;0.012831185;0.0043836088;0.0011231982;0.02409923;0.01493525;0.016052701;0.012071991;0.01304097;0.0060516144;0.01820346;0.035121384;0.0077963725;0.015854708;0.01165805;0.0026464322;0.0062592773;0.033357961;0.0096142867;0.020026747;0.035296882;0.017765778,7;7;6;7;6;7;6;6;6;7;6;6;6;7;8;5;6;7;6;4;5;6;7;7;5;6;7;6;7;6;5;4;8;8;7;8;6;7;6;8;5;6;6;6;8;9;5;6;6;6;6;8;6;5;7;6;6;9;7;5;7;6;5;6,8;8;16;8;16;8;16;16;16;8;16;16;16;8;4;32;16;8;16;64;32;16;8;8;32;16;8;16;8;16;32;64;4;4;8;4;16;8;16;4;32;16;16;16;4;2;32;16;16;16;16;4;16;32;8;16;16;2;8;32;8;16;32;16,8;8;16;8;16;8;16;16;16;8;16;16;16;8;4;32;16;8;16;64;32;16;8;8;32;16;8;16;8;16;32;64;4;4;8;4;16;8;16;4;32;16;16;16;4;2;32;16;16;16;16;4;16;32;8;16;16;2;8;32;8;16;32;16,0.022822181217830435,5.748757875846471,6,0.25124212415352876,overlap_aware,"10,17,22,31,35,48,61|5,18,19,29,36,51,56|2,23,37,39,41,43,62,63|1,8,16,27,32,45,47,53,60|6,9,14,26,42,50,52,59|21,24,25,28,30,34,55,58|0,7,11,15,44,46,49,54|3,4,12,13,20,33,38,40,57",3,7.0,0.9887285766797574,0.9887285766797574,pgm_fixed_global,0.9994757533434544,0.9939157729015412,0.2917869883417501,0.007856533432320068,0.06311074058900151,0.11424201784150435,-1.6012920536084256,-0.4422154003734624,,pgm_approx,approximate,optimized,0.0003472648361208227,8.971503908239376e-06,0.0003382933322125833,0.12499999999999997,0.12499999999999997,,,
64,dirichlet,2.0,8437,0.010385763;0.0079399339;0.015190967;0.0085982092;0.012759928;0.0088289827;0.015091837;0.020179898;0.021578108;0.010069801;0.011766989;0.016336261;0.014889901;0.0094883734;0.0055349528;0.02914969;0.017754499;0.0073468178;0.017442167;0.045877696;0.027676737;0.011895388;0.010670302;0.0070265093;0.031284132;0.0195677;0.0068136926;0.013081654;0.010896224;0.014266045;0.023091717;0.053885769;0.0039903967;0.0029292328;0.0060951879;0.0046083072;0.021052437;0.010161272;0.019374916;0.0054399453;0.027813474;0.021228364;0.022748736;0.012831185;0.0043836088;0.0011231982;0.02409923;0.01493525;0.016052701;0.012071991;0.01304097;0.0060516144;0.01820346;0.035121384;0.0077963725;0.015854708;0.01165805;0.0026464322;0.0062592773;0.033357961;0.0096142867;0.020026747;0.035296882;0.017765778,6;6;6;6;6;6;6;6;6;6;6;6;6;6;6;6;6;6;6;6;6;6;6;6;6;6;6;6;6;6;6;6;6;6;6;6;6;6;6;6;6;6;6;6;6;6;6;6;6;6;6;6;6;6;6;6;6;6;6;6;6;6;6;6,16;16;16;16;16;16;16;16;16;16;16;16;16;16;16;16;16;16;16;16;16;16;16;16;16;16;16;16;16;16;16;16;16;16;16;16;16;16;16;16;16;16;16;16;16;16;16;16;16;16;16;16;16;16;16;16;16;16;16;16;16;16;16;16,16;16;16;16;16;16;16;16;16;16;16;16;16;16;16;16;16;16;16;16;16;16;16;16;16;16;16;16;16;16;16;16;16;16;16;16;16;16;16;16;16;16;16;16;16;16;16;16;16;16;16;16;16;16;16;16;16;16;16;16;16;16;16;16,0.0,6.0,6,0.0,overlap_aware,"10,17,22,31,35,48,61|5,18,19,29,36,51,56|2,23,37,39,41,43,62,63|1,8,16,27,32,45,47,53,60|6,9,14,26,42,50,52,59|21,24,25,28,30,34,55,58|0,7,11,15,44,46,49,54|3,4,12,13,20,33,38,40,57",3,7.0,1.0,1.0,equal_support,1.0,0.9944359007967029,0.2917869883417501,0.007856533432320068,0.06215224379979393,0.1111111111111111,-1.6722307658699638,-0.5,,pgm_approx,approximate,optimized,0.0,0.0,0.0,0.0,0.0,,,
64,dirichlet,2.0,8437,0.010385763;0.0079399339;0.015190967;0.0085982092;0.012759928;0.0088289827;0.015091837;0.020179898;0.021578108;0.010069801;0.011766989;0.016336261;0.014889901;0.0094883734;0.0055349528;0.02914969;0.017754499;0.0073468178;0.017442167;0.045877696;0.027676737;0.011895388;0.010670302;0.0070265093;0.031284132;0.0195677;0.0068136926;0.013081654;0.010896224;0.014266045;0.023091717;0.053885769;0.0039903967;0.0029292328;0.0060951879;0.0046083072;0.021052437;0.010161272;0.019374916;0.0054399453;0.027813474;0.021228364;0.022748736;0.012831185;0.0043836088;0.0011231982;0.02409923;0.01493525;0.016052701;0.012071991;0.01304097;0.0060516144;0.01820346;0.035121384;0.0077963725;0.015854708;0.01165805;0.0026464322;0.0062592773;0.033357961;0.0096142867;0.020026747;0.035296882;0.017765778,7;7;6;7;6;7;6;6;6;7;6;6;6;7;8;5;6;7;6;4;5;6;7;7;5;6;7;6;7;6;5;4;8;8;7;8;6;7;6;8;5;6;6;6;8;9;5;6;6;6;6;8;6;5;7;6;6;9;7;5;7;6;5;6,8;8;16;8;16;8;16;16;16;8;16;16;16;8;4;32;16;8;16;64;32;16;8;8;32;16;8;16;8;16;32;64;4;4;8;4;16;8;16;4;32;16;16;16;4;2;32;16;16;16;16;4;16;32;8;16;16;2;8;32;8;16;32;16,8;8;16;8;16;8;16;16;16;8;16;16;16;8;4;32;16;8;16;64;32;16;8;8;32;16;8;16;8;16;32;64;4;4;8;4;16;8;16;4;32;16;16;16;4;2;32;16;16;16;16;4;16;32;8;16;16;2;8;32;8;16;32;16,0.02418180052442459,5.748757875846471,6,0.25124212415352876,overlap_aware,"10,17,22,31,35,48,61|5,18,19,29,36,51,56|6,9,14,26,27,41,62,63|3,8,16,33,47,50,53,57,60|2,23,37,39,42,43,52,59|21,24,25,28,30,34,55,58|0,7,11,15,32,45,46,49,54|1,4,12,13,20,38,40,44",3,7.0,0.9868363409232971,0.9868363409232971,random_support,0.9988353216270227,0.9932803727583007,0.2917869883417501,0.007856533432320068,0.0630703945408719,0.1141688152537176,-1.596960726622914,-0.44009671334367884,,pgm_approx,approximate,optimized,0.00045740590074636967,4.1268427177224805e-05,0.00041613747356914485,0.015625000000000007,0.06249999999999997,,,
64,dirichlet,5.0,8450,0.011497003;0.013630698;0.047056398;0.024434318;0.019410671;0.015128752;0.024515268;0.03347515;0.016837859;0.0099407087;0.022492386;0.0077992641;0.023088551;0.014848917;0.0219433;0.012198247;0.0055531845;0.023263497;0.013876568;0.014830389;0.022978257;0.02709368;0.019674749;0.010990171;0.0025890328;0.014342562;0.0073382306;0.010371153;0.010323188;0.010081282;0.0073828516;0.012387981;0.0054278458;0.026854034;0.012849407;0.012342093;0.011406155;0.010826871;0.021001201;0.01908176;0.015238674;0.0092391823;0.010586352;0.017326296;0.012625815;0.01732535;0.011693686;0.022641339;0.025756002;0.016027078;0.01395505;0.0089790989;0.022437548;0.024068306;0.0077285822;0.0073201941;0.011601358;0.0059865544;0.026910734;0.015236722;0.0054713132;0.0097607426;0.016326514;0.014593873,7;6;4;5;6;6;5;5;6;7;6;7;6;6;6;6;8;5;6;6;6;5;6;7;8;6;7;7;7;7;7;6;8;5;6;6;7;7;6;6;6;7;7;6;6;6;6;6;5;6;6;7;6;5;7;7;6;7;5;6;8;7;6;6,4;8;32;16;8;8;16;16;8;4;8;4;8;8;8;8;2;16;8;8;8;16;8;4;2;8;4;4;4;4;4;8;2;16;8;8;4;4;8;8;8;4;4;8;8;8;8;8;16;8;8;4;8;16;4;4;8;4;16;8;2;4;8;8,4;8;32;16;8;8;16;16;8;4;8;4;8;8;8;8;2;16;8;8;8;16;8;4;2;8;4;4;4;4;4;8;2;16;8;8;4;4;8;8;8;4;4;8;8;8;8;8;16;8;8;4;8;16;4;4;8;4;16;8;2;4;8;8,0.017580872011251757,5.875156553858412,6,0.12484344614158793,random,"8,12,14,20,21,22,55,57|9,34,35,36,42,43,52,54|10,19,24,25,32,33,40,50|7,15,29,30,31,37,46,59|3,13,17,18,38,47,49,51|6,26,27,28,39,41,48,58|0,1,11,23,53,56,60,61|2,4,5,16,44,45,62,63",3,7.0,0.9791196698472081,0.9791196698472081,pgm_fixed_global,0.997306035725479,0.9912959772357769,0.23233016672732248,0.007856533432320068,0.062443225291837844,0.1123705288659846,-1.599317030061988,-0.45100069008387655,,pgm_approx,approximate,optimized,0.0006343563610345476,6.450608982649548e-05,0.0005698502712080521,0.2791562519594939,0.2791562519594939,,,
64,dirichlet,5.0,8450,0.011497003;0.013630698;0.047056398;0.024434318;0.019410671;0.015128752;0.024515268;0.03347515;0.016837859;0.0099407087;0.022492386;0.0077992641;0.023088551;0.014848917;0.0219433;0.012198247;0.0055531845;0.023263497;0.013876568;0.014830389;0.022978257;0.02709368;0.019674749;0.010990171;0.0025890328;0.014342562;0.0073382306;0.010371153;0.010323188;0.010081282;0.0073828516;0.012387981;0.0054278458;0.026854034;0.012849407;0.012342093;0.011406155;0.010826871;0.021001201;0.01908176;0.015238674;0.0092391823;0.010586352;0.017326296;0.012625815;0.01732535;0.011693686;0.022641339;0.025756002;0.016027078;0.01395505;0.0089790989;0.022437548;0.024068306;0.0077285822;0.0073201941;0.011601358;0.0059865544;0.026910734;0.015236722;0.0054713132;0.0097607426;0.016326514;0.014593873,7;6;4;5;6;6;5;5;6;7;6;7;6;6;6;6;8;5;6;6;6;5;6;7;8;6;7;7;7;7;7;6;8;5;6;6;7;7;6;6;6;7;7;6;6;6;6;6;5;6;6;7;6;5;7;7;6;7;5;6;8;7;6;6,4;8;32;16;8;8;16;16;8;4;8;4;8;8;8;8;2;16;8;8;8;16;8;4;2;8;4;4;4;4;4;8;2;16;8;8;4;4;8;8;8;4;4;8;8;8;8;8;16;8;8;4;8;16;4;4;8;4;16;8;2;4;8;8,4;8;32;16;8;8;16;16;8;4;8;4;8;8;8;8;2;16;8;8;8;16;8;4;2;8;4;4;4;4;4;8;2;16;8;8;4;4;8;8;8;4;4;8;8;8;8;8;16;8;8;4;8;16;4;4;8;4;16;8;2;4;8;8,0.017580872011251757,5.875156553858412,6,0.12484344614158793,probability_aware,"2,14,15,19,31,55,61|7,8,11,26,35,42,52,63|10,21,30,36,41,43,50,62|5,24,28,39,44,46,47,58,60|9,20,25,33,37,45,49,57|0,1,4,12,48,51,54,59|6,13,17,27,32,34,38,56|3,16,18,22,23,29,40,53",3,7.0,0.9791196698472081,0.9791196698472081,pgm_fixed_global,0.9996118966949595,0.9936133052484256,0.23609558276228051,0.007856533432320068,0.06258919727043137,0.11263033960346144,-1.5969997020493394,-0.44869482911439607,,pgm_approx,approximate,optimized,0.0006343563610345476,1.867313430235705e-05,0.0006156832267321905,0.03175202858344813,0.2791562519594939,,,
64,dirichlet,5.0,8450,0.011497003;0.013630698;0.047056398;0.024434318;0.019410671;0.015128752;0.024515268;0.03347515;0.016837859;0.0099407087;0.022492386;0.0077992641;0.023088551;0.014848917;0.0219433;0.012198247;0.0055531845;0.023263497;0.013876568;0.014830389;0.022978257;0.02709368;0.019674749;0.010990171;0.0025890328;0.014342562;0.0073382306;0.010371153;0.010323188;0.010081282;0.0073828516;0.012387981;0.0054278458;0.026854034;0.012849407;0.012342093;0.011406155;0.010826871;0.021001201;0.01908176;0.015238674;0.0092391823;0.010586352;0.017326296;0.012625815;0.01732535;0.011693686;0.022641339;0.025756002;0.016027078;0.01395505;0.0089790989;0.022437548;0.024068306;0.0077285822;0.0073201941;0.011601358;0.0059865544;0.026910734;0.015236722;0.0054713132;0.0097607426;0.016326514;0.014593873,7;6;4;5;6;6;5;5;6;7;6;7;6;6;6;6;8;5;6;6;6;5;6;7;8;6;7;7;7;7;7;6;8;5;6;6;7;7;6;6;6;7;7;6;6;6;6;6;5;6;6;7;6;5;7;7;6;7;5;6;8;7;6;6,4;8;32;16;8;8;16;16;8;4;8;4;8;8;8;8;2;16;8;8;8;16;8;4;2;8;4;4;4;4;4;8;2;16;8;8;4;4;8;8;8;4;4;8;8;8;8;8;16;8;8;4;8;16;4;4;8;4;16;8;2;4;8;8,4;8;32;16;8;8;16;16;8;4;8;4;8;8;8;8;2;16;8;8;8;16;8;4;2;8;4;4;4;4;4;8;2;16;8;8;4;4;8;8;8;4;4;8;8;8;8;8;16;8;8;4;8;16;4;4;8;4;16;8;2;4;8;8,0.017580872011251757,5.875156553858412,6,0.12484344614158793,overlap_aware,"2,14,15,19,31,55,61|7,8,11,26,35,42,52,63|10,21,30,36,41,43,50,62|5,28,39,44,46,47,58,60|20,24,25,29,32,33,37,45,49|4,9,12,18,23,40,48,57|0,1,6,22,51,53,54,59|3,13,16,17,27,34,38,56",3,7.0,0.9791196698472081,0.9791196698472081,pgm_fixed_global,0.9999999999999999,0.9939983594068748,0.23609558276228051,0.007856533432320068,0.06261345241129519,0.11267406878194806,-1.59661464789089,-0.4483067258093557,,pgm_approx,approximate,optimized,0.0006343563610345476,0.0,0.0006343563610345476,0.0,0.2791562519594939,,,
64,dirichlet,5.0,8450,0.011497003;0.013630698;0.047056398;0.024434318;0.019410671;0.015128752;0.024515268;0.03347515;0.016837859;0.0099407087;0.022492386;0.0077992641;0.023088551;0.014848917;0.0219433;0.012198247;0.0055531845;0.023263497;0.013876568;0.014830389;0.022978257;0.02709368;0.019674749;0.010990171;0.0025890328;0.014342562;0.0073382306;0.010371153;0.010323188;0.010081282;0.0073828516;0.012387981;0.0054278458;0.026854034;0.012849407;0.012342093;0.011406155;0.010826871;0.021001201;0.01908176;0.015238674;0.0092391823;0.010586352;0.017326296;0.012625815;0.01732535;0.011693686;0.022641339;0.025756002;0.016027078;0.01395505;0.0089790989;0.022437548;0.024068306;0.0077285822;0.0073201941;0.011601358;0.0059865544;0.026910734;0.015236722;0.0054713132;0.0097607426;0.016326514;0.014593873,6;6;6;6;6;6;6;6;6;6;6;6;6;6;6;6;6;6;6;6;6;6;6;6;6;6;6;6;6;6;6;6;6;6;6;6;6;6;6;6;6;6;6;6;6;6;6;6;6;6;6;6;6;6;6;6;6;6;6;6;6;6;6;6,8;8;8;8;8;8;8;8;8;8;8;8;8;8;8;8;8;8;8;8;8;8;8;8;8;8;8;8;8;8;8;8;8;8;8;8;8;8;8;8;8;8;8;8;8;8;8;8;8;8;8;8;8;8;8;8;8;8;8;8;8;8;8;8,8;8;8;8;8;8;8;8;8;8;8;8;8;8;8;8;8;8;8;8;8;8;8;8;8;8;8;8;8;8;8;8;8;8;8;8;8;8;8;8;8;8;8;8;8;8;8;8;8;8;8;8;8;8;8;8;8;8;8;8;8;8;8;8,0.0,6.0,6,0.0,overlap_aware,"2,14,15,19,31,55,61|7,8,11,26,35,42,52,63|10,21,30,36,41,43,50,62|5,24,28,39,44,46,47,58,60|9,20,25,33,37,45,49,57|0,1,4,12,48,51,54,59|6,13,17,27,32,34,38,56|3,16,18,22,23,29,40,53",3,7.0,1.0,1.0,equal_support,0.9999999999999999,0.9939983594068748,0.23609558276228051,0.007856533432320068,0.06212489746292967,0.1111111111111111,-1.6726683072597917,-0.5000000000000001,,pgm_approx,approximate,optimized,0.0,0.0,0.0,0.0,0.0,,,
64,dirichlet,5.0,8450,0.011497003;0.013630698;0.047056398;0.024434318;0.019410671;0.015128752;0.024515268;0.03347515;0.016837859;0.0099407087;0.022492386;0.0077992641;0.023088551;0.014848917;0.0219433;0.012198247;0.0055531845;0.023263497;0.013876568;0.014830389;0.022978257;0.02709368;0.019674749;0.010990171;0.0025890328;0.014342562;0.0073382306;0.010371153;0.010323188;0.010081282;0.0073828516;0.012387981;0.0054278458;0.026854034;0.012849407;0.012342093;0.011406155;0.010826871;0.021001201;0.01908176;0.015238674;0.0092391823;0.010586352;0.017326296;0.012625815;0.01732535;0.011693686;0.022641339;0.025756002;0.016027078;0.01395505;0.0089790989;0.022437548;0.024068306;0.0077285822;0.0073201941;0.011601358;0.0059865544;0.026910734;0.015236722;0.0054713132;0.0097607426;0.016326514;0.014593873,7;6;4;5;6;6;5;5;6;7;6;7;6;6;6;6;8;5;6;6;6;5;6;7;8;6;7;7;7;7;7;6;8;5;6;6;7;7;6;6;6;7;7;6;6;6;6;6;5;6;6;7;6;5;7;7;6;7;5;6;8;7;6;6,4;8;32;16;8;8;16;16;8;4;8;4;8;8;8;8;2;16;8;8;8;16;8;4;2;8;4;4;4;4;4;8;2;16;8;8;4;4;8;8;8;4;4;8;8;8;8;8;16;8;8;4;8;16;4;4;8;4;16;8;2;4;8;8,4;8;32;16;8;8;16;16;8;4;8;4;8;8;8;8;2;16;8;8;8;16;8;4;2;8;4;4;4;4;4;8;2;16;8;8;4;4;8;8;8;4;4;8;8;8;8;8;16;8;8;4;8;16;4;4;8;4;16;8;2;4;8;8,0.021976090014064698,5.875156553858412,6,0.12484344614158793,overlap_aware,"2,14,15,19,31,57,61|7,8,11,26,35,42,52,63|10,21,30,36,41,43,50,62|13,18,23,24,29,32,39,47,58|9,20,25,33,37,45,49,55|0,1,4,12,48,51,54,59|6,22,27,34,40,46,53,60|3,5,16,17,28,38,44,56",3,7.0,0.9719554849541368,0.9719554849541368,random_support,0.9982097188740482,0.9922221436844424,0.23609558276228051,0.007856533432320068,0.06250156591011921,0.11247235052322356,-1.5794354374869402,-0.43949979651750803,,pgm_approx,approximate,optimized,0.0009168425183800484,6.405523182601319e-05,0.0008527872865540352,0.0625,0.12500000000000003,,,
64,dirichlet,5.0,8467,0.012590242;0.024421184;0.012577504;0.020953872;0.022514067;0.012702403;0.030276463;0.0057695719;0.020446596;0.015611194;0.02657213;0.019460942;0.032523721;0.02251579;0.015842523;0.019134458;0.005208625;0.011572717;0.0097446899;0.016853257;0.01677197;0.024240298;0.013498226;0.016973262;0.020539386;0.0068930539;0.013828634;0.016087308;0.011185012;0.015989599;0.015468948;0.0088280313;0.013442034;0.022534808;0.011286316;0.023616575;0.020126634;0.0093965988;0.010060643;0.0058673389;0.0081960729;0.019892406;0.012434117;0.010986944;0.016256801;0.020245523;0.011198403;0.020725642;0.0039117791;0.020816837;0.0086381681;0.017744443;0.022004012;0.01418754;0.014598226;0.026445902;0.015134073;0.010940963;0.0040993985;0.017988591;0.015516427;0.0083998843;0.016520364;0.0091908553,6;5;6;6;5;6;5;8;6;6;5;6;5;5;6;6;8;6;7;6;6;5;6;6;6;7;6;6;7;6;6;7;6;5;6;5;6;7;7;7;7;6;6;7;6;6;7;6;8;6;7;6;6;6;6;5;6;7;8;6;6;7;6;7,8;16;8;8;16;8;16;2;8;8;16;8;16;16;8;8;2;8;4;8;8;16;8;8;8;4;8;8;4;8;8;4;8;16;8;16;8;4;4;4;4;8;8;4;8;8;4;8;2;8;4;8;8;8;8;16;8;4;2;8;8;4;8;4,8;16;8;8;16;8;16;2;8;8;16;8;16;16;8;8;2;8;4;8;8;16;8;8;8;4;8;8;4;8;8;4;8;16;8;16;8;4;4;4;4;8;8;4;8;8;4;8;2;8;4;8;8;8;8;16;8;4;2;8;8;4;8;4,0.016070245195493705,5.9118444690075895,6,0.08815553099241047,random,"0,1,3,5,17,31,34,35|8,14,21,26,27,39,52,59|6,7,9,19,24,33,41,51|16,38,43,49,55,58,60,62|11,13,25,29,36,42,45,46|2,4,22,23,40,47,53,54|10,18,28,30,37,50,57,63|12,15,20,32,44,48,56,61",3,7.0,0.9790049634290683,0.9790049634290683,pgm_fixed_global,0.9974559288453528,0.9912654018258216,0.2095095562041071,0.007856533432320068,0.062297328493661805,0.11192474602919411,-1.6050303835858115,-0.4566673992323671,,pgm_approx,approximate,optimized,0.0006420371238366953,7.341285069125197e-05,0.0005686242731454433,0.11040363960592417,0.1520683435287426,,,
64,dirichlet,5.0,8467,0.012590242;0.024421184;0.012577504;0.020953872;0.022514067;0.012702403;0.030276463;0.0057695719;0.020446596;0.015611194;0.02657213;0.019460942;0.032523721;0.02251579;0.015842523;0.019134458;0.005208625;0.011572717;0.0097446899;0.016853257;0.01677197;0.024240298;0.013498226;0.016973262;0.020539386;0.0068930539;0.013828634;0.016087308;0.011185012;0.015989599;0.015468948;0.0088280313;0.013442034;0.022534808;0.011286316;0.023616575;0.020126634;0.0093965988;0.010060643;0.0058673389;0.0081960729;0.019892406;0.012434117;0.010986944;0.016256801;0.020245523;0.011198403;0.020725642;0.0039117791;0.020816837;0.0086381681;0.017744443;0.022004012;0.01418754;0.014598226;0.026445902;0.015134073;0.010940963;0.0040993985;0.017988591;0.015516427;0.0083998843;0.016520364;0.0091908553,6;5;6;6;5;6;5;8;6;6;5;6;5;5;6;6;8;6;7;6;6;5;6;6;6;7;6;6;7;6;6;7;6;5;6;5;6;7;7;7;7;6;6;7;6;6;7;6;8;6;7;6;6;6;6;5;6;7;8;6;6;7;6;7,8;16;8;8;16;8;16;2;8;8;16;8;16;16;8;8;2;8;4;8;8;16;8;8;8;4;8;8;4;8;8;4;8;16;8;16;8;4;4;4;4;8;8;4;8;8;4;8;2;8;4;8;8;8;8;16;8;4;2;8;8;4;8;4,8;16;8;8;16;8;16;2;8;8;16;8;16;16;8;8;2;8;4;8;8;16;8;8;8;4;8;8;4;8;8;4;8;16;8;16;8;4;4;4;4;8;8;4;8;8;4;8;2;8;4;8;8;8;8;16;8;4;2;8;8;4;8;4,0.016070245195493705,5.9118444690075895,6,0.08815553099241047,probability_aware,"7,8,9,12,23,28,32,50|6,14,22,24,25,37,46,51|0,10,19,47,48,53,57,59|5,15,16,26,29,38,49,55|1,3,30,34,36,43,58,62|11,17,18,21,39,44,52,60|2,4,27,35,40,41,54,63|13,20,31,33,42,45,56,61",3,7.0,0.9790049634290683,0.9790049634290683,pgm_fixed_global,0.9999535142461201,0.9937521761670011,0.21063108183488993,0.007856533432320068,0.062453612973818906,0.11220500062850328,-1.602543609244632,-0.4541698138315998,,pgm_approx,approximate,optimized,0.0006420371238366953,2.092049948547782e-06,0.0006399450738881475,0.0041231678582138885,0.1520683435287426,,,
64,dirichlet,5.0,8467,0.012590242;0.024421184;0.012577504;0.020953872;0.022514067;0.012702403;0.030276463;0.0057695719;0.020446596;0.015611194;0.02657213;0.019460942;0.032523721;0.02251579;0.015842523;0.019134458;0.005208625;0.011572717;0.0097446899;0.016853257;0.01677197;0.024240298;0.013498226;0.016973262;0.020539386;0.0068930539;0.013828634;0.016087308;0.011185012;0.015989599;0.015468948;0.0088280313;0.013442034;0.022534808;0.011286316;0.023616575;0.020126634;0.0093965988;0.010060643;0.0058673389;0.0081960729;0.019892406;0.012434117;0.010986944;0.016256801;0.020245523;0.011198403;0.020725642;0.0039117791;0.020816837;0.0086381681;0.017744443;0.022004012;0.01418754;0.014598226;0.026445902;0.015134073;0.010940963;0.0040993985;0.017988591;0.015516427;0.0083998843;0.016520364;0.0091908553,6;5;6;6;5;6;5;8;6;6;5;6;5;5;6;6;8;6;7;6;6;5;6;6;6;7;6;6;7;6;6;7;6;5;6;5;6;7;7;7;7;6;6;7;6;6;7;6;8;6;7;6;6;6;6;5;6;7;8;6;6;7;6;7,8;16;8;8;16;8;16;2;8;8;16;8;16;16;8;8;2;8;4;8;8;16;8;8;8;4;8;8;4;8;8;4;8;16;8;16;8;4;4;4;4;8;8;4;8;8;4;8;2;8;4;8;8;8;8;16;8;4;2;8;8;4;8;4,8;16;8;8;16;8;16;2;8;8;16;8;16;16;8;8;2;8;4;8;8;16;8;8;8;4;8;8;4;8;8;4;8;16;8;16;8;4;4;4;4;8;8;4;8;8;4;8;2;8;4;8;8;8;8;16;8;4;2;8;8;4;8;4,0.016070245195493705,5.9118444690075895,6,0.08815553099241047,overlap_aware,"7,8,9,12,23,28,32,50|6,14,22,24,25,37,46,51|0,10,19,47,48,53,57,59|5,15,16,26,29,38,49,55|1,3,30,34,36,43,58,62|11,17,18,21,39,44,52,60|2,4,27,35,40,41,54,63|13,20,31,33,42,45,56,61",3,7.0,0.9790049634290683,0.9790049634290683,pgm_fixed_global,0.9999535142461201,0.9937521761670011,0.21063108183488993,0.007856533432320068,0.062453612973818906,0.11220500062850328,-1.602543609244632,-0.4541698138315998,,pgm_approx,approximate,optimized,0.0006420371238366953,2.092049948547782e-06,0.0006399450738881475,0.0041231678582138885,0.1520683435287426,,,
64,dirichlet,5.0,8467,0.012590242;0.024421184;0.012577504;0.020953872;0.022514067;0.012702403;0.030276463;0.0057695719;0.020446596;0.015611194;0.02657213;0.019460942;0.032523721;0.02251579;0.015842523;0.019134458;0.005208625;0.011572717;0.0097446899;0.016853257;0.01677197;0.024240298;0.013498226;0.016973262;0.020539386;0.0068930539;0.013828634;0.016087308;0.011185012;0.015989599;0.015468948;0.0088280313;0.013442034;0.022534808;0.011286316;0.023616575;0.020126634;0.0093965988;0.010060643;0.0058673389;0.0081960729;0.019892406;0.012434117;0.010986944;0.016256801;0.020245523;0.011198403;0.020725642;0.0039117791;0.020816837;0.0086381681;0.017744443;0.022004012;0.01418754;0.014598226;0.026445902;0.015134073;0.010940963;0.0040993985;0.017988591;0.015516427;0.0083998843;0.016520364;0.0091908553,6;6;6;6;6;6;6;6;6;6;6;6;6;6;6;6;6;6;6;6;6;6;6;6;6;6;6;6;6;6;6;6;6;6;6;6;6;6;6;6;6;6;6;6;6;6;6;6;6;6;6;6;6;6;6;6;6;6;6;6;6;6;6;6,8;8;8;8;8;8;8;8;8;8;8;8;8;8;8;8;8;8;8;8;8;8;8;8;8;8;8;8;8;8;8;8;8;8;8;8;8;8;8;8;8;8;8;8;8;8;8;8;8;8;8;8;8;8;8;8;8;8;8;8;8;8;8;8,8;8;8;8;8;8;8;8;8;8;8;8;8;8;8;8;8;8;8;8;8;8;8;8;8;8;8;8;8;8;8;8;8;8;8;8;8;8;8;8;8;8;8;8;8;8;8;8;8;8;8;8;8;8;8;8;8;8;8;8;8;8;8;8,0.0,6.0,6,0.0,overlap_aware,"7,8,9,12,23,28,32,50|6,14,22,24,25,37,46,51|0,10,19,47,48,53,57,59|5,15,16,26,29,38,49,55|1,3,30,34,36,43,58,62|11,17,18,21,39,44,52,60|2,4,27,35,40,41,54,63|13,20,31,33,42,45,56,61",3,7.0,0.9999999999999999,0.9999999999999999,equal_support,0.9999999999999998,0.9937982967040012,0.21063108183488993,0.007856533432320068,0.062112393544000076,0.11111111111111109,-1.6728683699626652,-0.5,,pgm_approx,approximate,optimized,0.0,0.0,0.0,0.0,0.0,,,
64,dirichlet,5.0,8467,0.012590242;0.024421184;0.012577504;0.020953872;0.022514067;0.012702403;0.030276463;0.0057695719;0.020446596;0.015611194;0.02657213;0.019460942;0.032523721;0.02251579;0.015842523;0.019134458;0.005208625;0.011572717;0.0097446899;0.016853257;0.01677197;0.024240298;0.013498226;0.016973262;0.020539386;0.0068930539;0.013828634;0.016087308;0.011185012;0.015989599;0.015468948;0.0088280313;0.013442034;0.022534808;0.011286316;0.023616575;0.020126634;0.0093965988;0.010060643;0.0058673389;0.0081960729;0.019892406;0.012434117;0.010986944;0.016256801;0.020245523;0.011198403;0.020725642;0.0039117791;0.020816837;0.0086381681;0.017744443;0.022004012;0.01418754;0.014598226;0.026445902;0.015134073;0.010940963;0.0040993985;0.017988591;0.015516427;0.0083998843;0.016520364;0.0091908553,6;5;6;6;5;6;5;8;6;6;5;6;5;5;6;6;8;6;7;6;6;5;6;6;6;7;6;6;7;6;6;7;6;5;6;5;6;7;7;7;7;6;6;7;6;6;7;6;8;6;7;6;6;6;6;5;6;7;8;6;6;7;6;7,8;16;8;8;16;8;16;2;8;8;16;8;16;16;8;8;2;8;4;8;8;16;8;8;8;4;8;8;4;8;8;4;8;16;8;16;8;4;4;4;4;8;8;4;8;8;4;8;2;8;4;8;8;8;8;16;8;4;2;8;8;4;8;4,8;16;8;8;16;8;16;2;8;8;16;8;16;16;8;8;2;8;4;8;8;16;8;8;8;4;8;8;4;8;8;4;8;16;8;16;8;4;4;4;4;8;8;4;8;8;4;8;2;8;4;8;8;8;8;16;8;4;2;8;8;4;8;4,0.0199635520212061,5.9118444690075895,6,0.08815553099241047,overlap_aware,"7,8,9,12,23,28,32,50|6,14,16,18,22,24,46,51|10,19,31,42,47,56,59,61|5,15,26,29,38,39,49,55|1,3,17,25,36,37,60,62|11,21,30,34,43,44,52,58|0,4,27,35,41,48,53,57|2,13,20,33,40,45,54,63",3,7.0,0.9727297353107405,0.9727297353107405,random_support,0.9983403921244026,0.9921517275931633,0.21063108183488993,0.007856533432320068,0.06235303075803902,0.11202399184549237,-1.5875023155140737,-0.44646229312030405,,pgm_approx,approximate,optimized,0.0008965668557854496,4.69290927452516e-05,0.000849637763040198,0.0625,0.12500000000000006,,,
64,near_uniform,0.02,3642,0.01500222;0.015766933;0.015409422;0.015605411;0.015687121;0.015668833;0.015391512;0.015763222;0.015083624;0.015799222;0.015707854;0.015352808;0.015885563;0.015462241;0.015851784;0.015808829;0.015598924;0.016077639;0.015595257;0.015828425;0.0157293;0.015804859;0.015059398;0.016121746;0.01580408;0.015782552;0.015382751;0.015615366;0.015357051;0.015508501;0.015559399;0.015322183;0.01552399;0.015654923;0.015748148;0.015886389;0.015275847;0.016134977;0.015993397;0.015308994;0.015791345;0.015315898;0.015637455;0.015600179;0.01474022;0.015512981;0.015833893;0.015266634;0.015383793;0.015659134;0.016285743;0.015811648;0.015673689;0.015676296;0.015364216;0.015965699;0.015923762;0.015986721;0.01536612;0.01542386;0.015441894;0.016169559;0.015662431;0.015586136,6;6;6;6;6;6;6;6;6;6;6;6;6;6;6;6;6;6;6;6;6;6;6;6;6;6;6;6;6;6;6;6;6;6;6;6;6;6;6;6;6;6;6;6;6;6;6;6;6;6;6;6;6;6;6;6;6;6;6;6;6;6;6;6,2;2;2;2;2;2;2;2;2;2;2;2;2;2;2;2;2;2;2;2;2;2;2;2;2;2;2;2;2;2;2;2;2;2;2;2;2;2;2;2;2;2;2;2;2;2;2;2;2;2;2;2;2;2;2;2;2;2;2;2;2;2;2;2,2;2;2;2;2;2;2;2;2;2;2;2;2;2;2;2;2;2;2;2;2;2;2;2;2;2;2;2;2;2;2;2;2;2;2;2;2;2;2;2;2;2;2;2;2;2;2;2;2;2;2;2;2;2;2;2;2;2;2;2;2;2;2;2,0.0,6.0,6,0.0,random,"4,7,16,22,24,31,55,61|10,14,23,25,28,49,56,59|2,3,5,32,38,45,48,53|1,8,18,21,27,37,54,63|6,11,13,17,30,35,57,62|0,19,26,29,33,50,51,52|12,20,39,40,41,43,44,46|9,15,34,36,42,47,58,60",3,7.0,1.0,1.0,pgm_fixed_global,0.9999999999999998,0.9931528539695622,0.12847745262944427,0.007856533432320068,0.06207205337309764,0.11111111111111109,-1.6735138126971043,-0.5000000000000002,,pgm_approx,approximate,optimized,0.0,0.0,0.0,0.0,0.0,,,
64,near_uniform,0.02,3642,0.01500222;0.015766933;0.015409422;0.015605411;0.015687121;0.015668833;0.015391512;0.015763222;0.015083624;0.015799222;0.015707854;0.015352808;0.015885563;0.015462241;0.015851784;0.015808829;0.015598924;0.016077639;0.015595257;0.015828425;0.0157293;0.015804859;0.015059398;0.016121746;0.01580408;0.015782552;0.015382751;0.015615366;0.015357051;0.015508501;0.015559399;0.015322183;0.01552399;0.015654923;0.015748148;0.015886389;0.015275847;0.016134977;0.015993397;0.015308994;0.015791345;0.015315898;0.015637455;0.015600179;0.01474022;0.015512981;0.015833893;0.015266634;0.015383793;0.015659134;0.016285743;0.015811648;0.015673689;0.015676296;0.015364216;0.015965699;0.015923762;0.015986721;0.01536612;0.01542386;0.015441894;0.016169559;0.015662431;0.015586136,6;6;6;6;6;6;6;6;6;6;6;6;6;6;6;6;6;6;6;6;6;6;6;6;6;6;6;6;6;6;6;6;6;6;6;6;6;6;6;6;6;6;6;6;6;6;6;6;6;6;6;6;6;6;6;6;6;6;6;6;6;6;6;6,2;2;2;2;2;2;2;2;2;2;2;2;2;2;2;2;2;2;2;2;2;2;2;2;2;2;2;2;2;2;2;2;2;2;2;2;2;2;2;2;2;2;2;2;2;2;2;2;2;2;2;2;2;2;2;2;2;2;2;2;2;2;2;2,2;2;2;2;2;2;2;2;2;2;2;2;2;2;2;2;2;2;2;2;2;2;2;2;2;2;2;2;2;2;2;2;2;2;2;2;2;2;2;2;2;2;2;2;2;2;2;2;2;2;2;2;2;2;2;2;2;2;2;2;2;2;2;2,0.0,6.0,6,0.0,probability_aware,"2,15,34,47,49,50,58,63|7,8,28,43,45,51,61,62|1,3,19,22,29,37,52,54|0,5,11,16,23,25,32,46|13,14,17,26,27,36,40,53|10,12,24,38,39,42,48,60|18,20,21,30,31,35,44,57|4,6,9,33,41,55,56,59",3,7.0,1.0,1.0,pgm_fixed_global,0.9999999999999999,0.9931548811765276,0.12873548080213698,0.007856533432320068,0.062072180073532976,0.1111111111111111,-1.673511785490139,-0.5000000000000001,,pgm_approx,approximate,optimized,0.0,0.0,0.0,0.0,0.0,,,
64,near_uniform,0.02,3642,0.01500222;0.015766933;0.015409422;0.015605411;0.015687121;0.015668833;0.015391512;0.015763222;0.015083624;0.015799222;0.015707854;0.015352808;0.015885563;0.015462241;0.015851784;0.015808829;0.015598924;0.016077639;0.015595257;0.015828425;0.0157293;0.015804859;0.015059398;0.016121746;0.01580408;0.015782552;0.015382751;0.015615366;0.015357051;0.015508501;0.015559399;0.015322183;0.01552399;0.015654923;0.015748148;0.015886389;0.015275847;0.016134977;0.015993397;0.015308994;0.015791345;0.015315898;0.015637455;0.015600179;0.01474022;0.015512981;0.015833893;0.015266634;0.015383793;0.015659134;0.016285743;0.015811648;0.015673689;0.015676296;0.015364216;0.015965699;0.015923762;0.015986721;0.01536612;0.01542386;0.015441894;0.016169559;0.015662431;0.015586136,6;6;6;6;6;6;6;6;6;6;6;6;6;6;6;6;6;6;6;6;6;6;6;6;6;6;6;6;6;6;6;6;6;6;6;6;6;6;6;6;6;6;6;6;6;6;6;6;6;6;6;6;6;6;6;6;6;6;6;6;6;6;6;6,2;2;2;2;2;2;2;2;2;2;2;2;2;2;2;2;2;2;2;2;2;2;2;2;2;2;2;2;2;2;2;2;2;2;2;2;2;2;2;2;2;2;2;2;2;2;2;2;2;2;2;2;2;2;2;2;2;2;2;2;2;2;2;2,2;2;2;2;2;2;2;2;2;2;2;2;2;2;2;2;2;2;2;2;2;2;2;2;2;2;2;2;2;2;2;2;2;2;2;2;2;2;2;2;2;2;2;2;2;2;2;2;2;2;2;2;2;2;2;2;2;2;2;2;2;2;2;2,0.0,6.0,6,0.0,overlap_aware,"2,15,34,47,49,50,58,63|7,8,28,43,45,51,61,62|1,3,19,22,29,37,52,54|0,5,11,16,23,25,32,46|13,14,17,26,27,36,40,53|10,12,24,38,39,42,48,60|18,20,21,30,31,35,44,57|4,6,9,33,41,55,56,59",3,7.0,1.0,1.0,pgm_fixed_global,0.9999999999999999,0.9931548811765276,0.12873548080213698,0.007856533432320068,0.062072180073532976,0.1111111111111111,-1.673511785490139,-0.5000000000000001,,pgm_approx,approximate,optimized,0.0,0.0,0.0,0.0,0.0,,,
64,near_uniform,0.02,3642,0.01500222;0.015766933;0.015409422;0.015605411;0.015687121;0.015668833;0.015391512;0.015763222;0.015083624;0.015799222;0.015707854;0.015352808;0.015885563;0.015462241;0.015851784;0.015808829;0.015598924;0.016077639;0.015595257;0.015828425;0.0157293;0.015804859;0.015059398;0.016121746;0.01580408;0.015782552;0.015382751;0.015615366;0.015357051;0.015508501;0.015559399;0.015322183;0.01552399;0.015654923;0.015748148;0.015886389;0.015275847;0.016134977;0.015993397;0.015308994;0.015791345;0.015315898;0.015637455;0.015600179;0.01474022;0.015512981;0.015833893;0.015266634;0.015383793;0.015659134;0.016285743;0.015811648;0.015673689;0.015676296;0.015364216;0.015965699;0.015923762;0.015986721;0.01536612;0.01542386;0.015441894;0.016169559;0.015662431;0.015586136,6;6;6;6;6;6;6;6;6;6;6;6;6;6;6;6;6;6;6;6;6;6;6;6;6;6;6;6;6;6;6;6;6;6;6;6;6;6;6;6;6;6;6;6;6;6;6;6;6;6;6;6;6;6;6;6;6;6;6;6;6;6;6;6,2;2;2;2;2;2;2;2;2;2;2;2;2;2;2;2;2;2;2;2;2;2;2;2;2;2;2;2;2;2;2;2;2;2;2;2;2;2;2;2;2;2;2;2;2;2;2;2;2;2;2;2;2;2;2;2;2;2;2;2;2;2;2;2,2;2;2;2;2;2;2;2;2;2;2;2;2;2;2;2;2;2;2;2;2;2;2;2;2;2;2;2;2;2;2;2;2;2;2;2;2;2;2;2;2;2;2;2;2;2;2;2;2;2;2;2;2;2;2;2;2;2;2;2;2;2;2;2,0.0,6.0,6,0.0,overlap_aware,"2,15,34,47,49,50,58,63|7,8,28,43,45,51,61,62|1,3,19,22,29,37,52,54|0,5,11,16,23,25,32,46|13,14,17,26,27,36,40,53|10,12,24,38,39,42,48,60|18,20,21,30,31,35,44,57|4,6,9,33,41,55,56,59",3,7.0,1.0,1.0,equal_support,0.9999999999999999,0.9931548811765276,0.12873548080213698,0.007856533432320068,0.062072180073532976,0.1111111111111111,-1.673511785490139,-0.5000000000000001,,pgm_approx,approximate,optimized,0.0,0.0,0.0,0.0,0.0,,,
64,near_uniform,0.02,3642,0.01500222;0.015766933;0.015409422;0.015605411;0.015687121;0.015668833;0.015391512;0.015763222;0.015083624;0.015799222;0.015707854;0.015352808;0.015885563;0.015462241;0.015851784;0.015808829;0.015598924;0.016077639;0.015595257;0.015828425;0.0157293;0.015804859;0.015059398;0.016121746;0.01580408;0.015782552;0.015382751;0.015615366;0.015357051;0.015508501;0.015559399;0.015322183;0.01552399;0.015654923;0.015748148;0.015886389;0.015275847;0.016134977;0.015993397;0.015308994;0.015791345;0.015315898;0.015637455;0.015600179;0.01474022;0.015512981;0.015833893;0.015266634;0.015383793;0.015659134;0.016285743;0.015811648;0.015673689;0.015676296;0.015364216;0.015965699;0.015923762;0.015986721;0.01536612;0.01542386;0.015441894;0.016169559;0.015662431;0.015586136,6;6;6;6;6;6;6;6;6;6;6;6;6;6;6;6;6;6;6;6;6;6;6;6;6;6;6;6;6;6;6;6;6;6;6;6;6;6;6;6;6;6;6;6;6;6;6;6;6;6;6;6;6;6;6;6;6;6;6;6;6;6;6;6,2;2;2;2;2;2;2;2;2;2;2;2;2;2;2;2;2;2;2;2;2;2;2;2;2;2;2;2;2;2;2;2;2;2;2;2;2;2;2;2;2;2;2;2;2;2;2;2;2;2;2;2;2;2;2;2;2;2;2;2;2;2;2;2,2;2;2;2;2;2;2;2;2;2;2;2;2;2;2;2;2;2;2;2;2;2;2;2;2;2;2;2;2;2;2;2;2;2;2;2;2;2;2;2;2;2;2;2;2;2;2;2;2;2;2;2;2;2;2;2;2;2;2;2;2;2;2;2,0.013640873015873016,6.0,6,0.0,overlap_aware,"2,15,34,36,49,50,54,63|5,7,8,11,16,45,51,61|1,3,19,22,29,37,52,58|0,18,23,30,31,40,46,62|4,13,14,17,25,26,27,47|6,10,12,24,38,41,42,59|20,21,28,32,35,43,44,57|9,33,39,48,53,55,56,60",3,7.0,0.8796397110047547,0.8796397110047547,random_support,0.9999999999999997,0.9931548811765274,0.12873548080213698,0.007856533432320068,0.06207218007353296,0.11111111111111108,-1.352551014836152,-0.31945956650713236,,pgm_approx,approximate,optimized,0.0032240391121409508,0.0,0.0032240391121409508,0.0,0.25,,,
64,near_uniform,0.08,3648,0.018249889;0.015130111;0.014596166;0.016893253;0.012781067;0.012982587;0.015772974;0.016145746;0.014156841;0.015383842;0.015658876;0.014824239;0.014826534;0.014048657;0.015867219;0.014173074;0.015566167;0.01653221;0.016507829;0.016320544;0.016193166;0.015929809;0.016451747;0.013970041;0.01713148;0.014700829;0.016452094;0.015664216;0.014987297;0.014717977;0.015623792;0.015357703;0.014230764;0.016843111;0.013761435;0.016738082;0.018045451;0.015873589;0.017602877;0.017238973;0.014783603;0.018818447;0.01577777;0.01433131;0.015232121;0.016875582;0.013949946;0.014712554;0.014036671;0.016625868;0.01405054;0.01378137;0.015758781;0.017756076;0.01692585;0.015929359;0.017887272;0.014333774;0.016306057;0.015858022;0.016801502;0.015760598;0.015261226;0.014513441,6;6;6;6;6;6;6;6;6;6;6;6;6;6;6;6;6;6;6;6;6;6;6;6;6;6;6;6;6;6;6;6;6;6;6;6;6;6;6;6;6;6;6;6;6;6;6;6;6;6;6;6;6;6;6;6;6;6;6;6;6;6;6;6,2;2;2;2;2;2;2;2;2;2;2;2;2;2;2;2;2;2;2;2;2;2;2;2;2;2;2;2;2;2;2;2;2;2;2;2;2;2;2;2;2;2;2;2;2;2;2;2;2;2;2;2;2;2;2;2;2;2;2;2;2;2;2;2,2;2;2;2;2;2;2;2;2;2;2;2;2;2;2;2;2;2;2;2;2;2;2;2;2;2;2;2;2;2;2;2;2;2;2;2;2;2;2;2;2;2;2;2;2;2;2;2;2;2;2;2;2;2;2;2;2;2;2;2;2;2;2;2,0.0,5.999999999999999,6,8.881784197001252e-16,random,"2,4,8,28,32,33,40,50|14,25,27,29,41,47,55,59|0,15,16,34,39,42,52,63|7,13,18,19,43,44,48,53|3,11,20,23,26,38,54,58|10,21,22,24,36,37,56,62|1,5,6,35,49,51,60,61|9,12,17,30,31,45,46,57",3,7.0,0.9999999999999998,0.9999999999999998,pgm_fixed_global,0.9999999999999998,0.993251182274832,0.14099293494958434,0.007856533432320068,0.062078198892177,0.11111111111111109,-1.673415484391834,-0.5,,pgm_approx,approximate,optimized,0.0,0.0,0.0,0.0,0.0,,,
64,near_uniform,0.08,3648,0.018249889;0.015130111;0.014596166;0.016893253;0.012781067;0.012982587;0.015772974;0.016145746;0.014156841;0.015383842;0.015658876;0.014824239;0.014826534;0.014048657;0.015867219;0.014173074;0.015566167;0.01653221;0.016507829;0.016320544;0.016193166;0.015929809;0.016451747;0.013970041;0.01713148;0.014700829;0.016452094;0.015664216;0.014987297;0.014717977;0.015623792;0.015357703;0.014230764;0.016843111;0.013761435;0.016738082;0.018045451;0.015873589;0.017602877;0.017238973;0.014783603;0.018818447;0.01577777;0.01433131;0.015232121;0.016875582;0.013949946;0.014712554;0.014036671;0.016625868;0.01405054;0.01378137;0.015758781;0.017756076;0.01692585;0.015929359;0.017887272;0.014333774;0.016306057;0.015858022;0.016801502;0.015760598;0.015261226;0.014513441,6;6;6;6;6;6;6;6;6;6;6;6;6;6;6;6;6;6;6;6;6;6;6;6;6;6;6;6;6;6;6;6;6;6;6;6;6;6;6;6;6;6;6;6;6;6;6;6;6;6;6;6;6;6;6;6;6;6;6;6;6;6;6;6,2;2;2;2;2;2;2;2;2;2;2;2;2;2;2;2;2;2;2;2;2;2;2;2;2;2;2;2;2;2;2;2;2;2;2;2;2;2;2;2;2;2;2;2;2;2;2;2;2;2;2;2;2;2;2;2;2;2;2;2;2;2;2;2,2;2;2;2;2;2;2;2;2;2;2;2;2;2;2;2;2;2;2;2;2;2;2;2;2;2;2;2;2;2;2;2;2;2;2;2;2;2;2;2;2;2;2;2;2;2;2;2;2;2;2;2;2;2;2;2;2;2;2;2;2;2;2;2,0.0,5.999999999999999,6,8.881784197001252e-16,probability_aware,"17,21,29,34,41,43,44,52|0,2,4,7,9,40,49,61|15,20,25,30,35,36,42,48|6,16,32,46,47,56,58,60|5,12,14,19,31,33,53,63|1,13,22,38,45,50,59,62|3,8,23,26,27,28,37,39|10,11,18,24,51,54,55,57",3,7.0,0.9999999999999998,0.9999999999999998,pgm_fixed_global,0.9999999999999998,0.993264833234479,0.14273046458203067,0.007856533432320068,0.06207905207715494,0.11111111111111109,-1.673401833432187,-0.5,,pgm_approx,approximate,optimized,0.0,0.0,0.0,0.0,0.0,,,
64,near_uniform,0.08,3648,0.018249889;0.015130111;0.014596166;0.016893253;0.012781067;0.012982587;0.015772974;0.016145746;0.014156841;0.015383842;0.015658876;0.014824239;0.014826534;0.014048657;0.015867219;0.014173074;0.015566167;0.01653221;0.016507829;0.016320544;0.016193166;0.015929809;0.016451747;0.013970041;0.01713148;0.014700829;0.016452094;0.015664216;0.014987297;0.014717977;0.015623792;0.015357703;0.014230764;0.016843111;0.013761435;0.016738082;0.018045451;0.015873589;0.017602877;0.017238973;0.014783603;0.018818447;0.01577777;0.01433131;0.015232121;0.016875582;0.013949946;0.014712554;0.014036671;0.016625868;0.01405054;0.01378137;0.015758781;0.017756076;0.01692585;0.015929359;0.017887272;0.014333774;0.016306057;0.015858022;0.016801502;0.015760598;0.015261226;0.014513441,6;6;6;6;6;6;6;6;6;6;6;6;6;6;6;6;6;6;6;6;6;6;6;6;6;6;6;6;6;6;6;6;6;6;6;6;6;6;6;6;6;6;6;6;6;6;6;6;6;6;6;6;6;6;6;6;6;6;6;6;6;6;6;6,2;2;2;2;2;2;2;2;2;2;2;2;2;2;2;2;2;2;2;2;2;2;2;2;2;2;2;2;2;2;2;2;2;2;2;2;2;2;2;2;2;2;2;2;2;2;2;2;2;2;2;2;2;2;2;2;2;2;2;2;2;2;2;2,2;2;2;2;2;2;2;2;2;2;2;2;2;2;2;2;2;2;2;2;2;2;2;2;2;2;2;2;2;2;2;2;2;2;2;2;2;2;2;2;2;2;2;2;2;2;2;2;2;2;2;2;2;2;2;2;2;2;2;2;2;2;2;2,0.0,5.999999999999999,6,8.881784197001252e-16,overlap_aware,"17,21,29,34,41,43,44,52|0,2,4,7,9,40,49,61|15,20,25,30,35,36,42,48|6,16,32,46,47,56,58,60|5,12,14,19,31,33,53,63|1,13,22,38,45,50,59,62|3,8,23,26,27,28,37,39|10,11,18,24,51,54,55,57",3,7.0,0.9999999999999998,0.9999999999999998,pgm_fixed_global,0.9999999999999998,0.993264833234479,0.14273046458203067,0.007856533432320068,0.06207905207715494,0.11111111111111109,-1.673401833432187,-0.5,,pgm_approx,approximate,optimized,0.0,0.0,0.0,0.0,0.0,,,
64,near_uniform,0.08,3648,0.018249889;0.015130111;0.014596166;0.016893253;0.012781067;0.012982587;0.015772974;0.016145746;0.014156841;0.015383842;0.015658876;0.014824239;0.014826534;0.014048657;0.015867219;0.014173074;0.015566167;0.01653221;0.016507829;0.016320544;0.016193166;0.015929809;0.016451747;0.013970041;0.01713148;0.014700829;0.016452094;0.015664216;0.014987297;0.014717977;0.015623792;0.015357703;0.014230764;0.016843111;0.013761435;0.016738082;0.018045451;0.015873589;0.017602877;0.017238973;0.014783603;0.018818447;0.01577777;0.01433131;0.015232121;0.016875582;0.013949946;0.014712554;0.014036671;0.016625868;0.01405054;0.01378137;0.015758781;0.017756076;0.01692585;0.015929359;0.017887272;0.014333774;0.016306057;0.015858022;0.016801502;0.015760598;0.015261226;0.014513441,6;6;6;6;6;6;6;6;6;6;6;6;6;6;6;6;6;6;6;6;6;6;6;6;6;6;6;6;6;6;6;6;6;6;6;6;6;6;6;6;6;6;6;6;6;6;6;6;6;6;6;6;6;6;6;6;6;6;6;6;6;6;6;6,2;2;2;2;2;2;2;2;2;2;2;2;2;2;2;2;2;2;2;2;2;2;2;2;2;2;2;2;2;2;2;2;2;2;2;2;2;2;2;2;2;2;2;2;2;2;2;2;2;2;2;2;2;2;2;2;2;2;2;2;2;2;2;2,2;2;2;2;2;2;2;2;2;2;2;2;2;2;2;2;2;2;2;2;2;2;2;2;2;2;2;2;2;2;2;2;2;2;2;2;2;2;2;2;2;2;2;2;2;2;2;2;2;2;2;2;2;2;2;2;2;2;2;2;2;2;2;2,0.0,6.0,6,0.0,overlap_aware,"17,21,29,34,41,43,44,52|0,2,4,7,9,40,49,61|15,20,25,30,35,36,42,48|6,16,32,46,47,56,58,60|5,12,14,19,31,33,53,63|1,13,22,38,45,50,59,62|3,8,23,26,27,28,37,39|10,11,18,24,51,54,55,57",3,7.0,0.9999999999999998,0.9999999999999998,equal_support,0.9999999999999997,0.9932648332344789,0.14273046458203067,0.007856533432320068,0.06207905207715493,0.11111111111111108,-1.6734018334321872,-0.5000000000000001,,pgm_approx,approximate,optimized,0.0,0.0,0.0,0.0,0.0,,,
64,near_uniform,0.08,3648,0.018249889;0.015130111;0.014596166;0.016893253;0.012781067;0.012982587;0.015772974;0.016145746;0.014156841;0.015383842;0.015658876;0.014824239;0.014826534;0.014048657;0.015867219;0.014173074;0.015566167;0.01653221;0.016507829;0.016320544;0.016193166;0.015929809;0.016451747;0.013970041;0.01713148;0.014700829;0.016452094;0.015664216;0.014987297;0.014717977;0.015623792;0.015357703;0.014230764;0.016843111;0.013761435;0.016738082;0.018045451;0.015873589;0.017602877;0.017238973;0.014783603;0.018818447;0.01577777;0.01433131;0.015232121;0.016875582;0.013949946;0.014712554;0.014036671;0.016625868;0.01405054;0.01378137;0.015758781;0.017756076;0.01692585;0.015929359;0.017887272;0.014333774;0.016306057;0.015858022;0.016801502;0.015760598;0.015261226;0.014513441,6;6;6;6;6;6;6;6;6;6;6;6;6;6;6;6;6;6;6;6;6;6;6;6;6;6;6;6;6;6;6;6;6;6;6;6;6;6;6;6;6;6;6;6;6;6;6;6;6;6;6;6;6;6;6;6;6;6;6;6;6;6;6;6,2;2;2;2;2;2;2;2;2;2;2;2;2;2;2;2;2;2;2;2;2;2;2;2;2;2;2;2;2;2;2;2;2;2;2;2;2;2;2;2;2;2;2;2;2;2;2;2;2;2;2;2;2;2;2;2;2;2;2;2;2;2;2;2,2;2;2;2;2;2;2;2;2;2;2;2;2;2;2;2;2;2;2;2;2;2;2;2;2;2;2;2;2;2;2;2;2;2;2;2;2;2;2;2;2;2;2;2;2;2;2;2;2;2;2;2;2;2;2;2;2;2;2;2;2;2;2;2,0.016617063492063492,5.999999999999999,6,8.881784197001252e-16,overlap_aware,"8,17,21,25,31,41,48,52|0,2,5,7,9,40,49,61|1,20,23,35,36,44,50,59|6,19,28,32,46,56,60,62|13,14,15,16,33,47,53,58|22,29,30,34,38,42,43,45|3,4,12,26,27,37,39,63|10,11,18,24,51,54,55,57",3,7.0,0.8443515313967083,0.8443515313967083,random_support,0.9999999999999999,0.9932648332344791,0.14273046458203067,0.007856533432320068,0.062079052077154945,0.1111111111111111,-1.2583392504900761,-0.2665272970950626,,pgm_approx,approximate,optimized,0.004082852133206084,0.0,0.004082852133206084,0.0,0.25,,,
64,strong_skew,0.65,4705,0.65;0.0055555556;0.0055555556;0.0055555556;0.0055555556;0.0055555556;0.0055555556;0.0055555556;0.0055555556;0.0055555556;0.0055555556;0.0055555556;0.0055555556;0.0055555556;0.0055555556;0.0055555556;0.0055555556;0.0055555556;0.0055555556;0.0055555556;0.0055555556;0.0055555556;0.0055555556;0.0055555556;0.0055555556;0.0055555556;0.0055555556;0.0055555556;0.0055555556;0.0055555556;0.0055555556;0.0055555556;0.0055555556;0.0055555556;0.0055555556;0.0055555556;0.0055555556;0.0055555556;0.0055555556;0.0055555556;0.0055555556;0.0055555556;0.0055555556;0.0055555556;0.0055555556;0.0055555556;0.0055555556;0.0055555556;0.0055555556;0.0055555556;0.0055555556;0.0055555556;0.0055555556;0.0055555556;0.0055555556;0.0055555556;0.0055555556;0.0055555556;0.0055555556;0.0055555556;0.0055555556;0.0055555556;0.0055555556;0.0055555556,1;7;7;7;7;7;7;7;7;7;7;7;7;7;7;7;7;7;7;7;7;7;7;7;7;7;7;7;7;7;7;7;7;7;7;7;7;7;7;7;7;7;7;7;7;7;7;7;7;7;7;7;7;7;7;7;7;7;7;7;7;7;7;6,128;2;2;2;2;2;2;2;2;2;2;2;2;2;2;2;2;2;2;2;2;2;2;2;2;2;2;2;2;2;2;2;2;2;2;2;2;2;2;2;2;2;2;2;2;2;2;2;2;2;2;2;2;2;2;2;2;2;2;2;2;2;2;4,128;2;2;2;2;2;2;2;2;2;2;2;2;2;2;2;2;2;2;2;2;2;2;2;2;2;2;2;2;2;2;2;2;2;2;2;2;2;2;2;2;2;2;2;2;2;2;2;2;2;2;2;2;2;2;2;2;2;2;2;2;2;2;4,0.015617253346554288,3.094444444444445,6,2.905555555555555,random,"5,13,28,33,41,53,60,62|19,23,24,38,43,49,54,59|10,17,27,29,35,42,51,61|21,31,37,39,40,48,52,56|1,2,3,8,22,25,26,58|6,9,15,20,36,44,45,46|0,4,7,18,32,34,47,55|11,12,14,16,30,50,57,63",3,7.0,0.9980542978870468,0.9980542978870468,pgm_fixed_global,0.9999484937793673,0.997504643594101,0.688888888888889,0.007856533432320068,0.07617769870468315,0.1640754137468424,-1.1806564491093892,-0.013815918055901544,,pgm_approx,approximate,optimized,0.0007261663040524647,1.9962777285423163e-05,0.0007062035267670415,0.0032692336507595394,0.015563259606806495,,,
64,strong_skew,0.65,4705,0.65;0.0055555556;0.0055555556;0.0055555556;0.0055555556;0.0055555556;0.0055555556;0.0055555556;0.0055555556;0.0055555556;0.0055555556;0.0055555556;0.0055555556;0.0055555556;0.0055555556;0.0055555556;0.0055555556;0.0055555556;0.0055555556;0.0055555556;0.0055555556;0.0055555556;0.0055555556;0.0055555556;0.0055555556;0.0055555556;0.0055555556;0.0055555556;0.0055555556;0.0055555556;0.0055555556;0.0055555556;0.0055555556;0.0055555556;0.0055555556;0.0055555556;0.0055555556;0.0055555556;0.0055555556;0.0055555556;0.0055555556;0.0055555556;0.0055555556;0.0055555556;0.0055555556;0.0055555556;0.0055555556;0.0055555556;0.0055555556;0.0055555556;0.0055555556;0.0055555556;0.0055555556;0.0055555556;0.0055555556;0.0055555556;0.0055555556;0.0055555556;0.0055555556;0.0055555556;0.0055555556;0.0055555556;0.0055555556;0.0055555556,1;7;7;7;7;7;7;7;7;7;7;7;7;7;7;7;7;7;7;7;7;7;7;7;7;7;7;7;7;7;7;7;7;7;7;7;7;7;7;7;7;7;7;7;7;7;7;7;7;7;7;7;7;7;7;7;7;7;7;7;7;7;7;6,128;2;2;2;2;2;2;2;2;2;2;2;2;2;2;2;2;2;2;2;2;2;2;2;2;2;2;2;2;2;2;2;2;2;2;2;2;2;2;2;2;2;2;2;2;2;2;2;2;2;2;2;2;2;2;2;2;2;2;2;2;2;2;4,128;2;2;2;2;2;2;2;2;2;2;2;2;2;2;2;2;2;2;2;2;2;2;2;2;2;2;2;2;2;2;2;2;2;2;2;2;2;2;2;2;2;2;2;2;2;2;2;2;2;2;2;2;2;2;2;2;2;2;2;2;2;2;4,0.015617253346554288,3.094444444444445,6,2.905555555555555,probability_aware,"0|4,11,18,25,34,41,47,48,55|5,12,19,26,32,35,42,49,56|6,13,20,27,31,36,43,50,57|7,14,21,28,30,37,44,51,58|1,8,15,22,29,38,45,52,59|2,9,16,23,39,46,53,60,62|3,10,17,24,33,40,54,61,63",3,7.0,0.9980542978870468,0.9980542978870468,pgm_fixed_global,1.0,0.9975557451543893,0.6888888888888889,0.007856533432320068,0.07618160124216804,0.1640838650865998,-1.1806053475491007,-0.013764411835268886,,pgm_approx,approximate,optimized,0.0007261663040524647,0.0,0.0007261663040524647,0.0,0.015563259606806495,,0.0,
64,strong_skew,0.65,4705,0.65;0.0055555556;0.0055555556;0.0055555556;0.0055555556;0.0055555556;0.0055555556;0.0055555556;0.0055555556;0.0055555556;0.0055555556;0.0055555556;0.0055555556;0.0055555556;0.0055555556;0.0055555556;0.0055555556;0.0055555556;0.0055555556;0.0055555556;0.0055555556;0.0055555556;0.0055555556;0.0055555556;0.0055555556;0.0055555556;0.0055555556;0.0055555556;0.0055555556;0.0055555556;0.0055555556;0.0055555556;0.0055555556;0.0055555556;0.0055555556;0.0055555556;0.0055555556;0.0055555556;0.0055555556;0.0055555556;0.0055555556;0.0055555556;0.0055555556;0.0055555556;0.0055555556;0.0055555556;0.0055555556;0.0055555556;0.0055555556;0.0055555556;0.0055555556;0.0055555556;0.0055555556;0.0055555556;0.0055555556;0.0055555556;0.0055555556;0.0055555556;0.0055555556;0.0055555556;0.0055555556;0.0055555556;0.0055555556;0.0055555556,1;7;7;7;7;7;7;7;7;7;7;7;7;7;7;7;7;7;7;7;7;7;7;7;7;7;7;7;7;7;7;7;7;7;7;7;7;7;7;7;7;7;7;7;7;7;7;7;7;7;7;7;7;7;7;7;7;7;7;7;7;7;7;6,128;2;2;2;2;2;2;2;2;2;2;2;2;2;2;2;2;2;2;2;2;2;2;2;2;2;2;2;2;2;2;2;2;2;2;2;2;2;2;2;2;2;2;2;2;2;2;2;2;2;2;2;2;2;2;2;2;2;2;2;2;2;2;4,128;2;2;2;2;2;2;2;2;2;2;2;2;2;2;2;2;2;2;2;2;2;2;2;2;2;2;2;2;2;2;2;2;2;2;2;2;2;2;2;2;2;2;2;2;2;2;2;2;2;2;2;2;2;2;2;2;2;2;2;2;2;2;4,0.015617253346554288,3.094444444444445,6,2.905555555555555,overlap_aware,"0|4,11,18,25,34,41,47,48,55|5,12,19,26,32,35,42,49,56|6,13,20,27,31,36,43,50,57|7,14,21,28,30,37,44,51,58|1,8,15,22,29,38,45,52,59|2,9,16,23,39,46,53,60,62|3,10,17,24,33,40,54,61,63",3,7.0,0.9980542978870468,0.9980542978870468,pgm_fixed_global,1.0,0.9975557451543893,0.6888888888888889,0.007856533432320068,0.07618160124216804,0.1640838650865998,-1.1806053475491007,-0.013764411835268886,,pgm_approx,approximate,optimized,0.0007261663040524647,0.0,0.0007261663040524647,0.0,0.015563259606806495,,0.0,
64,strong_skew,0.65,4705,0.65;0.0055555556;0.0055555556;0.0055555556;0.0055555556;0.0055555556;0.0055555556;0.0055555556;0.0055555556;0.0055555556;0.0055555556;0.0055555556;0.0055555556;0.0055555556;0.0055555556;0.0055555556;0.0055555556;0.0055555556;0.0055555556;0.0055555556;0.0055555556;0.0055555556;0.0055555556;0.0055555556;0.0055555556;0.0055555556;0.0055555556;0.0055555556;0.0055555556;0.0055555556;0.0055555556;0.0055555556;0.0055555556;0.0055555556;0.0055555556;0.0055555556;0.0055555556;0.0055555556;0.0055555556;0.0055555556;0.0055555556;0.0055555556;0.0055555556;0.0055555556;0.0055555556;0.0055555556;0.0055555556;0.0055555556;0.0055555556;0.0055555556;0.0055555556;0.0055555556;0.0055555556;0.0055555556;0.0055555556;0.0055555556;0.0055555556;0.0055555556;0.0055555556;0.0055555556;0.0055555556;0.0055555556;0.0055555556;0.0055555556,6;6;6;6;6;6;6;6;6;6;6;6;6;6;6;6;6;6;6;6;6;6;6;6;6;6;6;6;6;6;6;6;6;6;6;6;6;6;6;6;6;6;6;6;6;6;6;6;6;6;6;6;6;6;6;6;6;6;6;6;6;6;6;6,4;4;4;4;4;4;4;4;4;4;4;4;4;4;4;4;4;4;4;4;4;4;4;4;4;4;4;4;4;4;4;4;4;4;4;4;4;4;4;4;4;4;4;4;4;4;4;4;4;4;4;4;4;4;4;4;4;4;4;4;4;4;4;4,4;4;4;4;4;4;4;4;4;4;4;4;4;4;4;4;4;4;4;4;4;4;4;4;4;4;4;4;4;4;4;4;4;4;4;4;4;4;4;4;4;4;4;4;4;4;4;4;4;4;4;4;4;4;4;4;4;4;4;4;4;4;4;4,0.0,6.0,6,0.0,overlap_aware,"0|4,11,18,25,34,41,47,48,55|5,12,19,26,32,35,42,49,56|6,13,20,27,31,36,43,50,57|7,14,21,28,30,37,44,51,58|1,8,15,22,29,38,45,52,59|2,9,16,23,39,46,53,60,62|3,10,17,24,33,40,54,61,63",3,7.0,1.0,1.0,equal_support,1.0,0.9975557451543893,0.6888888888888889,0.007856533432320068,0.06234723407214933,0.1111111111111111,-1.6691109215122772,-0.5,,pgm_approx,approximate,optimized,0.0,0.0,0.0,0.0,0.0,,0.0,0.0
64,strong_skew,0.65,4705,0.65;0.0055555556;0.0055555556;0.0055555556;0.0055555556;0.0055555556;0.0055555556;0.0055555556;0.0055555556;0.0055555556;0.0055555556;0.0055555556;0.0055555556;0.0055555556;0.0055555556;0.0055555556;0.0055555556;0.0055555556;0.0055555556;0.0055555556;0.0055555556;0.0055555556;0.0055555556;0.0055555556;0.0055555556;0.0055555556;0.0055555556;0.0055555556;0.0055555556;0.0055555556;0.0055555556;0.0055555556;0.0055555556;0.0055555556;0.0055555556;0.0055555556;0.0055555556;0.0055555556;0.0055555556;0.0055555556;0.0055555556;0.0055555556;0.0055555556;0.0055555556;0.0055555556;0.0055555556;0.0055555556;0.0055555556;0.0055555556;0.0055555556;0.0055555556;0.0055555556;0.0055555556;0.0055555556;0.0055555556;0.0055555556;0.0055555556;0.0055555556;0.0055555556;0.0055555556;0.0055555556;0.0055555556;0.0055555556;0.0055555556,1;7;7;7;7;7;7;7;7;7;7;7;7;7;7;7;7;7;7;7;7;7;7;7;7;7;7;7;7;7;7;7;7;7;7;7;7;7;7;7;7;7;7;7;7;7;7;7;7;7;7;7;7;7;7;7;7;7;7;7;7;7;7;6,128;2;2;2;2;2;2;2;2;2;2;2;2;2;2;2;2;2;2;2;2;2;2;2;2;2;2;2;2;2;2;2;2;2;2;2;2;2;2;2;2;2;2;2;2;2;2;2;2;2;2;2;2;2;2;2;2;2;2;2;2;2;2;4,128;2;2;2;2;2;2;2;2;2;2;2;2;2;2;2;2;2;2;2;2;2;2;2;2;2;2;2;2;2;2;2;2;2;2;2;2;2;2;2;2;2;2;2;2;2;2;2;2;2;2;2;2;2;2;2;2;2;2;2;2;2;2;4,0.02478929102627665,3.094444444444445,6,2.905555555555555,overlap_aware,"0|4,11,19,25,34,41,47,48,55|5,12,18,27,32,35,42,49,56|6,13,21,26,31,36,43,50,57|7,14,20,28,30,37,44,51,58|1,8,15,22,29,38,45,52,59|2,9,16,23,39,46,53,60,62|3,10,17,24,33,40,54,61,63",3,7.0,0.967851917551199,0.967851917551199,random_support,0.9996411908149642,0.9971997549657114,0.6888888888888889,0.007856533432320068,0.07615441488919307,0.16402499028869055,-1.1150474391714886,0.016554567154162814,,pgm_approx,approximate,optimized,0.0009597446102619504,3.858024691358024e-06,0.0009558865855705923,0.12499999999999997,0.25,,0.0,0.0
64,strong_skew,0.8,4720,0.8;0.0031746032;0.0031746032;0.0031746032;0.0031746032;0.0031746032;0.0031746032;0.0031746032;0.0031746032;0.0031746032;0.0031746032;0.0031746032;0.0031746032;0.0031746032;0.0031746032;0.0031746032;0.0031746032;0.0031746032;0.0031746032;0.0031746032;0.0031746032;0.0031746032;0.0031746032;0.0031746032;0.0031746032;0.0031746032;0.0031746032;0.0031746032;0.0031746032;0.0031746032;0.0031746032;0.0031746032;0.0031746032;0.0031746032;0.0031746032;0.0031746032;0.0031746032;0.0031746032;0.0031746032;0.0031746032;0.0031746032;0.0031746032;0.0031746032;0.0031746032;0.0031746032;0.0031746032;0.0031746032;0.0031746032;0.0031746032;0.0031746032;0.0031746032;0.0031746032;0.0031746032;0.0031746032;0.0031746032;0.0031746032;0.0031746032;0.0031746032;0.0031746032;0.0031746032;0.0031746032;0.0031746032;0.0031746032;0.0031746032,1;7;7;7;7;7;7;7;7;7;7;7;7;7;7;7;7;7;7;7;7;7;7;7;7;7;7;7;7;7;7;7;7;7;7;7;7;7;7;7;7;7;7;7;7;7;7;7;7;7;7;7;7;7;7;7;7;7;7;7;7;7;7;6,128;2;2;2;2;2;2;2;2;2;2;2;2;2;2;2;2;2;2;2;2;2;2;2;2;2;2;2;2;2;2;2;2;2;2;2;2;2;2;2;2;2;2;2;2;2;2;2;2;2;2;2;2;2;2;2;2;2;2;2;2;2;2;4,128;2;2;2;2;2;2;2;2;2;2;2;2;2;2;2;2;2;2;2;2;2;2;2;2;2;2;2;2;2;2;2;2;2;2;2;2;2;2;2;2;2;2;2;2;2;2;2;2;2;2;2;2;2;2;2;2;2;2;2;2;2;2;4,0.015617253346554288,2.1968253968253966,6,3.8031746031746034,random,"6,17,20,22,25,28,29,41|1,12,27,33,35,39,57,58|5,7,14,40,43,49,51,53|3,10,24,34,36,52,55,56|2,9,13,15,18,31,48,50|0,4,19,30,37,38,46,61|11,16,26,42,47,54,60,62|8,21,23,32,44,45,59,63",3,7.0,0.9988730157237904,0.9988730157237904,pgm_fixed_global,0.9997845574233862,0.9983895330005574,0.8222222222222224,0.007856533432320068,0.0818565077811493,0.1923837114162289,-1.0321237613966927,0.13462311470389177,,pgm_approx,approximate,optimized,0.0004925308169165583,9.687766543720989e-05,0.0003956531514793484,0.015358016475297848,0.015358016475297848,,,
64,strong_skew,0.8,4720,0.8;0.0031746032;0.0031746032;0.0031746032;0.0031746032;0.0031746032;0.0031746032;0.0031746032;0.0031746032;0.0031746032;0.0031746032;0.0031746032;0.0031746032;0.0031746032;0.0031746032;0.0031746032;0.0031746032;0.0031746032;0.0031746032;0.0031746032;0.0031746032;0.0031746032;0.0031746032;0.0031746032;0.0031746032;0.0031746032;0.0031746032;0.0031746032;0.0031746032;0.0031746032;0.0031746032;0.0031746032;0.0031746032;0.0031746032;0.0031746032;0.0031746032;0.0031746032;0.0031746032;0.0031746032;0.0031746032;0.0031746032;0.0031746032;0.0031746032;0.0031746032;0.0031746032;0.0031746032;0.0031746032;0.0031746032;0.0031746032;0.0031746032;0.0031746032;0.0031746032;0.0031746032;0.0031746032;0.0031746032;0.0031746032;0.0031746032;0.0031746032;0.0031746032;0.0031746032;0.0031746032;0.0031746032;0.0031746032;0.0031746032,1;7;7;7;7;7;7;7;7;7;7;7;7;7;7;7;7;7;7;7;7;7;7;7;7;7;7;7;7;7;7;7;7;7;7;7;7;7;7;7;7;7;7;7;7;7;7;7;7;7;7;7;7;7;7;7;7;7;7;7;7;7;7;6,128;2;2;2;2;2;2;2;2;2;2;2;2;2;2;2;2;2;2;2;2;2;2;2;2;2;2;2;2;2;2;2;2;2;2;2;2;2;2;2;2;2;2;2;2;2;2;2;2;2;2;2;2;2;2;2;2;2;2;2;2;2;2;4,128;2;2;2;2;2;2;2;2;2;2;2;2;2;2;2;2;2;2;2;2;2;2;2;2;2;2;2;2;2;2;2;2;2;2;2;2;2;2;2;2;2;2;2;2;2;2;2;2;2;2;2;2;2;2;2;2;2;2;2;2;2;2;4,0.015617253346554288,2.1968253968253966,6,3.8031746031746034,probability_aware,"0|4,11,18,25,34,41,47,48,55|5,12,19,26,32,35,42,49,56|6,13,20,27,31,36,43,50,57|7,14,21,28,30,37,44,51,58|1,8,15,22,29,38,45,52,59|2,9,16,23,39,46,53,60,62|3,10,17,24,33,40,54,61,63",3,7.0,0.9988730157237904,0.9988730157237904,pgm_fixed_global,1.0,0.9986032829453653,0.8222222222222223,0.007856533432320068,0.0818740328286804,0.19242516799022605,-1.0319100114518849,0.13483855728050553,,pgm_approx,approximate,optimized,0.0004925308169165583,0.0,0.0004925308169165583,0.0,0.015358016475297848,,0.0,
64,strong_skew,0.8,4720,0.8;0.0031746032;0.0031746032;0.0031746032;0.0031746032;0.0031746032;0.0031746032;0.0031746032;0.0031746032;0.0031746032;0.0031746032;0.0031746032;0.0031746032;0.0031746032;0.0031746032;0.0031746032;0.0031746032;0.0031746032;0.0031746032;0.0031746032;0.0031746032;0.0031746032;0.0031746032;0.0031746032;0.0031746032;0.0031746032;0.0031746032;0.0031746032;0.0031746032;0.0031746032;0.0031746032;0.0031746032;0.0031746032;0.0031746032;0.0031746032;0.0031746032;0.0031746032;0.0031746032;0.0031746032;0.0031746032;0.0031746032;0.0031746032;0.0031746032;0.0031746032;0.0031746032;0.0031746032;0.0031746032;0.0031746032;0.0031746032;0.0031746032;0.0031746032;0.0031746032;0.0031746032;0.0031746032;0.0031746032;0.0031746032;0.0031746032;0.0031746032;0.0031746032;0.0031746032;0.0031746032;0.0031746032;0.0031746032;0.0031746032,1;7;7;7;7;7;7;7;7;7;7;7;7;7;7;7;7;7;7;7;7;7;7;7;7;7;7;7;7;7;7;7;7;7;7;7;7;7;7;7;7;7;7;7;7;7;7;7;7;7;7;7;7;7;7;7;7;7;7;7;7;7;7;6,128;2;2;2;2;2;2;2;2;2;2;2;2;2;2;2;2;2;2;2;2;2;2;2;2;2;2;2;2;2;2;2;2;2;2;2;2;2;2;2;2;2;2;2;2;2;2;2;2;2;2;2;2;2;2;2;2;2;2;2;2;2;2;4,128;2;2;2;2;2;2;2;2;2;2;2;2;2;2;2;2;2;2;2;2;2;2;2;2;2;2;2;2;2;2;2;2;2;2;2;2;2;2;2;2;2;2;2;2;2;2;2;2;2;2;2;2;2;2;2;2;2;2;2;2;2;2;4,0.015617253346554288,2.1968253968253966,6,3.8031746031746034,overlap_aware,"0|4,11,18,25,34,41,47,48,55|5,12,19,26,32,35,42,49,56|6,13,20,27,31,36,43,50,57|7,14,21,28,30,37,44,51,58|1,8,15,22,29,38,45,52,59|2,9,16,23,39,46,53,60,62|3,10,17,24,33,40,54,61,63",3,7.0,0.9988730157237904,0.9988730157237904,pgm_fixed_global,1.0,0.9986032829453653,0.8222222222222223,0.007856533432320068,0.0818740328286804,0.19242516799022605,-1.0319100114518849,0.13483855728050553,,pgm_approx,approximate,optimized,0.0004925308169165583,0.0,0.0004925308169165583,0.0,0.015358016475297848,,0.0,
64,strong_skew,0.8,4720,0.8;0.0031746032;0.0031746032;0.0031746032;0.0031746032;0.0031746032;0.0031746032;0.0031746032;0.0031746032;0.0031746032;0.0031746032;0.0031746032;0.0031746032;0.0031746032;0.0031746032;0.0031746032;0.0031746032;0.0031746032;0.0031746032;0.0031746032;0.0031746032;0.0031746032;0.0031746032;0.0031746032;0.0031746032;0.0031746032;0.0031746032;0.0031746032;0.0031746032;0.0031746032;0.0031746032;0.0031746032;0.0031746032;0.0031746032;0.0031746032;0.0031746032;0.0031746032;0.0031746032;0.0031746032;0.0031746032;0.0031746032;0.0031746032;0.0031746032;0.0031746032;0.0031746032;0.0031746032;0.0031746032;0.0031746032;0.0031746032;0.0031746032;0.0031746032;0.0031746032;0.0031746032;0.0031746032;0.0031746032;0.0031746032;0.0031746032;0.0031746032;0.0031746032;0.0031746032;0.0031746032;0.0031746032;0.0031746032;0.0031746032,6;6;6;6;6;6;6;6;6;6;6;6;6;6;6;6;6;6;6;6;6;6;6;6;6;6;6;6;6;6;6;6;6;6;6;6;6;6;6;6;6;6;6;6;6;6;6;6;6;6;6;6;6;6;6;6;6;6;6;6;6;6;6;6,4;4;4;4;4;4;4;4;4;4;4;4;4;4;4;4;4;4;4;4;4;4;4;4;4;4;4;4;4;4;4;4;4;4;4;4;4;4;4;4;4;4;4;4;4;4;4;4;4;4;4;4;4;4;4;4;4;4;4;4;4;4;4;4,4;4;4;4;4;4;4;4;4;4;4;4;4;4;4;4;4;4;4;4;4;4;4;4;4;4;4;4;4;4;4;4;4;4;4;4;4;4;4;4;4;4;4;4;4;4;4;4;4;4;4;4;4;4;4;4;4;4;4;4;4;4;4;4,0.0,6.0,6,0.0,overlap_aware,"0|4,11,18,25,34,41,47,48,55|5,12,19,26,32,35,42,49,56|6,13,20,27,31,36,43,50,57|7,14,21,28,30,37,44,51,58|1,8,15,22,29,38,45,52,59|2,9,16,23,39,46,53,60,62|3,10,17,24,33,40,54,61,63",3,7.0,0.9999999999999998,0.9999999999999998,equal_support,1.0,0.9986032829453653,0.8222222222222223,0.007856533432320068,0.06241270518408533,0.1111111111111111,-1.6680633837213008,-0.4999999999999998,,pgm_approx,approximate,optimized,0.0,0.0,0.0,0.0,0.0,,0.0,0.0
64,strong_skew,0.8,4720,0.8;0.0031746032;0.0031746032;0.0031746032;0.0031746032;0.0031746032;0.0031746032;0.0031746032;0.0031746032;0.0031746032;0.0031746032;0.0031746032;0.0031746032;0.0031746032;0.0031746032;0.0031746032;0.0031746032;0.0031746032;0.0031746032;0.0031746032;0.0031746032;0.0031746032;0.0031746032;0.0031746032;0.0031746032;0.0031746032;0.0031746032;0.0031746032;0.0031746032;0.0031746032;0.0031746032;0.0031746032;0.0031746032;0.0031746032;0.0031746032;0.0031746032;0.0031746032;0.0031746032;0.0031746032;0.0031746032;0.0031746032;0.0031746032;0.0031746032;0.0031746032;0.0031746032;0.0031746032;0.0031746032;0.0031746032;0.0031746032;0.0031746032;0.0031746032;0.0031746032;0.0031746032;0.0031746032;0.0031746032;0.0031746032;0.0031746032;0.0031746032;0.0031746032;0.0031746032;0.0031746032;0.0031746032;0.0031746032;0.0031746032,1;7;7;7;7;7;7;7;7;7;7;7;7;7;7;7;7;7;7;7;7;7;7;7;7;7;7;7;7;7;7;7;7;7;7;7;7;7;7;7;7;7;7;7;7;7;7;7;7;7;7;7;7;7;7;7;7;7;7;7;7;7;7;6,128;2;2;2;2;2;2;2;2;2;2;2;2;2;2;2;2;2;2;2;2;2;2;2;2;2;2;2;2;2;2;2;2;2;2;2;2;2;2;2;2;2;2;2;2;2;2;2;2;2;2;2;2;2;2;2;2;2;2;2;2;2;2;4,128;2;2;2;2;2;2;2;2;2;2;2;2;2;2;2;2;2;2;2;2;2;2;2;2;2;2;2;2;2;2;2;2;2;2;2;2;2;2;2;2;2;2;2;2;2;2;2;2;2;2;2;2;2;2;2;2;2;2;2;2;2;2;4,0.022310361923648984,2.1968253968253966,6,3.8031746031746034,overlap_aware,"0|4,11,18,25,34,41,47,48,55|5,12,19,26,32,35,42,49,56|6,13,20,28,31,36,43,50,57|7,14,21,27,30,37,44,51,58|1,8,15,22,29,38,45,52,59|2,9,16,23,39,46,53,60,62|3,10,17,24,33,40,54,61,63",3,7.0,0.985424248175918,0.985424248175918,random_support,1.0,0.9986032829453653,0.8222222222222223,0.007856533432320068,0.0818740328286804,0.19242516799022605,-1.0045712998545693,0.14648704007196944,,pgm_approx,approximate,optimized,0.0006157902375116755,0.0,0.0006157902375116755,0.0,0.25,,0.0,0.0
64,strong_skew,0.9,4730,0.9;0.0015873016;0.0015873016;0.0015873016;0.0015873016;0.0015873016;0.0015873016;0.0015873016;0.0015873016;0.0015873016;0.0015873016;0.0015873016;0.0015873016;0.0015873016;0.0015873016;0.0015873016;0.0015873016;0.0015873016;0.0015873016;0.0015873016;0.0015873016;0.0015873016;0.0015873016;0.0015873016;0.0015873016;0.0015873016;0.0015873016;0.0015873016;0.0015873016;0.0015873016;0.0015873016;0.0015873016;0.0015873016;0.0015873016;0.0015873016;0.0015873016;0.0015873016;0.0015873016;0.0015873016;0.0015873016;0.0015873016;0.0015873016;0.0015873016;0.0015873016;0.0015873016;0.0015873016;0.0015873016;0.0015873016;0.0015873016;0.0015873016;0.0015873016;0.0015873016;0.0015873016;0.0015873016;0.0015873016;0.0015873016;0.0015873016;0.0015873016;0.0015873016;0.0015873016;0.0015873016;0.0015873016;0.0015873016;0.0015873016,1;7;7;7;7;7;7;7;7;7;7;7;7;7;7;7;7;7;7;7;7;7;7;7;7;7;7;7;7;7;7;7;7;7;7;7;7;7;7;7;7;7;7;7;7;7;7;7;7;7;7;7;7;7;7;7;7;7;7;7;7;7;7;6,128;2;2;2;2;2;2;2;2;2;2;2;2;2;2;2;2;2;2;2;2;2;2;2;2;2;2;2;2;2;2;2;2;2;2;2;2;2;2;2;2;2;2;2;2;2;2;2;2;2;2;2;2;2;2;2;2;2;2;2;2;2;2;4,128;2;2;2;2;2;2;2;2;2;2;2;2;2;2;2;2;2;2;2;2;2;2;2;2;2;2;2;2;2;2;2;2;2;2;2;2;2;2;2;2;2;2;2;2;2;2;2;2;2;2;2;2;2;2;2;2;2;2;2;2;2;2;4,0.015617253346554288,1.598412698412698,6,4.401587301587302,random,"5,15,16,24,41,44,52,58|6,7,21,30,35,46,50,54|19,23,26,34,37,49,59,63|0,9,14,22,27,36,40,47|12,18,25,39,42,45,53,60|4,17,20,29,33,43,56,61|2,3,8,28,38,48,55,57|1,10,11,13,31,32,51,62",3,7.0,0.9993828682302153,0.9993828682302153,pgm_fixed_global,0.9999229298044863,0.9992251767817366,0.9111111111111111,0.007856533432320068,0.0861518901563561,0.21744958432061665,-0.9326506481278356,0.23399378449683195,,pgm_approx,approximate,optimized,0.00029174944473368944,3.7558462505977055e-05,0.00025419098222771236,0.015151856431104484,0.015279994291242806,,,
64,strong_skew,0.9,4730,0.9;0.0015873016;0.0015873016;0.0015873016;0.0015873016;0.0015873016;0.0015873016;0.0015873016;0.0015873016;0.0015873016;0.0015873016;0.0015873016;0.0015873016;0.0015873016;0.0015873016;0.0015873016;0.0015873016;0.0015873016;0.0015873016;0.0015873016;0.0015873016;0.0015873016;0.0015873016;0.0015873016;0.0015873016;0.0015873016;0.0015873016;0.0015873016;0.0015873016;0.0015873016;0.0015873016;0.0015873016;0.0015873016;0.0015873016;0.0015873016;0.0015873016;0.0015873016;0.0015873016;0.0015873016;0.0015873016;0.0015873016;0.0015873016;0.0015873016;0.0015873016;0.0015873016;0.0015873016;0.0015873016;0.0015873016;0.0015873016;0.0015873016;0.0015873016;0.0015873016;0.0015873016;0.0015873016;0.0015873016;0.0015873016;0.0015873016;0.0015873016;0.0015873016;0.0015873016;0.0015873016;0.0015873016;0.0015873016;0.0015873016,1;7;7;7;7;7;7;7;7;7;7;7;7;7;7;7;7;7;7;7;7;7;7;7;7;7;7;7;7;7;7;7;7;7;7;7;7;7;7;7;7;7;7;7;7;7;7;7;7;7;7;7;7;7;7;7;7;7;7;7;7;7;7;6,128;2;2;2;2;2;2;2;2;2;2;2;2;2;2;2;2;2;2;2;2;2;2;2;2;2;2;2;2;2;2;2;2;2;2;2;2;2;2;2;2;2;2;2;2;2;2;2;2;2;2;2;2;2;2;2;2;2;2;2;2;2;2;4,128;2;2;2;2;2;2;2;2;2;2;2;2;2;2;2;2;2;2;2;2;2;2;2;2;2;2;2;2;2;2;2;2;2;2;2;2;2;2;2;2;2;2;2;2;2;2;2;2;2;2;2;2;2;2;2;2;2;2;2;2;2;2;4,0.015617253346554288,1.598412698412698,6,4.401587301587302,probability_aware,"0|4,11,18,25,34,41,47,48,55|5,12,19,26,32,35,42,49,56|6,13,20,27,31,36,43,50,57|7,14,21,28,30,37,44,51,58|1,8,15,22,29,38,45,52,59|2,9,16,23,39,46,53,60,62|3,10,17,24,33,40,54,61,63",3,7.0,0.9993828682302153,0.9993828682302153,pgm_fixed_global,0.9999999999999997,0.9993016414726823,0.9111111111111111,0.007856533432320068,0.08615848284217735,0.2174663444943044,-0.9325741834368899,0.23407085469234534,,pgm_approx,approximate,optimized,0.00029174944473368944,0.0,0.00029174944473368944,0.0,0.015279994291242806,,0.0,
64,strong_skew,0.9,4730,0.9;0.0015873016;0.0015873016;0.0015873016;0.0015873016;0.0015873016;0.0015873016;0.0015873016;0.0015873016;0.0015873016;0.0015873016;0.0015873016;0.0015873016;0.0015873016;0.0015873016;0.0015873016;0.0015873016;0.0015873016;0.0015873016;0.0015873016;0.0015873016;0.0015873016;0.0015873016;0.0015873016;0.0015873016;0.0015873016;0.0015873016;0.0015873016;0.0015873016;0.0015873016;0.0015873016;0.0015873016;0.0015873016;0.0015873016;0.0015873016;0.0015873016;0.0015873016;0.0015873016;0.0015873016;0.0015873016;0.0015873016;0.0015873016;0.0015873016;0.0015873016;0.0015873016;0.0015873016;0.0015873016;0.0015873016;0.0015873016;0.0015873016;0.0015873016;0.0015873016;0.0015873016;0.0015873016;0.0015873016;0.0015873016;0.0015873016;0.0015873016;0.0015873016;0.0015873016;0.0015873016;0.0015873016;0.0015873016;0.0015873016,1;7;7;7;7;7;7;7;7;7;7;7;7;7;7;7;7;7;7;7;7;7;7;7;7;7;7;7;7;7;7;7;7;7;7;7;7;7;7;7;7;7;7;7;7;7;7;7;7;7;7;7;7;7;7;7;7;7;7;7;7;7;7;6,128;2;2;2;2;2;2;2;2;2;2;2;2;2;2;2;2;2;2;2;2;2;2;2;2;2;2;2;2;2;2;2;2;2;2;2;2;2;2;2;2;2;2;2;2;2;2;2;2;2;2;2;2;2;2;2;2;2;2;2;2;2;2;4,128;2;2;2;2;2;2;2;2;2;2;2;2;2;2;2;2;2;2;2;2;2;2;2;2;2;2;2;2;2;2;2;2;2;2;2;2;2;2;2;2;2;2;2;2;2;2;2;2;2;2;2;2;2;2;2;2;2;2;2;2;2;2;4,0.015617253346554288,1.598412698412698,6,4.401587301587302,overlap_aware,"0|4,11,18,25,34,41,47,48,55|5,12,19,26,32,35,42,49,56|6,13,20,27,31,36,43,50,57|7,14,21,28,30,37,44,51,58|1,8,15,22,29,38,45,52,59|2,9,16,23,39,46,53,60,62|3,10,17,24,33,40,54,61,63",3,7.0,0.9993828682302153,0.9993828682302153,pgm_fixed_global,0.9999999999999997,0.9993016414726823,0.9111111111111111,0.007856533432320068,0.08615848284217735,0.2174663444943044,-0.9325741834368899,0.23407085469234534,,pgm_approx,approximate,optimized,0.00029174944473368944,0.0,0.00029174944473368944,0.0,0.015279994291242806,,0.0,
64,strong_skew,0.9,4730,0.9;0.0015873016;0.0015873016;0.0015873016;0.0015873016;0.0015873016;0.0015873016;0.0015873016;0.0015873016;0.0015873016;0.0015873016;0.0015873016;0.0015873016;0.0015873016;0.0015873016;0.0015873016;0.0015873016;0.0015873016;0.0015873016;0.0015873016;0.0015873016;0.0015873016;0.0015873016;0.0015873016;0.0015873016;0.0015873016;0.0015873016;0.0015873016;0.0015873016;0.0015873016;0.0015873016;0.0015873016;0.0015873016;0.0015873016;0.0015873016;0.0015873016;0.0015873016;0.0015873016;0.0015873016;0.0015873016;0.0015873016;0.0015873016;0.0015873016;0.0015873016;0.0015873016;0.0015873016;0.0015873016;0.0015873016;0.0015873016;0.0015873016;0.0015873016;0.0015873016;0.0015873016;0.0015873016;0.0015873016;0.0015873016;0.0015873016;0.0015873016;0.0015873016;0.0015873016;0.0015873016;0.0015873016;0.0015873016;0.0015873016,6;6;6;6;6;6;6;6;6;6;6;6;6;6;6;6;6;6;6;6;6;6;6;6;6;6;6;6;6;6;6;6;6;6;6;6;6;6;6;6;6;6;6;6;6;6;6;6;6;6;6;6;6;6;6;6;6;6;6;6;6;6;6;6,4;4;4;4;4;4;4;4;4;4;4;4;4;4;4;4;4;4;4;4;4;4;4;4;4;4;4;4;4;4;4;4;4;4;4;4;4;4;4;4;4;4;4;4;4;4;4;4;4;4;4;4;4;4;4;4;4;4;4;4;4;4;4;4,4;4;4;4;4;4;4;4;4;4;4;4;4;4;4;4;4;4;4;4;4;4;4;4;4;4;4;4;4;4;4;4;4;4;4;4;4;4;4;4;4;4;4;4;4;4;4;4;4;4;4;4;4;4;4;4;4;4;4;4;4;4;4;4,0.0,6.0,6,0.0,overlap_aware,"0|4,11,18,25,34,41,47,48,55|5,12,19,26,32,35,42,49,56|6,13,20,27,31,36,43,50,57|7,14,21,28,30,37,44,51,58|1,8,15,22,29,38,45,52,59|2,9,16,23,39,46,53,60,62|3,10,17,24,33,40,54,61,63",3,7.0,0.9999999999999998,0.9999999999999998,equal_support,0.9999999999999997,0.9993016414726823,0.9111111111111111,0.007856533432320068,0.062456352592042644,0.11111111111111108,-1.6673650251939838,-0.5000000000000001,,pgm_approx,approximate,optimized,0.0,0.0,0.0,0.0,0.0,,0.0,0.0
64,strong_skew,0.9,4730,0.9;0.0015873016;0.0015873016;0.0015873016;0.0015873016;0.0015873016;0.0015873016;0.0015873016;0.0015873016;0.0015873016;0.0015873016;0.0015873016;0.0015873016;0.0015873016;0.0015873016;0.0015873016;0.0015873016;0.0015873016;0.0015873016;0.0015873016;0.0015873016;0.0015873016;0.0015873016;0.0015873016;0.0015873016;0.0015873016;0.0015873016;0.0015873016;0.0015873016;0.0015873016;0.0015873016;0.0015873016;0.0015873016;0.0015873016;0.0015873016;0.0015873016;0.0015873016;0.0015873016;0.0015873016;0.0015873016;0.0015873016;0.0015873016;0.0015873016;0.0015873016;0.0015873016;0.0015873016;0.0015873016;0.0015873016;0.0015873016;0.0015873016;0.0015873016;0.0015873016;0.0015873016;0.0015873016;0.0015873016;0.0015873016;0.0015873016;0.0015873016;0.0015873016;0.0015873016;0.0015873016;0.0015873016;0.0015873016;0.0015873016,1;7;7;7;7;7;7;7;7;7;7;7;7;7;7;7;7;7;7;7;7;7;7;7;7;7;7;7;7;7;7;7;7;7;7;7;7;7;7;7;7;7;7;7;7;7;7;7;7;7;7;7;7;7;7;7;7;7;7;7;7;7;7;6,128;2;2;2;2;2;2;2;2;2;2;2;2;2;2;2;2;2;2;2;2;2;2;2;2;2;2;2;2;2;2;2;2;2;2;2;2;2;2;2;2;2;2;2;2;2;2;2;2;2;2;2;2;2;2;2;2;2;2;2;2;2;2;4,128;2;2;2;2;2;2;2;2;2;2;2;2;2;2;2;2;2;2;2;2;2;2;2;2;2;2;2;2;2;2;2;2;2;2;2;2;2;2;2;2;2;2;2;2;2;2;2;2;2;2;2;2;2;2;2;2;2;2;2;2;2;2;4,0.028011898859692613,1.598412698412698,6,4.401587301587302,overlap_aware,"0|4,11,18,25,34,41,47,48,55|5,12,20,26,32,35,42,49,56|6,13,19,27,31,36,43,50,57|7,15,21,28,30,37,44,51,58|1,8,16,22,38,45,52,59,62|2,9,14,23,29,39,46,53,60|3,10,17,24,33,40,54,61,63",3,7.0,0.9895901088492006,0.9895901088492006,random_support,0.9997873419107687,0.999090654138839,0.9111111111111111,0.007856533432320068,0.08614029178971788,0.2174200985170122,-0.9138550933111896,0.24136338811814062,,pgm_approx,approximate,optimized,0.0003743872407461029,6.298815822625343e-07,0.0003737573591638404,0.25,0.25,,0.0,0.0
