p,scheme,code_name,n,k,d,redundancy_r,q_L,P_corr,P_global_opt,P_group,P_fallback,P_success,C_total,eta,baseline_type
0.0,global_noQEC,global_noQEC,1,1,1,1.0,0.0,1.0,0.6947920446914665,0.9942847833185422,0.5,0.6947920446914665,1.9,0.3656800235218245,global_noQEC
0.0,group_noQEC,group_noQEC,1,1,1,1.0,0.0,1.0,0.6947920446914665,0.9942847833185422,0.5,0.9942847833185422,2.9,0.3428568218339801,group_noQEC
0.0,rep3_toy,rep3_toy,3,1,1,3.0,0.0,1.0,0.6947920446914665,0.9942847833185422,0.5,0.9942847833185422,8.6,0.11561450968820258,group_QEC
0.0,"[[5,1,3]]","[[5,1,3]]",5,1,3,5.0,0.0,1.0,0.6947920446914665,0.9942847833185422,0.5,0.9942847833185422,12.4,0.08018425671923728,group_QEC
0.0,"[[7,1,3]]","[[7,1,3]]",7,1,3,7.0,0.0,1.0,0.6947920446914665,0.9942847833185422,0.5,0.9942847833185422,16.2,0.06137560390855199,group_QEC
0.0,"[[9,1,3]]","[[9,1,3]]",9,1,3,9.0,0.0,1.0,0.6947920446914665,0.9942847833185422,0.5,0.9942847833185422,20.0,0.04971423916592711,group_QEC
0.0,"[[11,1,5]]","[[11,1,5]]",11,1,5,11.0,0.0,1.0,0.6947920446914665,0.9942847833185422,0.5,0.9942847833185422,23.799999999999997,0.04177667156800598,group_QEC
0.002,global_noQEC,global_noQEC,1,1,1,1.0,0.002,0.998,0.6947920446914665,0.9942847833185422,0.5,0.6942024606020836,1.9,0.36536971610635977,global_noQEC
0.002,group_noQEC,group_noQEC,1,1,1,1.0,0.002,0.998,0.6947920446914665,0.9942847833185422,0.5,0.9932962137519051,2.9,0.342515935776519,group_noQEC
0.002,rep3_toy,rep3_toy,3,1,1,3.0,1.1984e-05,0.999988016,0.6947920446914665,0.9942847833185422,0.5,0.994278859809699,8.6,0.11561382090810454,group_QEC
0.002,"[[5,1,3]]","[[5,1,3]]",5,1,3,5.0,3.984023987202434e-05,0.999960159760128,0.6947920446914665,0.9942847833185422,0.5,0.9942650908942097,12.4,0.08018266862050077,group_QEC
0.002,"[[7,1,3]]","[[7,1,3]]",7,1,3,7.0,8.344167731422214e-05,0.9999165583226858,0.6947920446914665,0.9942847833185422,0.5,0.9942435393671512,16.2,0.06137305798562662,group_QEC
0.002,"[[9,1,3]]","[[9,1,3]]",9,1,3,9.0,0.00014266203189883253,0.9998573379681012,0.6947920446914665,0.9942847833185422,0.5,0.9942142676470174,20.0,0.04971071338235087,group_QEC
0.002,"[[11,1,5]]","[[11,1,5]]",11,1,5,11.0,1.3042484090508566e-06,0.999998695751591,0.6947920446914665,0.9942847833185422,0.5,0.9942841386483999,23.799999999999997,0.041776644481025214,group_QEC
0.004,global_noQEC,global_noQEC,1,1,1,1.0,0.004,0.996,0.6947920446914665,0.9942847833185422,0.5,0.6936128765127006,1.9,0.3650594086908951,global_noQEC
0.004,group_noQEC,group_noQEC,1,1,1,1.0,0.004,0.996,0.6947920446914665,0.9942847833185422,0.5,0.9923076441852681,2.9,0.342175049719058,group_noQEC
0.004,rep3_toy,rep3_toy,3,1,1,3.0,4.7872e-05,0.999952128,0.6947920446914665,0.9942847833185422,0.5,0.9942611209173953,8.6,0.11561175824620876,group_QEC
0.004,"[[5,1,3]]","[[5,1,3]]",5,1,3,5.0,0.00015872383590398442,0.999841276164096,0.6947920446914665,0.9942847833185422,0.5,0.9942063285417049,12.4,0.08017792972110523,group_QEC
0.004,"[[7,1,3]]","[[7,1,3]]",7,1,3,7.0,0.00033154679412727983,0.9996684532058727,0.6947920446914665,0.9942847833185422,0.5,0.9941209047832471,16.2,0.06136548794958316,group_QEC
0.004,"[[9,1,3]]","[[9,1,3]]",9,1,3,9.0,0.0005653442536208697,0.9994346557463791,0.6947920446914665,0.9942847833185422,0.5,0.9940053422566408,20.0,0.04970026711283204,group_QEC
0.004,"[[11,1,5]]","[[11,1,5]]",11,1,5,11.0,1.0309379685491393e-05,0.9999896906203145,0.6947920446914665,0.9942847833185422,0.5,0.9942796875490382,23.799999999999997,0.041776457460043624,group_QEC
0.006,global_noQEC,global_noQEC,1,1,1,1.0,0.006,0.994,0.6947920446914665,0.9942847833185422,0.5,0.6930232924233176,1.9,0.36474910127543037,global_noQEC
0.006,group_noQEC,group_noQEC,1,1,1,1.0,0.006,0.994,0.6947920446914665,0.9942847833185422,0.5,0.9913190746186309,2.9,0.34183416366159686,group_noQEC
0.006,rep3_toy,rep3_toy,3,1,1,3.0,0.000107568,0.999892432,0.6947920446914665,0.9942847833185422,0.5,0.9942316140929702,8.6,0.11560832722011283,group_QEC
0.006,"[[5,1,3]]","[[5,1,3]]",5,1,3,5.0,0.00035569940889601526,0.999644300591104,0.6947920446914665,0.9942847833185422,0.5,0.9941089665132895,12.4,0.08017007794462012,group_QEC
0.006,"[[7,1,3]]","[[7,1,3]]",7,1,3,7.0,0.0007410154284472892,0.9992589845715527,0.6947920446914665,0.9942847833185422,0.5,0.9939185106680565,16.2,0.0613529944856825,group_QEC
0.006,"[[9,1,3]]","[[9,1,3]]",9,1,3,9.0,0.0012601979884311332,0.9987398020115689,0.6947920446914665,0.9942847833185422,0.5,0.993661886628892,20.0,0.0496830943314446,group_QEC
0.006,"[[11,1,5]]","[[11,1,5]]",11,1,5,11.0,3.4378300901249936e-05,0.9999656216990988,0.6947920446914665,0.9942847833185422,0.5,0.9942677906475303,23.799999999999997,0.04177595759023237,group_QEC
0.008,global_noQEC,global_noQEC,1,1,1,1.0,0.008,0.992,0.6947920446914665,0.9942847833185422,0.5,0.6924337083339347,1.9,0.36443879385996564,global_noQEC
0.008,group_noQEC,group_noQEC,1,1,1,1.0,0.008,0.992,0.6947920446914665,0.9942847833185422,0.5,0.9903305050519938,2.9,0.34149327760413584,group_noQEC
0.008,rep3_toy,rep3_toy,3,1,1,3.0,0.000190976,0.999809024,0.6947920446914665,0.9942847833185422,0.5,0.9941903867877633,8.6,0.11560353334741434,group_QEC
0.008,"[[5,1,3]]","[[5,1,3]]",5,1,3,5.0,0.0006298213089279692,0.999370178691072,0.6947920446914665,0.9942847833185422,0.5,0.9939734722293293,12.4,0.08015915098623623,group_QEC
0.008,"[[7,1,3]]","[[7,1,3]]",7,1,3,7.0,0.001308587336650513,0.9986914126633495,0.6947920446914665,0.9942847833185422,0.5,0.9936379685103925,16.2,0.06133567706854275,group_QEC
0.008,"[[9,1,3]]","[[9,1,3]]",9,1,3,9.0,0.002219515882576517,0.9977804841174235,0.6947920446914665,0.9942847833185422,0.5,0.9931877103914508,20.0,0.04965938551957254,group_QEC
0.008,"[[11,1,5]]","[[11,1,5]]",11,1,5,11.0,8.051459211388945e-05,0.9999194854078861,0.6947920446914665,0.9942847833185422,0.5,0.9942449861808252,23.799999999999997,0.04177499941936241,group_QEC
0.01,global_noQEC,global_noQEC,1,1,1,1.0,0.01,0.99,0.6947920446914665,0.9942847833185422,0.5,0.6918441242445518,1.9,0.36412848644450097,global_noQEC
0.01,group_noQEC,group_noQEC,1,1,1,1.0,0.01,0.99,0.6947920446914665,0.9942847833185422,0.5,0.9893419354853568,2.9,0.34115239154667476,group_noQEC
0.01,rep3_toy,rep3_toy,3,1,1,3.0,0.00029800000000000003,0.999702,0.6947920446914665,0.9942847833185422,0.5,0.9941374864531132,8.6,0.11559738214571084,group_QEC
0.01,"[[5,1,3]]","[[5,1,3]]",5,1,3,5.0,0.0009801496000001464,0.9990198503999999,0.6947920446914665,0.9942847833185422,0.5,0.9938003102858863,12.4,0.08014518631337793,group_QEC
0.01,"[[7,1,3]]","[[7,1,3]]",7,1,3,7.0,0.002031041634940056,0.9979689583650599,0.6947920446914665,0.9942847833185422,0.5,0.993280870344105,16.2,0.061313633971858336,group_QEC
0.01,"[[9,1,3]]","[[9,1,3]]",9,1,3,9.0,0.0034357300178463612,0.9965642699821536,0.6947920446914665,0.9942847833185422,0.5,0.9925865542511301,20.0,0.0496293277125565,group_QEC
0.01,"[[11,1,5]]","[[11,1,5]]",11,1,5,11.0,0.00015537262915510386,0.9998446273708449,0.6947920446914665,0.9942847833185422,0.5,0.9942079849922065,23.799999999999997,0.041773444747571706,group_QEC
0.012,global_noQEC,global_noQEC,1,1,1,1.0,0.012,0.988,0.6947920446914665,0.9942847833185422,0.5,0.691254540155169,1.9,0.3638181790290363,global_noQEC
0.012,group_noQEC,group_noQEC,1,1,1,1.0,0.012,0.988,0.6947920446914665,0.9942847833185422,0.5,0.9883533659187197,2.9,0.3408115054892137,group_noQEC
0.012,rep3_toy,rep3_toy,3,1,1,3.0,0.000428544,0.999571456,0.6947920446914665,0.9942847833185422,0.5,0.9940729605403598,8.6,0.11558987913259998,group_QEC
0.012,"[[5,1,3]]","[[5,1,3]]",5,1,3,5.0,0.0014057500446721383,0.9985942499553279,0.6947920446914665,0.9942847833185422,0.5,0.9935899424623114,12.4,0.08012822116631543,group_QEC
0.012,"[[7,1,3]]","[[7,1,3]]",7,1,3,7.0,0.0029051964824065024,0.9970948035175935,0.6947920446914665,0.9942847833185422,0.5,0.9928487889047382,16.2,0.06128696227807026,group_QEC
0.012,"[[9,1,3]]","[[9,1,3]]",9,1,3,9.0,0.0049014100430727625,0.9950985899569272,0.6947920446914665,0.9942847833185422,0.5,0.9918620909174467,20.0,0.04959310454587233,group_QEC
0.012,"[[11,1,5]]","[[11,1,5]]",11,1,5,11.0,0.00026526750294353363,0.9997347324970565,0.6947920446914665,0.9942847833185422,0.5,0.9941536656283283,23.799999999999997,0.04177116242135834,group_QEC
0.014,global_noQEC,global_noQEC,1,1,1,1.0,0.014,0.986,0.6947920446914665,0.9942847833185422,0.5,0.690664956065786,1.9,0.3635078716135716,global_noQEC
0.014,group_noQEC,group_noQEC,1,1,1,1.0,0.014,0.986,0.6947920446914665,0.9942847833185422,0.5,0.9873647963520826,2.9,0.34047061943175266,group_noQEC
0.014,rep3_toy,rep3_toy,3,1,1,3.0,0.0005825120000000001,0.999417488,0.6947920446914665,0.9942847833185422,0.5,0.9939968565008417,8.6,0.11558102982567928,group_QEC
0.014,"[[5,1,3]]","[[5,1,3]]",5,1,3,5.0,0.001905694088704113,0.9980943059112959,0.6947920446914665,0.9942847833185422,0.5,0.9933428277288356,12.4,0.08010829255877706,group_QEC
0.014,"[[7,1,3]]","[[7,1,3]]",7,1,3,7.0,0.003927908765685384,0.9960720912343146,0.6947920446914665,0.9942847833185422,0.5,0.9923432777854004,16.2,0.061255757887987684,group_QEC
0.014,"[[9,1,3]]","[[9,1,3]]",9,1,3,9.0,0.006609261324432736,0.9933907386755673,0.6947920446914665,0.9942847833185422,0.5,0.9910179260168994,20.0,0.04955089630084497,group_QEC
0.014,"[[11,1,5]]","[[11,1,5]]",11,1,5,11.0,0.00041618473838678227,0.9995838152616132,0.6947920446914665,0.9942847833185422,0.5,0.9940790695353082,23.799999999999997,0.04176802813173564,group_QEC
0.016,global_noQEC,global_noQEC,1,1,1,1.0,0.016,0.984,0.6947920446914665,0.9942847833185422,0.5,0.690075371976403,1.9,0.36319756419810684,global_noQEC
0.016,group_noQEC,group_noQEC,1,1,1,1.0,0.016,0.984,0.6947920446914665,0.9942847833185422,0.5,0.9863762267854456,2.9,0.3401297333742916,group_noQEC
0.016,rep3_toy,rep3_toy,3,1,1,3.0,0.000759808,0.999240192,0.6947920446914665,0.9942847833185422,0.5,0.9939092217858985,8.6,0.11557083974254634,group_QEC
0.016,"[[5,1,3]]","[[5,1,3]]",5,1,3,5.0,0.0024790588456959917,0.997520941154304,0.6947920446914665,0.9942847833185422,0.5,0.9930594222541634,12.4,0.08008543727856157,group_QEC
0.016,"[[7,1,3]]","[[7,1,3]]",7,1,3,7.0,0.005096073785207933,0.9949039262147921,0.6947920446914665,0.9942847833185422,0.5,0.9917658715918454,16.2,0.06122011553036083,group_QEC
0.016,"[[9,1,3]]","[[9,1,3]]",9,1,3,9.0,0.008552123114414889,0.9914478768855851,0.6947920446914665,0.9942847833185422,0.5,0.99005759899802,20.0,0.049502879949901005,group_QEC
0.016,"[[11,1,5]]","[[11,1,5]]",11,1,5,11.0,0.0006137898159129795,0.999386210184087,0.6947920446914665,0.9942847833185422,0.5,0.9939813963523805,23.799999999999997,0.04176392421648658,group_QEC
0.018000000000000002,global_noQEC,global_noQEC,1,1,1,1.0,0.018000000000000002,0.982,0.6947920446914665,0.9942847833185422,0.5,0.6894857878870201,1.9,0.36288725678264216,global_noQEC
0.018000000000000002,group_noQEC,group_noQEC,1,1,1,1.0,0.018000000000000002,0.982,0.6947920446914665,0.9942847833185422,0.5,0.9853876572188084,2.9,0.3397888473168305,group_noQEC
0.018000000000000002,rep3_toy,rep3_toy,3,1,1,3.0,0.0009603360000000002,0.999039664,0.6947920446914665,0.9942847833185422,0.5,0.9938101038468692,8.6,0.11555931440079875,group_QEC
0.018000000000000002,"[[5,1,3]]","[[5,1,3]]",5,1,3,5.0,0.0031249270817280683,0.9968750729182719,0.6947920446914665,0.9942847833185422,0.5,0.9927401794130639,12.4,0.08005969188815032,group_QEC
0.018000000000000002,"[[7,1,3]]","[[7,1,3]]",7,1,3,7.0,0.00640662494304256,0.9935933750569574,0.6947920446914665,0.9942847833185422,0.5,0.9911180860967672,16.2,0.061180128771405384,group_QEC
0.018000000000000002,"[[9,1,3]]","[[9,1,3]]",9,1,3,9.0,0.010722966739315387,0.9892770332606846,0.6947920446914665,0.9942847833185422,0.5,0.9889845840272677,20.0,0.04944922920136339,group_QEC
0.018000000000000002,"[[11,1,5]]","[[11,1,5]]",11,1,5,11.0,0.0008634374986303817,0.9991365625013696,0.6947920446914665,0.9942847833185422,0.5,0.9938579993016226,23.799999999999997,0.04175873946645473,group_QEC
0.02,global_noQEC,global_noQEC,1,1,1,1.0,0.02,0.98,0.6947920446914665,0.9942847833185422,0.5,0.6888962037976372,1.9,0.3625769493671775,global_noQEC
0.02,group_noQEC,group_noQEC,1,1,1,1.0,0.02,0.98,0.6947920446914665,0.9942847833185422,0.5,0.9843990876521713,2.9,0.33944796125936944,group_noQEC
0.02,rep3_toy,rep3_toy,3,1,1,3.0,0.0011840000000000002,0.998816,0.6947920446914665,0.9942847833185422,0.5,0.9936995501350931,8.6,0.11554645931803409,group_QEC
0.02,"[[5,1,3]]","[[5,1,3]]",5,1,3,5.0,0.0038423872000000747,0.9961576127999999,0.6947920446914665,0.9942847833185422,0.5,0.9923855497939642,12.4,0.08003109272531969,group_QEC
0.02,"[[7,1,3]]","[[7,1,3]]",7,1,3,7.0,0.007856533432320068,0.9921434665676799,0.6947920446914665,0.9942847833185422,0.5,0.990401418393313,16.2,0.061135890024278584,group_QEC
0.02,"[[9,1,3]]","[[9,1,3]]",9,1,3,9.0,0.013114893805128869,0.9868851061948711,0.6947920446914665,0.9942847833185422,0.5,0.9878022908758284,20.0,0.04939011454379142,group_QEC
0.02,"[[11,1,5]]","[[11,1,5]]",11,1,5,11.0,0.0011701809680806363,0.9988298190319194,0.6947920446914665,0.9942847833185422,0.5,0.993706380672291,23.799999999999997,0.04175236893581055,group_QEC
0.022,global_noQEC,global_noQEC,1,1,1,1.0,0.022,0.978,0.6947920446914665,0.9942847833185422,0.5,0.6883066197082542,1.9,0.36226664195171276,global_noQEC
0.022,group_noQEC,group_noQEC,1,1,1,1.0,0.022,0.978,0.6947920446914665,0.9942847833185422,0.5,0.9834105180855343,2.9,0.33910707520190836,group_noQEC
0.022,rep3_toy,rep3_toy,3,1,1,3.0,0.0014307039999999997,0.998569296,0.6947920446914665,0.9942847833185422,0.5,0.9935776081019092,8.6,0.11553228001184991,group_QEC
0.022,"[[5,1,3]]","[[5,1,3]]",5,1,3,5.0,0.004630533225472133,0.9953694667745279,0.6947920446914665,0.9942847833185422,0.5,0.9919959812065404,12.4,0.07999967590375326,group_QEC
0.022,"[[7,1,3]]","[[7,1,3]]",7,1,3,7.0,0.009442807928242702,0.9905571920717573,0.6947920446914665,0.9942847833185422,0.5,0.9896173470478121,16.2,0.06108749055850692,group_QEC
0.022,"[[9,1,3]]","[[9,1,3]]",9,1,3,9.0,0.01572113442169809,0.9842788655783019,0.6947920446914665,0.9942847833185422,0.5,0.9865140657973915,20.0,0.04932570328986958,group_QEC
0.022,"[[11,1,5]]","[[11,1,5]]",11,1,5,11.0,0.0015387807715231405,0.9984612192284769,0.6947920446914665,0.9942847833185422,0.5,0.9935241873983152,23.799999999999997,0.04174471375623173,group_QEC
0.024,global_noQEC,global_noQEC,1,1,1,1.0,0.024,0.976,0.6947920446914665,0.9942847833185422,0.5,0.6877170356188713,1.9,0.3619563345362481,global_noQEC
0.024,group_noQEC,group_noQEC,1,1,1,1.0,0.024,0.976,0.6947920446914665,0.9942847833185422,0.5,0.9824219485188972,2.9,0.33876618914444734,group_noQEC
0.024,rep3_toy,rep3_toy,3,1,1,3.0,0.0017003519999999998,0.998299648,0.6947920446914665,0.9942847833185422,0.5,0.9934443251986569,8.6,0.11551678199984383,group_QEC
0.024,"[[5,1,3]]","[[5,1,3]]",5,1,3,5.0,0.005488464789504044,0.994511535210496,0.6947920446914665,0.9942847833185422,0.5,0.9915719186893108,12.4,0.0799654773136541,group_QEC
0.024,"[[7,1,3]]","[[7,1,3]]",7,1,3,7.0,0.01116249428066951,0.9888375057193305,0.6947920446914665,0.9942847833185422,0.5,0.988767332251727,16.2,0.061035020509365864,group_QEC
0.024,"[[9,1,3]]","[[9,1,3]]",9,1,3,9.0,0.01853504544498985,0.9814649545550101,0.6947920446914665,0.9942847833185422,0.5,0.9851231923969661,20.0,0.049256159619848305,group_QEC
0.024,"[[11,1,5]]","[[11,1,5]]",11,1,5,11.0,0.0019737135836449538,0.998026286416355,0.6947920446914665,0.9942847833185422,0.5,0.9933092067275173,23.799999999999997,0.04173568095493771,group_QEC
0.026000000000000002,global_noQEC,global_noQEC,1,1,1,1.0,0.026000000000000002,0.974,0.6947920446914665,0.9942847833185422,0.5,0.6871274515294883,1.9,0.3616460271207833,global_noQEC
0.026000000000000002,group_noQEC,group_noQEC,1,1,1,1.0,0.026000000000000002,0.974,0.6947920446914665,0.9942847833185422,0.5,0.9814333789522601,2.9,0.33842530308698626,group_noQEC
0.026000000000000002,rep3_toy,rep3_toy,3,1,1,3.0,0.001992848,0.998007152,0.6947920446914665,0.9942847833185422,0.5,0.9932997488766754,8.6,0.11549997079961342,group_QEC
0.026000000000000002,"[[5,1,3]]","[[5,1,3]]",5,1,3,5.0,0.0064152871144961265,0.9935847128855039,0.6947920446914665,0.9942847833185422,0.5,0.9911138045172272,12.4,0.07992853262235702,group_QEC
0.026000000000000002,"[[7,1,3]]","[[7,1,3]]",7,1,3,7.0,0.013012675208277535,0.9869873247917225,0.6947920446914665,0.9942847833185422,0.5,0.9878528159728241,16.2,0.06097856888721137,group_QEC
0.026000000000000002,"[[9,1,3]]","[[9,1,3]]",9,1,3,9.0,0.021550108737363738,0.9784498912626363,0.6947920446914665,0.9942847833185422,0.5,0.9836328924908033,20.0,0.049181644624540166,group_QEC
0.026000000000000002,"[[11,1,5]]","[[11,1,5]]",11,1,5,11.0,0.002479180785567414,0.9975208192144326,0.6947920446914665,0.9942847833185422,0.5,0.9930593619811405,23.799999999999997,0.041725183276518515,group_QEC
0.028,global_noQEC,global_noQEC,1,1,1,1.0,0.028,0.972,0.6947920446914665,0.9942847833185422,0.5,0.6865378674401054,1.9,0.36133571970531864,global_noQEC
0.028,group_noQEC,group_noQEC,1,1,1,1.0,0.028,0.972,0.6947920446914665,0.9942847833185422,0.5,0.980444809385623,2.9,0.3380844170295252,group_noQEC
0.028,rep3_toy,rep3_toy,3,1,1,3.0,0.0023080960000000004,0.997691904,0.6947920446914665,0.9942847833185422,0.5,0.9931439265873039,8.6,0.11548185192875628,group_QEC
0.028,"[[5,1,3]]","[[5,1,3]]",5,1,3,5.0,0.007410110998528063,0.9925898890014719,0.6947920446914665,0.9942847833185422,0.5,0.9906220782092684,12.4,0.079888877274941,group_QEC
0.028,"[[7,1,3]]","[[7,1,3]]",7,1,3,7.0,0.014990469994291211,0.9850095300057088,0.6947920446914665,0.9942847833185422,0.5,0.9868752221055708,16.2,0.06091822358676363,group_QEC
0.028,"[[9,1,3]]","[[9,1,3]]",9,1,3,9.0,0.02475992944570027,0.9752400705542997,0.6947920446914665,0.9942847833185422,0.5,0.9820463269574919,20.0,0.0491023163478746,group_QEC
0.028,"[[11,1,5]]","[[11,1,5]]",11,1,5,11.0,0.003059116863977973,0.996940883136022,0.6947920446914665,0.9942847833185422,0.5,0.9927727084022847,23.799999999999997,0.041713139008499364,group_QEC
0.03,global_noQEC,global_noQEC,1,1,1,1.0,0.03,0.97,0.6947920446914665,0.9942847833185422,0.5,0.6859482833507224,1.9,0.3610254122898539,global_noQEC
0.03,group_noQEC,group_noQEC,1,1,1,1.0,0.03,0.97,0.6947920446914665,0.9942847833185422,0.5,0.9794562398189859,2.9,0.3377435309720641,group_noQEC
0.03,rep3_toy,rep3_toy,3,1,1,3.0,0.0026460000000000003,0.997354,0.6947920446914665,0.9942847833185422,0.5,0.9929769057818814,8.6,0.11546243090486993,group_QEC
0.03,"[[5,1,3]]","[[5,1,3]]",5,1,3,5.0,0.008472052800000074,0.9915279471999999,0.6947920446914665,0.9942847833185422,0.5,0.9900971765360309,12.4,0.0798465464948412,group_QEC
0.03,"[[7,1,3]]","[[7,1,3]]",7,1,3,7.0,0.017093034183780276,0.9829069658162197,0.6947920446914665,0.9942847833185422,0.5,0.985835956620756,16.2,0.06085407139634296,group_QEC
0.03,"[[9,1,3]]","[[9,1,3]]",9,1,3,9.0,0.028158234297257057,0.9718417657027429,0.6947920446914665,0.9942847833185422,0.5,0.9803665965802898,20.0,0.04901832982901449,group_QEC
0.03,"[[11,1,5]]","[[11,1,5]]",11,1,5,11.0,0.0037171976331926704,0.9962828023668073,0.6947920446914665,0.9942847833185422,0.5,0.9924474290918673,23.799999999999997,0.041699471810582665,group_QEC
0.032,global_noQEC,global_noQEC,1,1,1,1.0,0.032,0.968,0.6947920446914665,0.9942847833185422,0.5,0.6853586992613396,1.9,0.3607151048743893,global_noQEC
0.032,group_noQEC,group_noQEC,1,1,1,1.0,0.032,0.968,0.6947920446914665,0.9942847833185422,0.5,0.9784676702523488,2.9,0.33740264491460303,group_noQEC
0.032,rep3_toy,rep3_toy,3,1,1,3.0,0.003006464,0.996993536,0.6947920446914665,0.9942847833185422,0.5,0.9927987339117472,8.6,0.11544171324555201,group_QEC
0.032,"[[5,1,3]]","[[5,1,3]]",5,1,3,5.0,0.009600234422272091,0.9903997655777279,0.6947920446914665,0.9942847833185422,0.5,0.9895395335273223,12.4,0.07980157528446147,group_QEC
0.032,"[[7,1,3]]","[[7,1,3]]",7,1,3,7.0,0.01931755928251766,0.9806824407174823,0.6947920446914665,0.9942847833185422,0.5,0.9847364077143399,16.2,0.06078619800705802,group_QEC
0.032,"[[9,1,3]]","[[9,1,3]]",9,1,3,9.0,0.03173886991312258,0.9682611300868774,0.6947920446914665,0.9942847833185422,0.5,0.9785967428807589,20.0,0.048929837144037945,group_QEC
0.032,"[[11,1,5]]","[[11,1,5]]",11,1,5,11.0,0.004456848282914261,0.9955431517170857,0.6947920446914665,0.9942847833185422,0.5,0.9920818310307382,23.799999999999997,0.04168411054751001,group_QEC
0.034,global_noQEC,global_noQEC,1,1,1,1.0,0.034,0.966,0.6947920446914665,0.9942847833185422,0.5,0.6847691151719566,1.9,0.36040479745892456,global_noQEC
0.034,group_noQEC,group_noQEC,1,1,1,1.0,0.034,0.966,0.6947920446914665,0.9942847833185422,0.5,0.9774791006857118,2.9,0.337061758857142,group_noQEC
0.034,rep3_toy,rep3_toy,3,1,1,3.0,0.0033893920000000006,0.996610608,0.6947920446914665,0.9942847833185422,0.5,0.9926094584282406,8.6,0.11541970446840007,group_QEC
0.034,"[[5,1,3]]","[[5,1,3]]",5,1,3,5.0,0.01079378329830405,0.989206216701696,0.6947920446914665,0.9942847833185422,0.5,0.9889495804797527,12.4,0.07975399842578651,group_QEC
0.034,"[[7,1,3]]","[[7,1,3]]",7,1,3,7.0,0.021661272457398573,0.9783387275426014,0.6947920446914665,0.9942847833185422,0.5,0.983577945955533,16.2,0.06071468802194649,group_QEC
0.034,"[[9,1,3]]","[[9,1,3]]",9,1,3,9.0,0.03549580113913464,0.9645041988608654,0.6947920446914665,0.9942847833185422,0.5,0.9767397489437669,20.0,0.04883698744718835,group_QEC
0.034,"[[11,1,5]]","[[11,1,5]]",11,1,5,11.0,0.005281251254423469,0.9947187487455765,0.6947920446914665,0.9942847833185422,0.5,0.9916743411865987,23.799999999999997,0.041666989125487344,group_QEC
0.036000000000000004,global_noQEC,global_noQEC,1,1,1,1.0,0.036000000000000004,0.964,0.6947920446914665,0.9942847833185422,0.5,0.6841795310825737,1.9,0.36009449004345984,global_noQEC
0.036000000000000004,group_noQEC,group_noQEC,1,1,1,1.0,0.036000000000000004,0.964,0.6947920446914665,0.9942847833185422,0.5,0.9764905311190747,2.9,0.33672087279968094,group_noQEC
0.036000000000000004,rep3_toy,rep3_toy,3,1,1,3.0,0.0037946880000000005,0.996205312,0.6947920446914665,0.9942847833185422,0.5,0.9924091267827007,8.6,0.1153964100910117,group_QEC
0.036000000000000004,"[[5,1,3]]","[[5,1,3]]",5,1,3,5.0,0.012051832375296168,0.9879481676247038,0.6947920446914665,0.9942847833185422,0.5,0.9883277459643276,12.4,0.07970385048099415,group_QEC
0.036000000000000004,"[[7,1,3]]","[[7,1,3]]",7,1,3,7.0,0.024121436238413008,0.975878563761587,0.6947920446914665,0.9942847833185422,0.5,0.9823619244341062,16.2,0.060639624965068285,group_QEC
0.036000000000000004,"[[9,1,3]]","[[9,1,3]]",9,1,3,9.0,0.0394231093941354,0.9605768906058646,0.6947920446914665,0.9942847833185422,0.5,0.9747985402339188,20.0,0.04873992701169594,group_QEC
0.036000000000000004,"[[11,1,5]]","[[11,1,5]]",11,1,5,11.0,0.006193353947906877,0.9938066460520931,0.6947920446914665,0.9942847833185422,0.5,0.991223502704386,23.799999999999997,0.041648046332117064,group_QEC
0.038,global_noQEC,global_noQEC,1,1,1,1.0,0.038,0.962,0.6947920446914665,0.9942847833185422,0.5,0.6835899469931908,1.9,0.35978418262799516,global_noQEC
0.038,group_noQEC,group_noQEC,1,1,1,1.0,0.038,0.962,0.6947920446914665,0.9942847833185422,0.5,0.9755019615524376,2.9,0.33637998674221986,group_noQEC
0.038,rep3_toy,rep3_toy,3,1,1,3.0,0.004222256,0.995777744,0.6947920446914665,0.9942847833185422,0.5,0.9921977864264667,8.6,0.1153718356309845,group_QEC
0.038,"[[5,1,3]]","[[5,1,3]]",5,1,3,5.0,0.013373520099328129,0.9866264799006719,0.6947920446914665,0.9942847833185422,0.5,0.9876744558340397,12.4,0.07965116579306772,group_QEC
0.038,"[[7,1,3]]","[[7,1,3]]",7,1,3,7.0,0.026695348222168125,0.9733046517778319,0.6947920446914665,0.9942847833185422,0.5,0.9810896789069348,16.2,0.06056109129055153,group_QEC
0.038,"[[9,1,3]]","[[9,1,3]]",9,1,3,9.0,0.04351499103543288,0.9564850089645671,0.6947920446914665,0.9942847833185422,0.5,0.972775985403485,20.0,0.04863879927017425,group_QEC
0.038,"[[11,1,5]]","[[11,1,5]]",11,1,5,11.0,0.007195876263593637,0.9928041237364064,0.6947920446914665,0.9942847833185422,0.5,0.9907279711788048,23.799999999999997,0.04162722567978172,group_QEC
0.04,global_noQEC,global_noQEC,1,1,1,1.0,0.04,0.96,0.6947920446914665,0.9942847833185422,0.5,0.6830003629038078,1.9,0.35947387521253044,global_noQEC
0.04,group_noQEC,group_noQEC,1,1,1,1.0,0.04,0.96,0.6947920446914665,0.9942847833185422,0.5,0.9745133919858004,2.9,0.3360391006847588,group_noQEC
0.04,rep3_toy,rep3_toy,3,1,1,3.0,0.004672,0.995328,0.6947920446914665,0.9942847833185422,0.5,0.9919754848108779,8.6,0.11534598660591605,group_QEC
0.04,"[[5,1,3]]","[[5,1,3]]",5,1,3,5.0,0.014757990400000143,0.9852420095999999,0.6947920446914665,0.9942847833185422,0.5,0.986990133231461,12.4,0.07959597848640815,group_QEC
0.04,"[[7,1,3]]","[[7,1,3]]",7,1,3,7.0,0.029380340776960168,0.9706196592230398,0.6947920446914665,0.9942847833185422,0.5,0.9797625279437775,16.2,0.060479168391591204,group_QEC
0.04,"[[9,1,3]]","[[9,1,3]]",9,1,3,9.0,0.04776575574134001,0.95223424425866,0.6947920446914665,0.9942847833185422,0.5,0.9706748970918876,20.0,0.04853374485459438,group_QEC
0.04,"[[11,1,5]]","[[11,1,5]]",11,1,5,11.0,0.00829131797934457,0.9917086820206554,0.6947920446914665,0.9942847833185422,0.5,0.9901865110076968,23.799999999999997,0.04160447525242424,group_QEC
0.042,global_noQEC,global_noQEC,1,1,1,1.0,0.042,0.958,0.6947920446914665,0.9942847833185422,0.5,0.6824107788144249,1.9,0.35916356779706576,global_noQEC
0.042,group_noQEC,group_noQEC,1,1,1,1.0,0.042,0.958,0.6947920446914665,0.9942847833185422,0.5,0.9735248224191634,2.9,0.3356982146272977,group_noQEC
0.042,rep3_toy,rep3_toy,3,1,1,3.0,0.005143824000000001,0.994856176,0.6947920446914665,0.9942847833185422,0.5,0.9917422693872735,8.6,0.1153188685334039,group_QEC
0.042,"[[5,1,3]]","[[5,1,3]]",5,1,3,5.0,0.016204392675072232,0.9837956073249278,0.6947920446914665,0.9942847833185422,0.5,0.9862751985963356,12.4,0.07953832246744642,group_QEC
0.042,"[[7,1,3]]","[[7,1,3]]",7,1,3,7.0,0.03217378074938726,0.9678262192506127,0.6947920446914665,0.9942847833185422,0.5,0.978381773072293,16.2,0.0603939366094008,group_QEC
0.042,"[[9,1,3]]","[[9,1,3]]",9,1,3,9.0,0.05216982491066258,0.9478301750893374,0.6947920446914665,0.9942847833185422,0.5,0.968498032716809,20.0,0.04842490163584045,group_QEC
0.042,"[[11,1,5]]","[[11,1,5]]",11,1,5,11.0,0.009481965967299999,0.9905180340327,0.6947920446914665,0.9942847833185422,0.5,0.9895979918249616,23.799999999999997,0.041579747555670656,group_QEC
0.044,global_noQEC,global_noQEC,1,1,1,1.0,0.044,0.956,0.6947920446914665,0.9942847833185422,0.5,0.6818211947250419,1.9,0.358853260381601,global_noQEC
0.044,group_noQEC,group_noQEC,1,1,1,1.0,0.044,0.956,0.6947920446914665,0.9942847833185422,0.5,0.9725362528525263,2.9,0.3353573285698367,group_noQEC
0.044,rep3_toy,rep3_toy,3,1,1,3.0,0.005637631999999999,0.994362368,0.6947920446914665,0.9942847833185422,0.5,0.9914981876069925,8.6,0.11529048693104564,group_QEC
0.044,"[[5,1,3]]","[[5,1,3]]",5,1,3,5.0,0.017711881775104188,0.9822881182248958,0.6947920446914665,0.9942847833185422,0.5,0.9855300696731712,12.4,0.07947823142525574,group_QEC
0.044,"[[7,1,3]]","[[7,1,3]]",7,1,3,7.0,0.035073069172502414,0.9649269308274976,0.6947920446914665,0.9942847833185422,0.5,0.9769486989222955,16.2,0.06030547524211701,group_QEC
0.044,"[[9,1,3]]","[[9,1,3]]",9,1,3,9.0,0.056721730079010046,0.94327826992099,0.6947920446914665,0.9942847833185422,0.5,0.9662480952569859,20.0,0.048312404762849294,group_QEC
0.044,"[[11,1,5]]","[[11,1,5]]",11,1,5,11.0,0.010769901252168035,0.989230098747832,0.6947920446914665,0.9942847833185422,0.5,0.9889613850117522,23.799999999999997,0.0415529993702417,group_QEC
0.046,global_noQEC,global_noQEC,1,1,1,1.0,0.046,0.954,0.6947920446914665,0.9942847833185422,0.5,0.681231610635659,1.9,0.3585429529661363,global_noQEC
0.046,group_noQEC,group_noQEC,1,1,1,1.0,0.046,0.954,0.6947920446914665,0.9942847833185422,0.5,0.9715476832858893,2.9,0.3350164425123756,group_noQEC
0.046,rep3_toy,rep3_toy,3,1,1,3.0,0.006153328,0.993846672,0.6947920446914665,0.9942847833185422,0.5,0.9912432869213743,8.6,0.11526084731643887,group_QEC
0.046,"[[5,1,3]]","[[5,1,3]]",5,1,3,5.0,0.019279617988096187,0.9807203820119038,0.6947920446914665,0.9942847833185422,0.5,0.9847551615188319,12.4,0.07941573883216387,group_QEC
0.046,"[[7,1,3]]","[[7,1,3]]",7,1,3,7.0,0.038075640975501646,0.9619243590244984,0.6947920446914665,0.9942847833185422,0.5,0.9754645733692517,16.2,0.060213862553657516,group_QEC
0.046,"[[9,1,3]]","[[9,1,3]]",9,1,3,9.0,0.061416111351800806,0.9385838886481992,0.6947920446914665,0.9942847833185422,0.5,0.9639277340267499,20.0,0.048196386701337496,group_QEC
0.046,"[[11,1,5]]","[[11,1,5]]",11,1,5,11.0,0.012157005913701835,0.9878429940862982,0.6947920446914665,0.9942847833185422,0.5,0.9882757602846859,23.799999999999997,0.041524191608600255,group_QEC
0.048,global_noQEC,global_noQEC,1,1,1,1.0,0.048,0.952,0.6947920446914665,0.9942847833185422,0.5,0.680642026546276,1.9,0.35823264555067164,global_noQEC
0.048,group_noQEC,group_noQEC,1,1,1,1.0,0.048,0.952,0.6947920446914665,0.9942847833185422,0.5,0.9705591137192522,2.9,0.33467555645491454,group_noQEC
0.048,rep3_toy,rep3_toy,3,1,1,3.0,0.006690815999999999,0.993309184,0.6947920446914665,0.9942847833185422,0.5,0.9909776147817579,8.6,0.11522995520718116,group_QEC
0.048,"[[5,1,3]]","[[5,1,3]]",5,1,3,5.0,0.020906767024128303,0.9790932329758717,0.6947920446914665,0.9942847833185422,0.5,0.9839508865101297,12.4,0.0793508779443653,group_QEC
0.048,"[[7,1,3]]","[[7,1,3]]",7,1,3,7.0,0.04117896469494453,0.9588210353050555,0.6947920446914665,0.9942847833185422,0.5,0.9739306476770196,16.2,0.06011917578253208,group_QEC
0.048,"[[9,1,3]]","[[9,1,3]]",9,1,3,9.0,0.06624771585383504,0.933752284146165,0.6947920446914665,0.9942847833185422,0.5,0.961539545442381,20.0,0.04807697727211905,group_QEC
0.048,"[[11,1,5]]","[[11,1,5]]",11,1,5,11.0,0.013644969835882592,0.9863550301641174,0.6947920446914665,0.9942847833185422,0.5,0.9875402823598249,23.799999999999997,0.041493289174782566,group_QEC
0.05,global_noQEC,global_noQEC,1,1,1,1.0,0.05,0.95,0.6947920446914665,0.9942847833185422,0.5,0.6800524424568931,1.9,0.3579223381352069,global_noQEC
0.05,group_noQEC,group_noQEC,1,1,1,1.0,0.05,0.95,0.6947920446914665,0.9942847833185422,0.5,0.9695705441526151,2.9,0.3343346703974535,group_noQEC
0.05,rep3_toy,rep3_toy,3,1,1,3.0,0.007250000000000001,0.99275,0.6947920446914665,0.9942847833185422,0.5,0.9907012186394828,8.6,0.1151978161208701,group_QEC
0.05,"[[5,1,3]]","[[5,1,3]]",5,1,3,5.0,0.022592500000000237,0.9774074999999998,0.6947920446914665,0.9942847833185422,0.5,0.983117654351418,12.4,0.0792836818025337,group_QEC
0.05,"[[7,1,3]]","[[7,1,3]]",7,1,3,7.0,0.044380542187500316,0.9556194578124997,0.6947920446914665,0.9942847833185422,0.5,0.9723481566398342,16.2,0.06002149115060705,group_QEC
0.05,"[[9,1,3]]","[[9,1,3]]",9,1,3,9.0,0.07121139619531291,0.9287886038046871,0.6947920446914665,0.9942847833185422,0.5,0.9590860737803311,20.0,0.047954303689016556,group_QEC
0.05,"[[11,1,5]]","[[11,1,5]]",11,1,5,11.0,0.015235297305298268,0.9847647026947017,0.6947920446914665,0.9942847833185422,0.5,0.9867542076911993,23.799999999999997,0.04146026082736132,group_QEC
0.052000000000000005,global_noQEC,global_noQEC,1,1,1,1.0,0.052000000000000005,0.948,0.6947920446914665,0.9942847833185422,0.5,0.6794628583675102,1.9,0.35761203071974224,global_noQEC
0.052000000000000005,group_noQEC,group_noQEC,1,1,1,1.0,0.052000000000000005,0.948,0.6947920446914665,0.9942847833185422,0.5,0.968581974585978,2.9,0.3339937843399924,group_noQEC
0.052000000000000005,rep3_toy,rep3_toy,3,1,1,3.0,0.007830784,0.992169216,0.6947920446914665,0.9942847833185422,0.5,0.9904141459458878,8.6,0.11516443557510324,group_QEC
0.052000000000000005,"[[5,1,3]]","[[5,1,3]]",5,1,3,5.0,0.02433599342387216,0.9756640065761278,0.6947920446914665,0.9942847833185422,0.5,0.9822558720821821,12.4,0.07921418323243404,group_QEC
0.052000000000000005,"[[7,1,3]]","[[7,1,3]]",7,1,3,7.0,0.047677908344220254,0.9523220916557797,0.6947920446914665,0.9942847833185422,0.5,0.970718318723538,16.2,0.05992088387182334,group_QEC
0.052000000000000005,"[[9,1,3]]","[[9,1,3]]",9,1,3,9.0,0.07630210895416711,0.9236978910458329,0.6947920446914665,0.9942847833185422,0.5,0.9565698119273839,20.0,0.04782849059636919,group_QEC
0.052000000000000005,"[[11,1,5]]","[[11,1,5]]",11,1,5,11.0,0.016929313461174433,0.9830706865388256,0.6947920446914665,0.9942847833185422,0.5,0.985916881282654,23.799999999999997,0.04142507904548967,group_QEC
0.054,global_noQEC,global_noQEC,1,1,1,1.0,0.054,0.946,0.6947920446914665,0.9942847833185422,0.5,0.6788732742781273,1.9,0.3573017233042775,global_noQEC
0.054,group_noQEC,group_noQEC,1,1,1,1.0,0.054,0.946,0.6947920446914665,0.9942847833185422,0.5,0.9675934050193409,2.9,0.33365289828253136,group_noQEC
0.054,rep3_toy,rep3_toy,3,1,1,3.0,0.008433071999999998,0.991566928,0.6947920446914665,0.9942847833185422,0.5,0.9901164441523125,8.6,0.1151298190874782,group_QEC
0.054,"[[5,1,3]]","[[5,1,3]]",5,1,3,5.0,0.02613642917990422,0.9738635708200958,0.6947920446914665,0.9942847833185422,0.5,0.9813659440846328,12.4,0.0791424148455349,group_QEC
0.054,"[[7,1,3]]","[[7,1,3]]",7,1,3,7.0,0.0510686308063284,0.9489313691936716,0.6947920446914665,0.9942847833185422,0.5,0.9690423362060615,16.2,0.059817428160868,group_QEC
0.054,"[[9,1,3]]","[[9,1,3]]",9,1,3,9.0,0.08151491317459247,0.9184850868254075,0.6947920446914665,0.9942847833185422,0.5,0.953993202122809,20.0,0.04769966010614045,group_QEC
0.054,"[[11,1,5]]","[[11,1,5]]",11,1,5,11.0,0.01872817059948806,0.9812718294005119,0.6947920446914665,0.9942847833185422,0.5,0.9850277335718216,23.799999999999997,0.041387719897975704,group_QEC
0.056,global_noQEC,global_noQEC,1,1,1,1.0,0.056,0.944,0.6947920446914665,0.9942847833185422,0.5,0.6782836901887443,1.9,0.35699141588881284,global_noQEC
0.056,group_noQEC,group_noQEC,1,1,1,1.0,0.056,0.944,0.6947920446914665,0.9942847833185422,0.5,0.9666048354527038,2.9,0.3333120122250703,group_noQEC
0.056,rep3_toy,rep3_toy,3,1,1,3.0,0.009056768000000001,0.990943232,0.6947920446914665,0.9942847833185422,0.5,0.9898081607100959,8.6,0.11509397217559256,group_QEC
0.056,"[[5,1,3]]","[[5,1,3]]",5,1,3,5.0,0.027992994512896274,0.9720070054871037,0.6947920446914665,0.9942847833185422,0.5,0.9804482720912981,12.4,0.07906840903962081,group_QEC
0.056,"[[7,1,3]]","[[7,1,3]]",7,1,3,7.0,0.054550309682528164,0.9454496903174718,0.6947920446914665,0.9942847833185422,0.5,0.9673213953171544,16.2,0.05971119724179966,group_QEC
0.056,"[[9,1,3]]","[[9,1,3]]",9,1,3,9.0,0.08684496888164173,0.9131550311183583,0.6947920446914665,0.9942847833185422,0.5,0.9513586366925744,20.0,0.04756793183462872,group_QEC
0.056,"[[11,1,5]]","[[11,1,5]]",11,1,5,11.0,0.020632854333562656,0.9793671456664373,0.6947920446914665,0.9942847833185422,0.5,0.9840862773850341,23.799999999999997,0.04134816291533757,group_QEC
0.058,global_noQEC,global_noQEC,1,1,1,1.0,0.058,0.942,0.6947920446914665,0.9942847833185422,0.5,0.6776941060993614,1.9,0.35668110847334816,global_noQEC
0.058,group_noQEC,group_noQEC,1,1,1,1.0,0.058,0.942,0.6947920446914665,0.9942847833185422,0.5,0.9656162658860667,2.9,0.3329711261676092,group_noQEC
0.058,rep3_toy,rep3_toy,3,1,1,3.0,0.009701776,0.990298224,0.6947920446914665,0.9942847833185422,0.5,0.9894893430705771,8.6,0.11505690035704386,group_QEC
0.058,"[[5,1,3]]","[[5,1,3]]",5,1,3,5.0,0.02990488201292818,0.9700951179870718,0.6947920446914665,0.9942847833185422,0.5,0.9795032551926154,12.4,0.07899219799940446,group_QEC
0.058,"[[7,1,3]]","[[7,1,3]]",7,1,3,7.0,0.05812057726782238,0.9418794227321776,0.6947920446914665,0.9942847833185422,0.5,0.965556666377368,16.2,0.05960226335662766,group_QEC
0.058,"[[9,1,3]]","[[9,1,3]]",9,1,3,9.0,0.09228753561176961,0.9077124643882304,0.6947920446914665,0.9942847833185422,0.5,0.9486684587756764,20.0,0.04743342293878382,group_QEC
0.058,"[[11,1,5]]","[[11,1,5]]",11,1,5,11.0,0.022644189613514887,0.9773558103864851,0.6947920446914665,0.9942847833185422,0.5,0.9830921049620021,23.799999999999997,0.04130639096479001,group_QEC
0.06,global_noQEC,global_noQEC,1,1,1,1.0,0.06,0.94,0.6947920446914665,0.9942847833185422,0.5,0.6771045220099785,1.9,0.35637080105788344,global_noQEC
0.06,group_noQEC,group_noQEC,1,1,1,1.0,0.06,0.94,0.6947920446914665,0.9942847833185422,0.5,0.9646276963194297,2.9,0.3326302401101482,group_noQEC
0.06,rep3_toy,rep3_toy,3,1,1,3.0,0.010367999999999999,0.989632,0.6947920446914665,0.9942847833185422,0.5,0.9891600386850956,8.6,0.11501860914942973,group_QEC
0.06,"[[5,1,3]]","[[5,1,3]]",5,1,3,5.0,0.0318712896000003,0.9681287103999997,0.6947920446914665,0.9942847833185422,0.5,0.9785312898445235,12.4,0.078913813697139,group_QEC
0.06,"[[7,1,3]]","[[7,1,3]]",7,1,3,7.0,0.06177709776384033,0.9382229022361597,0.6947920446914665,0.9942847833185422,0.5,0.963749303936294,16.2,0.05949069777384531,group_QEC
0.06,"[[9,1,3]]","[[9,1,3]]",9,1,3,9.0,0.09783797095919966,0.9021620290408003,0.6947920446914665,0.9942847833185422,0.5,0.9459249630426484,20.0,0.04729624815213242,group_QEC
0.06,"[[11,1,5]]","[[11,1,5]]",11,1,5,11.0,0.024762846606895095,0.9752371533931049,0.6947920446914665,0.9942847833185422,0.5,0.9820448850491028,23.799999999999997,0.04126239012811357,group_QEC
0.062,global_noQEC,global_noQEC,1,1,1,1.0,0.062,0.938,0.6947920446914665,0.9942847833185422,0.5,0.6765149379205956,1.9,0.35606049364241876,global_noQEC
0.062,group_noQEC,group_noQEC,1,1,1,1.0,0.062,0.938,0.6947920446914665,0.9942847833185422,0.5,0.9636391267527925,2.9,0.33228935405268706,group_noQEC
0.062,rep3_toy,rep3_toy,3,1,1,3.0,0.011055343999999998,0.988944656,0.6947920446914665,0.9942847833185422,0.5,0.9888202950049902,8.6,0.11497910407034771,group_QEC
0.062,"[[5,1,3]]","[[5,1,3]]",5,1,3,5.0,0.03389142050867222,0.9661085794913278,0.6947920446914665,0.9942847833185422,0.5,0.9775327698760555,12.4,0.07883328789323028,group_QEC
0.062,"[[7,1,3]]","[[7,1,3]]",7,1,3,7.0,0.06551756700067013,0.9344824329993299,0.6947920446914665,0.9942847833185422,0.5,0.9619004469100578,16.2,0.059376570796917154,group_QEC
0.062,"[[9,1,3]]","[[9,1,3]]",9,1,3,9.0,0.10349172913799276,0.8965082708620072,0.6947920446914665,0.9942847833185422,0.5,0.9431303964063082,20.0,0.047156519820315414,group_QEC
0.062,"[[11,1,5]]","[[11,1,5]]",11,1,5,11.0,0.026989346442833795,0.9730106535571662,0.6947920446914665,0.9942847833185422,0.5,0.9809443600601371,23.799999999999997,0.0412161495823587,group_QEC
0.064,global_noQEC,global_noQEC,1,1,1,1.0,0.064,0.9359999999999999,0.6947920446914665,0.9942847833185422,0.5,0.6759253538312125,1.9,0.355750186226954,global_noQEC
0.064,group_noQEC,group_noQEC,1,1,1,1.0,0.064,0.9359999999999999,0.6947920446914665,0.9942847833185422,0.5,0.9626505571861554,2.9,0.33194846799522604,group_noQEC
0.064,rep3_toy,rep3_toy,3,1,1,3.0,0.011763712,0.988236288,0.6947920446914665,0.9942847833185422,0.5,0.9884701594816004,8.6,0.1149383906373954,group_QEC
0.064,"[[5,1,3]]","[[5,1,3]]",5,1,3,5.0,0.035964483272704184,0.9640355167272958,0.6947920446914665,0.9942847833185422,0.5,0.9765080864969303,12.4,0.07875065213684922,group_QEC
0.064,"[[7,1,3]]","[[7,1,3]]",7,1,3,7.0,0.06933971216019097,0.930660287839809,0.6947920446914665,0.9942847833185422,0.5,0.960011218718072,16.2,0.0592599517727205,group_QEC
0.064,"[[9,1,3]]","[[9,1,3]]",9,1,3,9.0,0.10924435955969547,0.8907556404403045,0.6947920446914665,0.9942847833185422,0.5,0.9402869587248052,20.0,0.04701434793624026,group_QEC
0.064,"[[11,1,5]]","[[11,1,5]]",11,1,5,11.0,0.029324066821981076,0.9706759331780189,0.6947920446914665,0.9942847833185422,0.5,0.9797903433034207,23.799999999999997,0.04116766148333701,group_QEC
0.066,global_noQEC,global_noQEC,1,1,1,1.0,0.066,0.9339999999999999,0.6947920446914665,0.9942847833185422,0.5,0.6753357697418296,1.9,0.3554398788114893,global_noQEC
0.066,group_noQEC,group_noQEC,1,1,1,1.0,0.066,0.9339999999999999,0.6947920446914665,0.9942847833185422,0.5,0.9616619876195184,2.9,0.33160758193776496,group_noQEC
0.066,rep3_toy,rep3_toy,3,1,1,3.0,0.012493008,0.987506992,0.6947920446914665,0.9942847833185422,0.5,0.9881096795662654,8.6,0.1148964743681704,group_QEC
0.066,"[[5,1,3]]","[[5,1,3]]",5,1,3,5.0,0.03808969170969634,0.9619103082903037,0.6947920446914665,0.9942847833185422,0.5,0.9754576283051448,12.4,0.07866593776654393,group_QEC
0.066,"[[7,1,3]]","[[7,1,3]]",7,1,3,7.0,0.07324129150090275,0.9267587084990973,0.6947920446914665,0.9942847833185422,0.5,0.9580827274190482,16.2,0.05914090909994125,group_QEC
0.066,"[[9,1,3]]","[[9,1,3]]",9,1,3,9.0,0.11509150542644853,0.8849084945735515,0.6947920446914665,0.9942847833185422,0.5,0.9373968034970253,20.0,0.04686984017485126,group_QEC
0.066,"[[11,1,5]]","[[11,1,5]]",11,1,5,11.0,0.031767247494492,0.968232752505508,0.6947920446914665,0.9942847833185422,0.5,0.9785827162741008,23.799999999999997,0.04111692085185298,group_QEC
0.068,global_noQEC,global_noQEC,1,1,1,1.0,0.068,0.9319999999999999,0.6947920446914665,0.9942847833185422,0.5,0.6747461856524467,1.9,0.3551295713960246,global_noQEC
0.068,group_noQEC,group_noQEC,1,1,1,1.0,0.068,0.9319999999999999,0.6947920446914665,0.9942847833185422,0.5,0.9606734180528813,2.9,0.3312666958803039,group_noQEC
0.068,rep3_toy,rep3_toy,3,1,1,3.0,0.013243136,0.986756864,0.6947920446914665,0.9942847833185422,0.5,0.9877389027103242,8.6,0.11485336078027025,group_QEC
0.068,"[[5,1,3]]","[[5,1,3]]",5,1,3,5.0,0.04026626490572838,0.9597337350942716,0.6947920446914665,0.9942847833185422,0.5,0.9743817812945672,12.4,0.07857917591085219,group_QEC
0.068,"[[7,1,3]]","[[7,1,3]]",7,1,3,7.0,0.07722009408424735,0.9227799059157527,0.6947920446914665,0.9942847833185422,0.5,0.9561160658462725,16.2,0.05901951023742423,group_QEC
0.068,"[[9,1,3]]","[[9,1,3]]",9,1,3,9.0,0.12102890233943309,0.8789710976605669,0.6947920446914665,0.9942847833185422,0.5,0.9344620385504145,20.0,0.04672310192752073,group_QEC
0.068,"[[11,1,5]]","[[11,1,5]]",11,1,5,11.0,0.03431899560828933,0.9656810043917107,0.6947920446914665,0.9942847833185422,0.5,0.9773214260105889,23.799999999999997,0.04106392546262979,group_QEC
0.07,global_noQEC,global_noQEC,1,1,1,1.0,0.07,0.9299999999999999,0.6947920446914665,0.9942847833185422,0.5,0.6741566015630638,1.9,0.3548192639805599,global_noQEC
0.07,group_noQEC,group_noQEC,1,1,1,1.0,0.07,0.9299999999999999,0.6947920446914665,0.9942847833185422,0.5,0.9596848484862442,2.9,0.33092580982284286,group_noQEC
0.07,rep3_toy,rep3_toy,3,1,1,3.0,0.014014,0.985986,0.6947920446914665,0.9942847833185422,0.5,0.9873578763651162,8.6,0.11480905539129259,group_QEC
0.07,"[[5,1,3]]","[[5,1,3]]",5,1,3,5.0,0.04249342720000027,0.9575065727999997,0.6947920446914665,0.9942847833185422,0.5,0.9732809288625279,12.4,0.07849039748891354,group_QEC
0.07,"[[7,1,3]]","[[7,1,3]]",7,1,3,7.0,0.08127393950242046,0.9187260604975795,0.6947920446914665,0.9942847833185422,0.5,0.954112311742144,16.2,0.05889582171247802,group_QEC
0.07,"[[9,1,3]]","[[9,1,3]]",9,1,3,9.0,0.127052376922538,0.872947623077462,0.6947920446914665,0.9942847833185422,0.5,0.9314847267212798,20.0,0.04657423633606399,group_QEC
0.07,"[[11,1,5]]","[[11,1,5]]",11,1,5,11.0,0.0369792909298049,0.9630207090701951,0.6947920446914665,0.9942847833185422,0.5,0.9760064825140302,23.799999999999997,0.041008675735883626,group_QEC
0.07200000000000001,global_noQEC,global_noQEC,1,1,1,1.0,0.07200000000000001,0.9279999999999999,0.6947920446914665,0.9942847833185422,0.5,0.6735670174736809,1.9,0.35450895656509523,global_noQEC
0.07200000000000001,group_noQEC,group_noQEC,1,1,1,1.0,0.07200000000000001,0.9279999999999999,0.6947920446914665,0.9942847833185422,0.5,0.9586962789196072,2.9,0.3305849237653818,group_noQEC
0.07200000000000001,rep3_toy,rep3_toy,3,1,1,3.0,0.014805504000000002,0.985194496,0.6947920446914665,0.9942847833185422,0.5,0.9869666479819803,8.6,0.11476356371883492,group_QEC
0.07200000000000001,"[[5,1,3]]","[[5,1,3]]",5,1,3,5.0,0.04477040816947231,0.9552295918305277,0.6947920446914665,0.9942847833185422,0.5,0.9721554518174118,12.4,0.07839963321108159,group_QEC
0.07200000000000001,"[[7,1,3]]","[[7,1,3]]",7,1,3,7.0,0.08540067760766701,0.914599322392333,0.6947920446914665,0.9942847833185422,0.5,0.9520725278919798,16.2,0.05876990912913456,group_QEC
0.07200000000000001,"[[9,1,3]]","[[9,1,3]]",9,1,3,9.0,0.1331578454611262,0.8668421545388738,0.6947920446914665,0.9942847833185422,0.5,0.9284668865276255,20.0,0.046423344326381275,group_QEC
0.07200000000000001,"[[11,1,5]]","[[11,1,5]]",11,1,5,11.0,0.03974799093937309,0.9602520090606269,0.6947920446914665,0.9942847833185422,0.5,0.9746379562297267,23.799999999999997,0.04095117463150113,group_QEC
0.074,global_noQEC,global_noQEC,1,1,1,1.0,0.074,0.926,0.6947920446914665,0.9942847833185422,0.5,0.6729774333842979,1.9,0.3541986491496305,global_noQEC
0.074,group_noQEC,group_noQEC,1,1,1,1.0,0.074,0.926,0.6947920446914665,0.9942847833185422,0.5,0.9577077093529701,2.9,0.3302440377079207,group_noQEC
0.074,rep3_toy,rep3_toy,3,1,1,3.0,0.015617551999999998,0.984382448,0.6947920446914665,0.9942847833185422,0.5,0.986565265012256,8.6,0.11471689128049489,group_QEC
0.074,"[[5,1,3]]","[[5,1,3]]",5,1,3,5.0,0.047096442613503764,0.9529035573864962,0.6947920446914665,0.9942847833185422,0.5,0.9710057283862523,12.4,0.07830691357953648,group_QEC
0.074,"[[7,1,3]]","[[7,1,3]]",7,1,3,7.0,0.08959818824305832,0.9104018117569417,0.6947920446914665,0.9942847833185422,0.5,0.9499977622570882,16.2,0.058641837176363475,group_QEC
0.074,"[[9,1,3]]","[[9,1,3]]",9,1,3,9.0,0.13934131255578408,0.8606586874442159,0.6947920446914665,0.9942847833185422,0.5,0.9254104928345852,20.0,0.04627052464172926,group_QEC
0.074,"[[11,1,5]]","[[11,1,5]]",11,1,5,11.0,0.04262483580342047,0.9573751641965795,0.6947920446914665,0.9942847833185422,0.5,0.97321597558946,23.799999999999997,0.040891427545775634,group_QEC
0.076,global_noQEC,global_noQEC,1,1,1,1.0,0.076,0.924,0.6947920446914665,0.9942847833185422,0.5,0.672387849294915,1.9,0.35388834173416583,global_noQEC
0.076,group_noQEC,group_noQEC,1,1,1,1.0,0.076,0.924,0.6947920446914665,0.9942847833185422,0.5,0.956719139786333,2.9,0.3299031516504597,group_noQEC
0.076,rep3_toy,rep3_toy,3,1,1,3.0,0.016450048000000002,0.983549952,0.6947920446914665,0.9942847833185422,0.5,0.9861537749072825,8.6,0.11466904359387006,group_QEC
0.076,"[[5,1,3]]","[[5,1,3]]",5,1,3,5.0,0.0494707705384958,0.9505292294615042,0.6947920446914665,0.9942847833185422,0.5,0.9698321342223205,12.4,0.07821226888889682,group_QEC
0.076,"[[7,1,3]]","[[7,1,3]]",7,1,3,7.0,0.09386438097474836,0.9061356190252516,0.6947920446914665,0.9942847833185422,0.5,0.9478890481071096,16.2,0.05851166963624134,group_QEC
0.076,"[[9,1,3]]","[[9,1,3]]",9,1,3,9.0,0.1455988697909366,0.8544011302090634,0.6947920446914665,0.9942847833185422,0.5,0.9223174775125045,20.0,0.04611587387562523,group_QEC
0.076,"[[11,1,5]]","[[11,1,5]]",11,1,5,11.0,0.04560945322558052,0.9543905467744195,0.6947920446914665,0.9942847833185422,0.5,0.9717407246136589,23.799999999999997,0.04082944221065794,group_QEC
0.078,global_noQEC,global_noQEC,1,1,1,1.0,0.078,0.922,0.6947920446914665,0.9942847833185422,0.5,0.6717982652055321,1.9,0.3535780343187011,global_noQEC
0.078,group_noQEC,group_noQEC,1,1,1,1.0,0.078,0.922,0.6947920446914665,0.9942847833185422,0.5,0.955730570219696,2.9,0.3295622655929986,group_noQEC
0.078,rep3_toy,rep3_toy,3,1,1,3.0,0.017302896,0.982697104,0.6947920446914665,0.9942847833185422,0.5,0.9857322251183989,8.6,0.11462002617655802,group_QEC
0.078,"[[5,1,3]]","[[5,1,3]]",5,1,3,5.0,0.05189263714252779,0.9481073628574722,0.6947920446914665,0.9942847833185422,0.5,0.9686350424127201,12.4,0.07811572922683227,group_QEC
0.078,"[[7,1,3]]","[[7,1,3]]",7,1,3,7.0,0.09819719482569922,0.9018028051743008,0.6947920446914665,0.9942847833185422,0.5,0.9457474041516328,16.2,0.058379469392076104,group_QEC
0.078,"[[9,1,3]]","[[9,1,3]]",9,1,3,9.0,0.15192669441820472,0.8480733055817953,0.6947920446914665,0.9942847833185422,0.5,0.9191897300877375,20.0,0.04595948650438687,group_QEC
0.078,"[[11,1,5]]","[[11,1,5]]",11,1,5,11.0,0.04870136317881002,0.95129863682119,0.6947920446914665,0.9942847833185422,0.5,0.9702124405723864,23.799999999999997,0.040765228595478424,group_QEC
0.08,global_noQEC,global_noQEC,1,1,1,1.0,0.08,0.92,0.6947920446914665,0.9942847833185422,0.5,0.6712086811161492,1.9,0.35326772690323643,global_noQEC
0.08,group_noQEC,group_noQEC,1,1,1,1.0,0.08,0.92,0.6947920446914665,0.9942847833185422,0.5,0.9547420006530589,2.9,0.3292213795355376,group_noQEC
0.08,rep3_toy,rep3_toy,3,1,1,3.0,0.018176,0.981824,0.6947920446914665,0.9942847833185422,0.5,0.9853006630969444,8.6,0.11456984454615633,group_QEC
0.08,"[[5,1,3]]","[[5,1,3]]",5,1,3,5.0,0.054361292799999905,0.9456387072000001,0.6947920446914665,0.9942847833185422,0.5,0.9674148234859784,12.4,0.07801732447467567,group_QEC
0.08,"[[7,1,3]]","[[7,1,3]]",7,1,3,7.0,0.10259459801087967,0.8974054019891203,0.6947920446914665,0.9942847833185422,0.5,0.9435738346710816,16.2,0.05824529843648652,group_QEC
0.08,"[[9,1,3]]","[[9,1,3]]",9,1,3,9.0,0.15832104805439873,0.8416789519456013,0.6947920446914665,0.9942847833185422,0.5,0.9160290983862092,20.0,0.04580145491931046,group_QEC
0.08,"[[11,1,5]]","[[11,1,5]]",11,1,5,11.0,0.05189998252059369,0.9481000174794063,0.6947920446914665,0.9942847833185422,0.5,0.9686314117041144,23.799999999999997,0.040698798811097246,group_QEC
0.082,global_noQEC,global_noQEC,1,1,1,1.0,0.082,0.918,0.6947920446914665,0.9942847833185422,0.5,0.6706190970267664,1.9,0.35295741948777176,global_noQEC
0.082,group_noQEC,group_noQEC,1,1,1,1.0,0.082,0.918,0.6947920446914665,0.9942847833185422,0.5,0.9537534310864219,2.9,0.3288804934780765,group_noQEC
0.082,rep3_toy,rep3_toy,3,1,1,3.0,0.019069264000000002,0.980930736,0.6947920446914665,0.9942847833185422,0.5,0.984859136294258,8.6,0.11451850422026257,group_QEC
0.082,"[[5,1,3]]","[[5,1,3]]",5,1,3,5.0,0.05687599304627178,0.9431240069537282,0.6947920446914665,0.9942847833185422,0.5,0.9661718454196389,12.4,0.07791708430803539,group_QEC
0.082,"[[7,1,3]]","[[7,1,3]]",7,1,3,7.0,0.10705458767392917,0.8929454123260708,0.6947920446914665,0.9942847833185422,0.5,0.9413693296468781,16.2,0.058109217879436924,group_QEC
0.082,"[[9,1,3]]","[[9,1,3]]",9,1,3,9.0,0.16477827539402323,0.8352217246059768,0.6947920446914665,0.9942847833185422,0.5,0.9128373891698044,20.0,0.04564186945849022,group_QEC
0.082,"[[11,1,5]]","[[11,1,5]]",11,1,5,11.0,0.05520462949326432,0.9447953705067357,0.6947920446914665,0.9942847833185422,0.5,0.9669979749912836,23.799999999999997,0.04063016701644049,group_QEC
0.084,global_noQEC,global_noQEC,1,1,1,1.0,0.084,0.916,0.6947920446914665,0.9942847833185422,0.5,0.6700295129373833,1.9,0.35264711207230703,global_noQEC
0.084,group_noQEC,group_noQEC,1,1,1,1.0,0.084,0.916,0.6947920446914665,0.9942847833185422,0.5,0.9527648615197847,2.9,0.32853960742061544,group_noQEC
0.084,rep3_toy,rep3_toy,3,1,1,3.0,0.019982592000000004,0.980017408,0.6947920446914665,0.9942847833185422,0.5,0.9844076921616793,8.6,0.11446601071647435,group_QEC
0.084,"[[5,1,3]]","[[5,1,3]]",5,1,3,5.0,0.05943599856230386,0.9405640014376961,0.6947920446914665,0.9942847833185422,0.5,0.9649064736478526,12.4,0.07781503819740747,group_QEC
0.084,"[[7,1,3]]","[[7,1,3]]",7,1,3,7.0,0.11157518962528234,0.8884248103747177,0.6947920446914665,0.9942847833185422,0.5,0.9391348648908843,16.2,0.05797128795622743,group_QEC
0.084,"[[9,1,3]]","[[9,1,3]]",9,1,3,9.0,0.17129480293618216,0.8287051970638178,0.6947920446914665,0.9942847833185422,0.5,0.9096163687656391,20.0,0.04548081843828196,group_QEC
0.084,"[[11,1,5]]","[[11,1,5]]",11,1,5,11.0,0.0586145281114574,0.9413854718885426,0.6947920446914665,0.9942847833185422,0.5,0.9653125139916519,23.799999999999997,0.04055934932738033,group_QEC
0.08600000000000001,global_noQEC,global_noQEC,1,1,1,1.0,0.08600000000000001,0.914,0.6947920446914665,0.9942847833185422,0.5,0.6694399288480004,1.9,0.35233680465684236,global_noQEC
0.08600000000000001,group_noQEC,group_noQEC,1,1,1,1.0,0.08600000000000001,0.914,0.6947920446914665,0.9942847833185422,0.5,0.9517762919531476,2.9,0.32819872136315437,group_noQEC
0.08600000000000001,rep3_toy,rep3_toy,3,1,1,3.0,0.020915888000000007,0.979084112,0.6947920446914665,0.9942847833185422,0.5,0.9839463781505473,8.6,0.11441236955238923,group_QEC
0.08600000000000001,"[[5,1,3]]","[[5,1,3]]",5,1,3,5.0,0.06204057515929584,0.9379594248407042,0.6947920446914665,0.9942847833185422,0.5,0.9636190710689719,12.4,0.07771121540878806,group_QEC
0.08600000000000001,"[[7,1,3]]","[[7,1,3]]",7,1,3,7.0,0.11615445808175218,0.8838455419182478,0.6947920446914665,0.9942847833185422,0.5,0.9368714021741207,16.2,0.057831568035439554,group_QEC
0.08600000000000001,"[[9,1,3]]","[[9,1,3]]",9,1,3,9.0,0.17786713772576768,0.8221328622742323,0.6947920446914665,0.9942847833185422,0.5,0.9063677636882718,20.0,0.04531838818441359,group_QEC
0.08600000000000001,"[[11,1,5]]","[[11,1,5]]",11,1,5,11.0,0.062128812438690284,0.9378711875613097,0.6947920446914665,0.9942847833185422,0.5,0.9635754567244458,23.799999999999997,0.0404863637279179,group_QEC
0.088,global_noQEC,global_noQEC,1,1,1,1.0,0.088,0.912,0.6947920446914665,0.9942847833185422,0.5,0.6688503447586175,1.9,0.35202649724137763,global_noQEC
0.088,group_noQEC,group_noQEC,1,1,1,1.0,0.088,0.912,0.6947920446914665,0.9942847833185422,0.5,0.9507877223865105,2.9,0.3278578353056933,group_noQEC
0.088,rep3_toy,rep3_toy,3,1,1,3.0,0.021869055999999994,0.978130944,0.6947920446914665,0.9942847833185422,0.5,0.9834752417122012,8.6,0.1143575862456048,group_QEC
0.088,"[[5,1,3]]","[[5,1,3]]",5,1,3,5.0,0.06468899376332793,0.9353110062366721,0.6947920446914665,0.9942847833185422,0.5,0.9623099980531411,12.4,0.07760564500428557,group_QEC
0.088,"[[7,1,3]]","[[7,1,3]]",7,1,3,7.0,0.12079047540756749,0.8792095245924325,0.6947920446914665,0.9942847833185422,0.5,0.934579889354769,16.2,0.057690116626837595,group_QEC
0.088,"[[9,1,3]]","[[9,1,3]]",9,1,3,9.0,0.18449186610881907,0.8155081338911809,0.6947920446914665,0.9942847833185422,0.5,0.9030932612549111,20.0,0.045154663062745556,group_QEC
0.088,"[[11,1,5]]","[[11,1,5]]",11,1,5,11.0,0.06574653075502801,0.934253469244972,0.6947920446914665,0.9942847833185422,0.5,0.9617872736103473,23.799999999999997,0.04041122998362805,group_QEC
0.09,global_noQEC,global_noQEC,1,1,1,1.0,0.09,0.91,0.6947920446914665,0.9942847833185422,0.5,0.6682607606692346,1.9,0.35171618982591296,global_noQEC
0.09,group_noQEC,group_noQEC,1,1,1,1.0,0.09,0.91,0.6947920446914665,0.9942847833185422,0.5,0.9497991528198735,2.9,0.32751694924823227,group_noQEC
0.09,rep3_toy,rep3_toy,3,1,1,3.0,0.022842,0.977158,0.6947920446914665,0.9942847833185422,0.5,0.98299433029798,8.6,0.1143016663137186,group_QEC
0.09,"[[5,1,3]]","[[5,1,3]]",5,1,3,5.0,0.0673805303999998,0.9326194696000002,0.6947920446914665,0.9942847833185422,0.5,0.9609796124498899,12.4,0.07749835584273305,group_QEC
0.09,"[[7,1,3]]","[[7,1,3]]",7,1,3,7.0,0.12548135185685982,0.8745186481431402,0.6947920446914665,0.9942847833185422,0.5,0.9322612605054564,16.2,0.057546991389225706,group_QEC
0.09,"[[9,1,3]]","[[9,1,3]]",9,1,3,9.0,0.19116565250193818,0.8088343474980618,0.6947920446914665,0.9942847833185422,0.5,0.899794510193674,20.0,0.0449897255096837,group_QEC
0.09,"[[11,1,5]]","[[11,1,5]]",11,1,5,11.0,0.06946664961777471,0.9305333503822253,0.6947920446914665,0.9942847833185422,0.5,0.9599484754643554,23.799999999999997,0.04033396955732586,group_QEC
0.092,global_noQEC,global_noQEC,1,1,1,1.0,0.092,0.908,0.6947920446914665,0.9942847833185422,0.5,0.6676711765798515,1.9,0.3514058824104482,global_noQEC
0.092,group_noQEC,group_noQEC,1,1,1,1.0,0.092,0.908,0.6947920446914665,0.9942847833185422,0.5,0.9488105832532364,2.9,0.3271760631907712,group_noQEC
0.092,rep3_toy,rep3_toy,3,1,1,3.0,0.023834624,0.976165376,0.6947920446914665,0.9942847833185422,0.5,0.9825036913592232,8.6,0.11424461527432829,group_QEC
0.092,"[[5,1,3]]","[[5,1,3]]",5,1,3,5.0,0.0701144661790718,0.9298855338209282,0.6947920446914665,0.9942847833185422,0.5,0.9596282695957244,12.4,0.07738937658030036,group_QEC
0.092,"[[7,1,3]]","[[7,1,3]]",7,1,3,7.0,0.13022522531759806,0.8697747746824019,0.6947920446914665,0.9942847833185422,0.5,0.9299164360398249,16.2,0.057402249138260794,group_QEC
0.092,"[[9,1,3]]","[[9,1,3]]",9,1,3,9.0,0.19788523817564874,0.8021147618243513,0.6947920446914665,0.9942847833185422,0.5,0.8964731212449535,20.0,0.044823656062247676,group_QEC
0.092,"[[11,1,5]]","[[11,1,5]]",11,1,5,11.0,0.07328805781710579,0.9267119421828942,0.6947920446914665,0.9942847833185422,0.5,0.9580596115405773,23.799999999999997,0.04025460552691502,group_QEC
0.094,global_noQEC,global_noQEC,1,1,1,1.0,0.094,0.906,0.6947920446914665,0.9942847833185422,0.5,0.6670815924904686,1.9,0.3510955749949835,global_noQEC
0.094,group_noQEC,group_noQEC,1,1,1,1.0,0.094,0.906,0.6947920446914665,0.9942847833185422,0.5,0.9478220136865994,2.9,0.3268351771333101,group_noQEC
0.094,rep3_toy,rep3_toy,3,1,1,3.0,0.024846832,0.975153168,0.6947920446914665,0.9942847833185422,0.5,0.9820033723472699,8.6,0.11418643864503139,group_QEC
0.094,"[[5,1,3]]","[[5,1,3]]",5,1,3,5.0,0.07289008727910384,0.9271099127208962,0.6947920446914665,0.9942847833185422,0.5,0.9582563223217208,12.4,0.0772787356711065,group_QEC
0.094,"[[7,1,3]]","[[7,1,3]]",7,1,3,7.0,0.1350202610569643,0.8649797389430357,0.6947920446914665,0.9942847833185422,0.5,0.9275463228383876,16.2,0.05725594585422146,group_QEC
0.094,"[[9,1,3]]","[[9,1,3]]",9,1,3,9.0,0.20464744005158564,0.7953525599484144,0.6947920446914665,0.9942847833185422,0.5,0.8931306677559498,20.0,0.044656533387797494,group_QEC
0.094,"[[11,1,5]]","[[11,1,5]]",11,1,5,11.0,0.07720957022852493,0.9227904297714751,0.6947920446914665,0.9942847833185422,0.5,0.956121267628018,23.799999999999997,0.04017316250537891,group_QEC
0.096,global_noQEC,global_noQEC,1,1,1,1.0,0.096,0.904,0.6947920446914665,0.9942847833185422,0.5,0.6664920084010857,1.9,0.3507852675795188,global_noQEC
0.096,group_noQEC,group_noQEC,1,1,1,1.0,0.096,0.904,0.6947920446914665,0.9942847833185422,0.5,0.9468334441199622,2.9,0.32649429107584904,group_noQEC
0.096,rep3_toy,rep3_toy,3,1,1,3.0,0.025878528,0.974121472,0.6947920446914665,0.9942847833185422,0.5,0.9814934207134594,8.6,0.1141271419434255,group_QEC
0.096,"[[5,1,3]]","[[5,1,3]]",5,1,3,5.0,0.07570668493209598,0.924293315067904,0.6947920446914665,0.9942847833185422,0.5,0.956864120961116,12.4,0.07716646136783192,group_QEC
0.096,"[[7,1,3]]","[[7,1,3]]",7,1,3,7.0,0.1398646514681683,0.8601353485318317,0.6947920446914665,0.9942847833185422,0.5,0.9251518143736752,16.2,0.05710813668973304,group_QEC
0.096,"[[9,1,3]]","[[9,1,3]]",9,1,3,9.0,0.21144914951340388,0.7885508504865961,0.6947920446914665,0.9942847833185422,0.5,0.8897686862684193,20.0,0.04448843431342096,group_QEC
0.096,"[[11,1,5]]","[[11,1,5]]",11,1,5,11.0,0.08122993156401681,0.9187700684359832,0.6947920446914665,0.9942847833185422,0.5,0.9541340641964421,23.799999999999997,0.04008966656287572,group_QEC
0.098,global_noQEC,global_noQEC,1,1,1,1.0,0.098,0.902,0.6947920446914665,0.9942847833185422,0.5,0.6659024243117028,1.9,0.3504749601640541,global_noQEC
0.098,group_noQEC,group_noQEC,1,1,1,1.0,0.098,0.902,0.6947920446914665,0.9942847833185422,0.5,0.9458448745533251,2.9,0.32615340501838797,group_noQEC
0.098,rep3_toy,rep3_toy,3,1,1,3.0,0.026929616000000003,0.973070384,0.6947920446914665,0.9942847833185422,0.5,0.9809738839091307,8.6,0.11406673068710822,group_QEC
0.098,"[[5,1,3]]","[[5,1,3]]",5,1,3,5.0,0.07856355540812787,0.9214364445918721,0.6947920446914665,0.9942847833185422,0.5,0.9554520133569014,12.4,0.07705258172233076,group_QEC
0.098,"[[7,1,3]]","[[7,1,3]]",7,1,3,7.0,0.14475661581869814,0.8552433841813019,0.6947920446914665,0.9942847833185422,0.5,0.9227337908346716,16.2,0.056958875977448864,group_QEC
0.098,"[[9,1,3]]","[[9,1,3]]",9,1,3,9.0,0.21828733123129473,0.7817126687687053,0.6947920446914665,0.9942847833185422,0.5,0.8863886770996988,20.0,0.04431943385498494,group_QEC
0.098,"[[11,1,5]]","[[11,1,5]]",11,1,5,11.0,0.08534782002372832,0.9146521799762717,0.6947920446914665,0.9942847833185422,0.5,0.9520986545914037,23.799999999999997,0.04000414515089932,group_QEC
0.1,global_noQEC,global_noQEC,1,1,1,1.0,0.1,0.9,0.6947920446914665,0.9942847833185422,0.5,0.6653128402223198,1.9,0.35016465274858943,global_noQEC
0.1,group_noQEC,group_noQEC,1,1,1,1.0,0.1,0.9,0.6947920446914665,0.9942847833185422,0.5,0.944856304986688,2.9,0.32581251896092694,group_noQEC
0.1,rep3_toy,rep3_toy,3,1,1,3.0,0.028000000000000008,0.972,0.6947920446914665,0.9942847833185422,0.5,0.980444809385623,8.6,0.11400521039367709,group_QEC
0.1,"[[5,1,3]]","[[5,1,3]]",5,1,3,5.0,0.08145999999999987,0.9185400000000001,0.6947920446914665,0.9942847833185422,0.5,0.9540203448694138,12.4,0.07693712458624305,group_QEC
0.1,"[[7,1,3]]","[[7,1,3]]",7,1,3,7.0,0.14969439999999978,0.8503056000000002,0.6947920446914665,0.9942847833185422,0.5,0.9202931192505431,16.2,0.05680821723768785,group_QEC
0.1,"[[9,1,3]]","[[9,1,3]]",9,1,3,9.0,0.22515902199999982,0.7748409780000002,0.6947920446914665,0.9942847833185422,0.5,0.8829921049170575,20.0,0.044149605245852874,group_QEC
0.1,"[[11,1,5]]","[[11,1,5]]",11,1,5,11.0,0.08956185084999968,0.9104381491500003,0.6947920446914665,0.9942847833185422,0.5,0.9500157232775426,23.799999999999997,0.03991662702846818,group_QEC
0.10200000000000001,global_noQEC,global_noQEC,1,1,1,1.0,0.10200000000000001,0.898,0.6947920446914665,0.9942847833185422,0.5,0.664723256132937,1.9,0.34985434533312476,global_noQEC
0.10200000000000001,group_noQEC,group_noQEC,1,1,1,1.0,0.10200000000000001,0.898,0.6947920446914665,0.9942847833185422,0.5,0.943867735420051,2.9,0.32547163290346587,group_noQEC
0.10200000000000001,rep3_toy,rep3_toy,3,1,1,3.0,0.029089584000000005,0.9709104159999999,0.6947920446914665,0.9942847833185422,0.5,0.9799062445942757,8.6,0.11394258658072973,group_QEC
0.10200000000000001,"[[5,1,3]]","[[5,1,3]]",5,1,3,5.0,0.08439532500787195,0.915604674992128,0.6947920446914665,0.9942847833185422,0.5,0.9525694583839283,12.4,0.07682011761160712,group_QEC
0.10200000000000001,"[[7,1,3]]","[[7,1,3]]",7,1,3,7.0,0.1546762762785855,0.8453237237214145,0.6947920446914665,0.9942847833185422,0.5,0.9178306536136627,16.2,0.056656213186028564,group_QEC
0.10200000000000001,"[[9,1,3]]","[[9,1,3]]",9,1,3,9.0,0.23206132959021097,0.767938670409789,0.6947920446914665,0.9942847833185422,0.5,0.879580399305432,20.0,0.0439790199652716,group_QEC
0.10200000000000001,"[[11,1,5]]","[[11,1,5]]",11,1,5,11.0,0.09387057978553393,0.9061294202144661,0.6947920446914665,0.9942847833185422,0.5,0.9478859841292636,23.799999999999997,0.0398271421903052,group_QEC
0.10400000000000001,global_noQEC,global_noQEC,1,1,1,1.0,0.10400000000000001,0.896,0.6947920446914665,0.9942847833185422,0.5,0.664133672043554,1.9,0.34954403791766003,global_noQEC
0.10400000000000001,group_noQEC,group_noQEC,1,1,1,1.0,0.10400000000000001,0.896,0.6947920446914665,0.9942847833185422,0.5,0.9428791658534139,2.9,0.3251307468460048,group_noQEC
0.10400000000000001,rep3_toy,rep3_toy,3,1,1,3.0,0.030198272000000005,0.969801728,0.6947920446914665,0.9942847833185422,0.5,0.9793582369864278,8.6,0.1138788647658637,group_QEC
0.10400000000000001,"[[5,1,3]]","[[5,1,3]]",5,1,3,5.0,0.08736884172390391,0.9126311582760961,0.6947920446914665,0.9942847833185422,0.5,0.9510996943182504,12.4,0.0767015882514718,group_QEC
0.10400000000000001,"[[7,1,3]]","[[7,1,3]]",7,1,3,7.0,0.15970054304856363,0.8402994569514364,0.6947920446914665,0.9942847833185422,0.5,0.9153472350019294,16.2,0.05650291574085984,group_QEC
0.10400000000000001,"[[9,1,3]]","[[9,1,3]]",9,1,3,9.0,0.23899143161324798,0.761008568386752,0.6947920446914665,0.9942847833185422,0.5,0.8761549553285998,20.0,0.04380774776642999,group_QEC
0.10400000000000001,"[[11,1,5]]","[[11,1,5]]",11,1,5,11.0,0.0982725064374731,0.9017274935625269,0.6947920446914665,0.9942847833185422,0.5,0.9457101787679258,23.799999999999997,0.03973572179697168,group_QEC
0.106,global_noQEC,global_noQEC,1,1,1,1.0,0.106,0.894,0.6947920446914665,0.9942847833185422,0.5,0.6635440879541711,1.9,0.3492337305021953,global_noQEC
0.106,group_noQEC,group_noQEC,1,1,1,1.0,0.106,0.894,0.6947920446914665,0.9942847833185422,0.5,0.9418905962867767,2.9,0.3247898607885437,group_noQEC
0.106,rep3_toy,rep3_toy,3,1,1,3.0,0.031325968,0.968674032,0.6947920446914665,0.9942847833185422,0.5,0.9788008340134187,8.6,0.1138140504666766,group_QEC
0.106,"[[5,1,3]]","[[5,1,3]]",5,1,3,5.0,0.090379866416896,0.909620133583104,0.6947920446914665,0.9942847833185422,0.5,0.949611390630308,12.4,0.0765815637605087,group_QEC
0.106,"[[7,1,3]]","[[7,1,3]]",7,1,3,7.0,0.16476552458558946,0.8352344754144105,0.6947920446914665,0.9942847833185422,0.5,0.9128436917003881,16.2,0.05634837603088816,group_QEC
0.106,"[[9,1,3]]","[[9,1,3]]",9,1,3,9.0,0.24594657439890444,0.7540534256010956,0.6947920446914665,0.9942847833185422,0.5,0.872717134083842,20.0,0.0436358567041921,group_QEC
0.106,"[[11,1,5]]","[[11,1,5]]",11,1,5,11.0,0.10276607754912981,0.8972339224508702,0.6947920446914665,0.9942847833185422,0.5,0.943489074944674,23.799999999999997,0.03964239810691908,group_QEC
0.108,global_noQEC,global_noQEC,1,1,1,1.0,0.108,0.892,0.6947920446914665,0.9942847833185422,0.5,0.6629545038647882,1.9,0.34892342308673063,global_noQEC
0.108,group_noQEC,group_noQEC,1,1,1,1.0,0.108,0.892,0.6947920446914665,0.9942847833185422,0.5,0.9409020267201397,2.9,0.32444897473108264,group_noQEC
0.108,rep3_toy,rep3_toy,3,1,1,3.0,0.032472575999999996,0.967527424,0.6947920446914665,0.9942847833185422,0.5,0.9782340831265873,8.6,0.11374814920076598,group_QEC
0.108,"[[5,1,3]]","[[5,1,3]]",5,1,3,5.0,0.09342772031692781,0.9065722796830722,0.6947920446914665,0.9942847833185422,0.5,0.9481048828257441,12.4,0.07646007119562452,group_QEC
0.108,"[[7,1,3]]","[[7,1,3]]",7,1,3,7.0,0.16986957080222964,0.8301304291977704,0.6947920446914665,0.9942847833185422,0.5,0.9103208393221485,16.2,0.05619264440260176,group_QEC
0.108,"[[9,1,3]]","[[9,1,3]]",9,1,3,9.0,0.25292407188635424,0.7470759281136458,0.6947920446914665,0.9942847833185422,0.5,0.8692682632501523,20.0,0.04346341316250761,group_QEC
0.108,"[[11,1,5]]","[[11,1,5]]",11,1,5,11.0,0.10734969018108753,0.8926503098189125,0.6947920446914665,0.9942847833185422,0.5,0.9412234649680707,23.799999999999997,0.03954720441042314,group_QEC
0.11,global_noQEC,global_noQEC,1,1,1,1.0,0.11,0.89,0.6947920446914665,0.9942847833185422,0.5,0.6623649197754052,1.9,0.3486131156712659,global_noQEC
0.11,group_noQEC,group_noQEC,1,1,1,1.0,0.11,0.89,0.6947920446914665,0.9942847833185422,0.5,0.9399134571535026,2.9,0.3241080886736216,group_noQEC
0.11,rep3_toy,rep3_toy,3,1,1,3.0,0.033638,0.9663619999999999,0.6947920446914665,0.9942847833185422,0.5,0.9776580317772731,8.6,0.11368116648572943,group_QEC
0.11,"[[5,1,3]]","[[5,1,3]]",5,1,3,5.0,0.09651172959999998,0.9034882704,0.6947920446914665,0.9942847833185422,0.5,0.9465805039655085,12.4,0.07633713741657326,group_QEC
0.11,"[[7,1,3]]","[[7,1,3]]",7,1,3,7.0,0.17501105700473985,0.8249889429952602,0.6947920446914665,0.9942847833185422,0.5,0.9077794809286053,16.2,0.056035770427691686,group_QEC
0.11,"[[9,1,3]]","[[9,1,3]]",9,1,3,9.0,0.25992130452800866,0.7400786954719913,0.6947920446914665,0.9942847833185422,0.5,0.8658096376300426,20.0,0.04329048188150213,group_QEC
0.11,"[[11,1,5]]","[[11,1,5]]",11,1,5,11.0,0.11202169480337854,0.8879783051966215,0.6947920446914665,0.9942847833185422,0.5,0.9389141641756784,23.799999999999997,0.03945017496536465,group_QEC
0.112,global_noQEC,global_noQEC,1,1,1,1.0,0.112,0.888,0.6947920446914665,0.9942847833185422,0.5,0.6617753356860223,1.9,0.34830280825580123,global_noQEC
0.112,group_noQEC,group_noQEC,1,1,1,1.0,0.112,0.888,0.6947920446914665,0.9942847833185422,0.5,0.9389248875868655,2.9,0.32376720261616054,group_noQEC
0.112,rep3_toy,rep3_toy,3,1,1,3.0,0.034822144000000006,0.965177856,0.6947920446914665,0.9942847833185422,0.5,0.9770727274168151,8.6,0.11361310783916455,group_QEC
0.112,"[[5,1,3]]","[[5,1,3]]",5,1,3,5.0,0.09963122537267188,0.9003687746273281,0.6947920446914665,0.9942847833185422,0.5,0.9450385846734503,12.4,0.07621278908656856,group_QEC
0.112,"[[7,1,3]]","[[7,1,3]]",7,1,3,7.0,0.180188383651249,0.819811616348751,0.6947920446914665,0.9942847833185422,0.5,0.9052204071489662,16.2,0.05587780291043002,group_QEC
0.112,"[[9,1,3]]","[[9,1,3]]",9,1,3,9.0,0.2669357182062202,0.7330642817937798,0.6947920446914665,0.9942847833185422,0.5,0.8623425196850012,20.0,0.04311712598425006,group_QEC
0.112,"[[11,1,5]]","[[11,1,5]]",11,1,5,11.0,0.1167803983004061,0.8832196016995939,0.6947920446914665,0.9942847833185422,0.5,0.9365620094487729,23.799999999999997,0.039351344934822396,group_QEC
0.114,global_noQEC,global_noQEC,1,1,1,1.0,0.114,0.886,0.6947920446914665,0.9942847833185422,0.5,0.6611857515966393,1.9,0.3479925008403365,global_noQEC
0.114,group_noQEC,group_noQEC,1,1,1,1.0,0.114,0.886,0.6947920446914665,0.9942847833185422,0.5,0.9379363180202285,2.9,0.32342631655869947,group_noQEC
0.114,rep3_toy,rep3_toy,3,1,1,3.0,0.036024912000000006,0.963975088,0.6947920446914665,0.9942847833185422,0.5,0.9764782174965526,8.6,0.11354397877866891,group_QEC
0.114,"[[5,1,3]]","[[5,1,3]]",5,1,3,5.0,0.102785543656704,0.897214456343296,0.6947920446914665,0.9942847833185422,0.5,0.9434794531439097,12.4,0.07608705267289594,group_QEC
0.114,"[[7,1,3]]","[[7,1,3]]",7,1,3,7.0,0.18539997611134695,0.814600023888653,0.6947920446914665,0.9942847833185422,0.5,0.9026443962990822,16.2,0.055718789895005075,group_QEC
0.114,"[[9,1,3]]","[[9,1,3]]",9,1,3,9.0,0.27396482316272297,0.726035176837277,0.6947920446914665,0.9942847833185422,0.5,0.858868140064653,20.0,0.042943407003232646,group_QEC
0.114,"[[11,1,5]]","[[11,1,5]]",11,1,5,11.0,0.12162406689026906,0.8783759331097309,0.6947920446914665,0.9942847833185422,0.5,0.9341678577693657,23.799999999999997,0.03925075032644394,group_QEC
0.116,global_noQEC,global_noQEC,1,1,1,1.0,0.116,0.884,0.6947920446914665,0.9942847833185422,0.5,0.6605961675072564,1.9,0.3476821934248718,global_noQEC
0.116,group_noQEC,group_noQEC,1,1,1,1.0,0.116,0.884,0.6947920446914665,0.9942847833185422,0.5,0.9369477484535914,2.9,0.32308543050123845,group_noQEC
0.116,rep3_toy,rep3_toy,3,1,1,3.0,0.037246208,0.962753792,0.6947920446914665,0.9942847833185422,0.5,0.9758745494678248,8.6,0.1134737848218401,group_QEC
0.116,"[[5,1,3]]","[[5,1,3]]",5,1,3,5.0,0.10597402537369582,0.8940259746263042,0.6947920446914665,0.9942847833185422,0.5,0.9419034351493113,12.4,0.0759599544475251,group_QEC
0.116,"[[7,1,3]]","[[7,1,3]]",7,1,3,7.0,0.19064428442707382,0.8093557155729262,0.6947920446914665,0.9942847833185422,0.5,0.9000522144995875,16.2,0.055558778672814044,group_QEC
0.116,"[[9,1,3]]","[[9,1,3]]",9,1,3,9.0,0.28100619294070595,0.718993807059294,0.6947920446914665,0.9942847833185422,0.5,0.8553876981296769,20.0,0.04276938490648384,group_QEC
0.116,"[[11,1,5]]","[[11,1,5]]",11,1,5,11.0,0.126550928960119,0.873449071039881,0.6947920446914665,0.9942847833185422,0.5,0.9317325848187296,23.799999999999997,0.03914842793356007,group_QEC
0.11800000000000001,global_noQEC,global_noQEC,1,1,1,1.0,0.11800000000000001,0.882,0.6947920446914665,0.9942847833185422,0.5,0.6600065834178734,1.9,0.3473718860094071,global_noQEC
0.11800000000000001,group_noQEC,group_noQEC,1,1,1,1.0,0.11800000000000001,0.882,0.6947920446914665,0.9942847833185422,0.5,0.9359591788869542,2.9,0.3227445444437773,group_noQEC
0.11800000000000001,rep3_toy,rep3_toy,3,1,1,3.0,0.038485936000000005,0.961514064,0.6947920446914665,0.9942847833185422,0.5,0.9752617707819708,8.6,0.11340253148627569,group_QEC
0.11800000000000001,"[[5,1,3]]","[[5,1,3]]",5,1,3,5.0,0.10919601632972786,0.8908039836702721,0.6947920446914665,0.9942847833185422,0.5,0.9403108540477547,12.4,0.07583152048772215,group_QEC
0.11800000000000001,"[[7,1,3]]","[[7,1,3]]",7,1,3,7.0,0.19591978307530344,0.8040802169246966,0.6947920446914665,0.9942847833185422,0.5,0.89744461579335,16.2,0.055397815789712965,group_QEC
0.11800000000000001,"[[9,1,3]]","[[9,1,3]]",9,1,3,9.0,0.2880574633394126,0.7119425366605874,0.6947920446914665,0.9942847833185422,0.5,0.8519023624685317,20.0,0.04259511812342658,group_QEC
0.11800000000000001,"[[11,1,5]]","[[11,1,5]]",11,1,5,11.0,0.1315591778191556,0.8684408221808444,0.6947920446914665,0.9942847833185422,0.5,0.9292570836166353,23.799999999999997,0.03904441527800989,group_QEC
0.12,global_noQEC,global_noQEC,1,1,1,1.0,0.12,0.88,0.6947920446914665,0.9942847833185422,0.5,0.6594169993284905,1.9,0.3470615785939424,global_noQEC
0.12,group_noQEC,group_noQEC,1,1,1,1.0,0.12,0.88,0.6947920446914665,0.9942847833185422,0.5,0.9349706093203172,2.9,0.3224036583863163,group_noQEC
0.12,rep3_toy,rep3_toy,3,1,1,3.0,0.039744,0.960256,0.6947920446914665,0.9942847833185422,0.5,0.97463992889033,8.6,0.11333022428957326,group_QEC
0.12,"[[5,1,3]]","[[5,1,3]]",5,1,3,5.0,0.11245086719999997,0.8875491328,0.6947920446914665,0.9942847833185422,0.5,0.9387020307906081,12.4,0.07570177667666195,group_QEC
0.12,"[[7,1,3]]","[[7,1,3]]",7,1,3,7.0,0.2012249707315199,0.7987750292684801,0.6947920446914665,0.9942847833185422,0.5,0.8948223422622329,16.2,0.05523594705322425,group_QEC
0.12,"[[9,1,3]]","[[9,1,3]]",9,1,3,9.0,0.295116331381162,0.704883668618838,0.6947920446914665,0.9942847833185422,0.5,0.8484132714080415,20.0,0.04242066357040207,group_QEC
0.12,"[[11,1,5]]","[[11,1,5]]",11,1,5,11.0,0.13664697437085338,0.8633530256291466,0.6947920446914665,0.9942847833185422,0.5,0.9267422632005106,23.799999999999997,0.038938750554643305,group_QEC
0.122,global_noQEC,global_noQEC,1,1,1,1.0,0.122,0.878,0.6947920446914665,0.9942847833185422,0.5,0.6588274152391075,1.9,0.34675127117847765,global_noQEC
0.122,group_noQEC,group_noQEC,1,1,1,1.0,0.122,0.878,0.6947920446914665,0.9942847833185422,0.5,0.93398203975368,2.9,0.32206277232885516,group_noQEC
0.122,rep3_toy,rep3_toy,3,1,1,3.0,0.041020304,0.958979696,0.6947920446914665,0.9942847833185422,0.5,0.9740090712442415,8.6,0.11325686874933041,group_QEC
0.122,"[[5,1,3]]","[[5,1,3]]",5,1,3,5.0,0.11573793351347206,0.8842620664865279,0.6947920446914665,0.9942847833185422,0.5,0.9370772839300998,12.4,0.0755707487040403,group_QEC
0.122,"[[7,1,3]]","[[7,1,3]]",7,1,3,7.0,0.20655837003498256,0.7934416299650174,0.6947920446914665,0.9942847833185422,0.5,0.8921861241431697,16.2,0.05507321753970183,group_QEC
0.122,"[[9,1,3]]","[[9,1,3]]",9,1,3,9.0,0.302180554290687,0.697819445709313,0.6947920446914665,0.9942847833185422,0.5,0.844921533517893,20.0,0.04224607667589465,group_QEC
0.122,"[[11,1,5]]","[[11,1,5]]",11,1,5,11.0,0.14181244970597506,0.8581875502940249,0.6947920446914665,0.9942847833185422,0.5,0.9241890473437526,23.799999999999997,0.0388314725774686,group_QEC
0.124,global_noQEC,global_noQEC,1,1,1,1.0,0.124,0.876,0.6947920446914665,0.9942847833185422,0.5,0.6582378311497247,1.9,0.346440963763013,global_noQEC
0.124,group_noQEC,group_noQEC,1,1,1,1.0,0.124,0.876,0.6947920446914665,0.9942847833185422,0.5,0.932993470187043,2.9,0.32172188627139414,group_noQEC
0.124,rep3_toy,rep3_toy,3,1,1,3.0,0.042314752,0.957685248,0.6947920446914665,0.9942847833185422,0.5,0.9733692452950443,8.6,0.11318247038314469,group_QEC
0.124,"[[5,1,3]]","[[5,1,3]]",5,1,3,5.0,0.11905657563750394,0.8809434243624961,0.6947920446914665,0.9942847833185422,0.5,0.9354369296269109,12.4,0.07543846206668636,group_QEC
0.124,"[[7,1,3]]","[[7,1,3]]",7,1,3,7.0,0.2119185273552746,0.7880814726447254,0.6947920446914665,0.9942847833185422,0.5,0.8895366799435557,16.2,0.05490967160145405,group_QEC
0.124,"[[9,1,3]]","[[9,1,3]]",9,1,3,9.0,0.3092479484866859,0.6907520515133141,0.6947920446914665,0.9942847833185422,0.5,0.841428228109097,20.0,0.04207141140545485,group_QEC
0.124,"[[11,1,5]]","[[11,1,5]]",11,1,5,11.0,0.1470537076179257,0.8529462923820743,0.6947920446914665,0.9942847833185422,0.5,0.9215983733124276,23.799999999999997,0.03872262072741293,group_QEC
0.126,global_noQEC,global_noQEC,1,1,1,1.0,0.126,0.874,0.6947920446914665,0.9942847833185422,0.5,0.6576482470603418,1.9,0.3461306563475483,global_noQEC
0.126,group_noQEC,group_noQEC,1,1,1,1.0,0.126,0.874,0.6947920446914665,0.9942847833185422,0.5,0.9320049006204059,2.9,0.32138100021393307,group_noQEC
0.126,rep3_toy,rep3_toy,3,1,1,3.0,0.043627248,0.956372752,0.6947920446914665,0.9942847833185422,0.5,0.9727204984940779,8.6,0.11310703470861372,group_QEC
0.126,"[[5,1,3]]","[[5,1,3]]",5,1,3,5.0,0.12240615876249594,0.8775938412375041,0.6947920446914665,0.9942847833185422,0.5,0.9337812816577669,12.4,0.07530494206917475,group_QEC
0.126,"[[7,1,3]]","[[7,1,3]]",7,1,3,7.0,0.21730401256023324,0.7826959874397668,0.6947920446914665,0.9942847833185422,0.5,0.8868747165559575,16.2,0.05474535287382454,group_QEC
0.126,"[[9,1,3]]","[[9,1,3]]",9,1,3,9.0,0.3163163885854836,0.6836836114145164,0.6947920446914665,0.9942847833185422,0.5,0.8379344057264626,20.0,0.04189672028632313,group_QEC
0.126,"[[11,1,5]]","[[11,1,5]]",11,1,5,11.0,0.15236882704195998,0.84763117295804,0.6947920446914665,0.9942847833185422,0.5,0.9189711906596065,23.799999999999997,0.03861223490166414,group_QEC
0.128,global_noQEC,global_noQEC,1,1,1,1.0,0.128,0.872,0.6947920446914665,0.9942847833185422,0.5,0.6570586629709588,1.9,0.34582034893208363,global_noQEC
0.128,group_noQEC,group_noQEC,1,1,1,1.0,0.128,0.872,0.6947920446914665,0.9942847833185422,0.5,0.9310163310537687,2.9,0.321040114156472,group_noQEC
0.128,rep3_toy,rep3_toy,3,1,1,3.0,0.044957696,0.955042304,0.6947920446914665,0.9942847833185422,0.5,0.9720628782926813,8.6,0.11303056724333505,group_QEC
0.128,"[[5,1,3]]","[[5,1,3]]",5,1,3,5.0,0.125786052886528,0.874213947113472,0.6947920446914665,0.9942847833185422,0.5,0.9321106514230301,12.4,0.0751702138244379,group_QEC
0.128,"[[7,1,3]]","[[7,1,3]]",7,1,3,7.0,0.2227134187852562,0.7772865812147438,0.6947920446914665,0.9942847833185422,0.5,0.8842009293721401,16.2,0.054580304282230874,group_QEC
0.128,"[[9,1,3]]","[[9,1,3]]",9,1,3,9.0,0.3233838064167007,0.6766161935832993,0.6947920446914665,0.9942847833185422,0.5,0.8344410886351379,20.0,0.041722054431756896,group_QEC
0.128,"[[11,1,5]]","[[11,1,5]]",11,1,5,11.0,0.1577558644197523,0.8422441355802477,0.6947920446914665,0.9942847833185422,0.5,0.9163084600565956,23.799999999999997,0.038500355464562847,group_QEC
0.13,global_noQEC,global_noQEC,1,1,1,1.0,0.13,0.87,0.6947920446914665,0.9942847833185422,0.5,0.6564690788815759,1.9,0.3455100415166189,global_noQEC
0.13,group_noQEC,group_noQEC,1,1,1,1.0,0.13,0.87,0.6947920446914665,0.9942847833185422,0.5,0.9300277614871317,2.9,0.32069922809901097,group_noQEC
0.13,rep3_toy,rep3_toy,3,1,1,3.0,0.04630600000000001,0.953694,0.6947920446914665,0.9942847833185422,0.5,0.9713964321421938,8.6,0.11295307350490627,group_QEC
0.13,"[[5,1,3]]","[[5,1,3]]",5,1,3,5.0,0.12919563280000002,0.8708043672,0.6947920446914665,0.9942847833185422,0.5,0.9304253479542923,12.4,0.0750343022543784,group_QEC
0.13,"[[7,1,3]]","[[7,1,3]]",7,1,3,7.0,0.22814536220397996,0.77185463779602,0.6947920446914665,0.9942847833185422,0.5,0.8815160023964176,16.2,0.05441456804916158,group_QEC
0.13,"[[9,1,3]]","[[9,1,3]]",9,1,3,9.0,0.3304481900508274,0.6695518099491726,0.6947920446914665,0.9942847833185422,0.5,0.8309492713012645,20.0,0.041547463565063225,group_QEC
0.13,"[[11,1,5]]","[[11,1,5]]",11,1,5,11.0,0.16321285599080193,0.8367871440091981,0.6947920446914665,0.9942847833185422,0.5,0.9136111521603283,23.799999999999997,0.038387023200013796,group_QEC
0.132,global_noQEC,global_noQEC,1,1,1,1.0,0.132,0.868,0.6947920446914665,0.9942847833185422,0.5,0.6558794947921929,1.9,0.3451997341011542,global_noQEC
0.132,group_noQEC,group_noQEC,1,1,1,1.0,0.132,0.868,0.6947920446914665,0.9942847833185422,0.5,0.9290391919204946,2.9,0.32035834204154984,group_noQEC
0.132,rep3_toy,rep3_toy,3,1,1,3.0,0.04767206400000001,0.952327936,0.6947920446914665,0.9942847833185422,0.5,0.9707212074939544,8.6,0.11287455901092494,group_QEC
0.132,"[[5,1,3]]","[[5,1,3]]",5,1,3,5.0,0.13263427807027195,0.867365721929728,0.6947920446914665,0.9942847833185422,0.5,0.9287256779219666,12.4,0.07489723209048117,group_QEC
0.132,"[[7,1,3]]","[[7,1,3]]",7,1,3,7.0,0.23359848180032938,0.7664015181996706,0.6947920446914665,0.9942847833185422,0.5,0.878820608358326,16.2,0.054248185701131234,group_QEC
0.132,"[[9,1,3]]","[[9,1,3]]",9,1,3,9.0,0.33750758283859983,0.6624924171614002,0.6947920446914665,0.9942847833185422,0.5,0.8274599208668,20.0,0.04137299604334,group_QEC
0.132,"[[11,1,5]]","[[11,1,5]]",11,1,5,11.0,0.16873782001213877,0.8312621799878612,0.6947920446914665,0.9942847833185422,0.5,0.910880246516199,23.799999999999997,0.03827227926538652,group_QEC
0.134,global_noQEC,global_noQEC,1,1,1,1.0,0.134,0.866,0.6947920446914665,0.9942847833185422,0.5,0.65528991070281,1.9,0.34488942668568945,global_noQEC
0.134,group_noQEC,group_noQEC,1,1,1,1.0,0.134,0.866,0.6947920446914665,0.9942847833185422,0.5,0.9280506223538576,2.9,0.3200174559840888,group_noQEC
0.134,rep3_toy,rep3_toy,3,1,1,3.0,0.04905579200000001,0.950944208,0.6947920446914665,0.9942847833185422,0.5,0.9700372517993028,8.6,0.1127950292789887,group_QEC
0.134,"[[5,1,3]]","[[5,1,3]]",5,1,3,5.0,0.13610137302630398,0.863898626973696,0.6947920446914665,0.9942847833185422,0.5,0.9270119456428794,12.4,0.07475902787442576,group_QEC
0.134,"[[7,1,3]]","[[7,1,3]]",7,1,3,7.0,0.23907143914192974,0.7609285608580703,0.6947920446914665,0.9942847833185422,0.5,0.8761154088246214,16.2,0.05408119807559391,group_QEC
0.134,"[[9,1,3]]","[[9,1,3]]",9,1,3,9.0,0.3445600824620816,0.6554399175379184,0.6947920446914665,0.9942847833185422,0.5,0.8239739776185532,20.0,0.041198698880927656,group_QEC
0.134,"[[11,1,5]]","[[11,1,5]]",11,1,5,11.0,0.17432875890776356,0.8256712410922364,0.6947920446914665,0.9942847833185422,0.5,0.9081167304956279,23.799999999999997,0.03815616514687513,group_QEC
0.136,global_noQEC,global_noQEC,1,1,1,1.0,0.136,0.864,0.6947920446914665,0.9942847833185422,0.5,0.654700326613427,1.9,0.3445791192702248,global_noQEC
0.136,group_noQEC,group_noQEC,1,1,1,1.0,0.136,0.864,0.6947920446914665,0.9942847833185422,0.5,0.9270620527872204,2.9,0.31967656992662774,group_noQEC
0.136,rep3_toy,rep3_toy,3,1,1,3.0,0.050457088000000004,0.949542912,0.6947920446914665,0.9942847833185422,0.5,0.9693446125095775,8.6,0.11271448982669506,group_QEC
0.136,"[[5,1,3]]","[[5,1,3]]",5,1,3,5.0,0.13959630674329604,0.860403693256704,0.6947920446914665,0.9942847833185422,0.5,0.9252844530878634,12.4,0.07461971395869867,group_QEC
0.136,"[[7,1,3]]","[[7,1,3]]",7,1,3,7.0,0.24456291815488118,0.7554370818451188,0.6947920446914665,0.9942847833185422,0.5,0.8734010543106063,16.2,0.05391364532781521,group_QEC
0.136,"[[9,1,3]]","[[9,1,3]]",9,1,3,9.0,0.35160383999734335,0.6483961600026567,0.6947920446914665,0.9942847833185422,0.5,0.8204923554514879,20.0,0.04102461777257439,group_QEC
0.136,"[[11,1,5]]","[[11,1,5]]",11,1,5,11.0,0.17998366134924726,0.8200163386507527,0.6947920446914665,0.9942847833185422,0.5,0.9053215982676517,23.799999999999997,0.03803872261628789,group_QEC
0.138,global_noQEC,global_noQEC,1,1,1,1.0,0.138,0.862,0.6947920446914665,0.9942847833185422,0.5,0.6541107425240441,1.9,0.34426881185476005,global_noQEC
0.138,group_noQEC,group_noQEC,1,1,1,1.0,0.138,0.862,0.6947920446914665,0.9942847833185422,0.5,0.9260734832205835,2.9,0.3193356838691667,group_noQEC
0.138,rep3_toy,rep3_toy,3,1,1,3.0,0.051875856000000005,0.948124144,0.6947920446914665,0.9942847833185422,0.5,0.9686433370761183,8.6,0.11263294617164167,group_QEC
0.138,"[[5,1,3]]","[[5,1,3]]",5,1,3,5.0,0.14311847302732805,0.856881526972672,0.6947920446914665,0.9942847833185422,0.5,0.9235434998893487,12.4,0.07447931450720553,group_QEC
0.138,"[[7,1,3]]","[[7,1,3]]",7,1,3,7.0,0.25007162489989154,0.7499283751001085,0.6947920446914665,0.9942847833185422,0.5,0.8706781843907836,16.2,0.053745566937702695,group_QEC
0.138,"[[9,1,3]]","[[9,1,3]]",9,1,3,9.0,0.3586370589886487,0.6413629410113513,0.6947920446914665,0.9942847833185422,0.5,0.8170159423263387,20.0,0.040850797116316936,group_QEC
0.138,"[[11,1,5]]","[[11,1,5]]",11,1,5,11.0,0.1857005042688793,0.8142994957311207,0.6947920446914665,0.9942847833185422,0.5,0.9024958498038552,23.799999999999997,0.03791999368923762,group_QEC
0.14,global_noQEC,global_noQEC,1,1,1,1.0,0.14,0.86,0.6947920446914665,0.9942847833185422,0.5,0.6535211584346612,1.9,0.3439585044392954,global_noQEC
0.14,group_noQEC,group_noQEC,1,1,1,1.0,0.14,0.86,0.6947920446914665,0.9942847833185422,0.5,0.9250849136539463,2.9,0.31899479781170564,group_noQEC
0.14,rep3_toy,rep3_toy,3,1,1,3.0,0.053312000000000005,0.946688,0.6947920446914665,0.9942847833185422,0.5,0.9679334729502641,8.6,0.11255040383142606,group_QEC
0.14,"[[5,1,3]]","[[5,1,3]]",5,1,3,5.0,0.14666727040000005,0.8533327296,0.6947920446914665,0.9942847833185422,0.5,0.9217893833489561,12.4,0.07433785349588355,group_QEC
0.14,"[[7,1,3]]","[[7,1,3]]",7,1,3,7.0,0.25559628734976003,0.74440371265024,0.6947920446914665,0.9942847833185422,0.5,0.8679474278088422,16.2,0.0535770017165952,group_QEC
0.14,"[[9,1,3]]","[[9,1,3]]",9,1,3,9.0,0.3656579945340386,0.6343420054659614,0.6947920446914665,0.9942847833185422,0.5,0.8135456007215922,20.0,0.04067728003607961,group_QEC
0.14,"[[11,1,5]]","[[11,1,5]]",11,1,5,11.0,0.19147725480675304,0.808522745193247,0.6947920446914665,0.9942847833185422,0.5,0.8996404899159569,23.799999999999997,0.037800020584704074,group_QEC
0.14200000000000002,global_noQEC,global_noQEC,1,1,1,1.0,0.14200000000000002,0.858,0.6947920446914665,0.9942847833185422,0.5,0.6529315743452782,1.9,0.34364819702383065,global_noQEC
0.14200000000000002,group_noQEC,group_noQEC,1,1,1,1.0,0.14200000000000002,0.858,0.6947920446914665,0.9942847833185422,0.5,0.9240963440873091,2.9,0.3186539117542445,group_noQEC
0.14200000000000002,rep3_toy,rep3_toy,3,1,1,3.0,0.054765424000000014,0.9452345759999999,0.6947920446914665,0.9942847833185422,0.5,0.9672150675833542,8.6,0.11246686832364584,group_QEC
0.14200000000000002,"[[5,1,3]]","[[5,1,3]]",5,1,3,5.0,0.15024210208307198,0.849757897916928,0.6947920446914665,0.9942847833185422,0.5,0.9200223984450887,12.4,0.07419535471331361,group_QEC
0.14200000000000002,"[[7,1,3]]","[[7,1,3]]",7,1,3,7.0,0.26113565516821335,0.7388643448317866,0.6947920446914665,0.9942847833185422,0.5,0.8652094025869763,16.2,0.053407987814010884,group_QEC
0.14200000000000002,"[[9,1,3]]","[[9,1,3]]",9,1,3,9.0,0.3726649523822223,0.6273350476177777,0.6947920446914665,0.9942847833185422,0.5,0.8100821680798806,20.0,0.04050410840399403,group_QEC
0.14200000000000002,"[[11,1,5]]","[[11,1,5]]",11,1,5,11.0,0.19731187219313906,0.8026881278068609,0.6947920446914665,0.9942847833185422,0.5,0.8967565273253806,23.799999999999997,0.03767884568594036,group_QEC
0.14400000000000002,global_noQEC,global_noQEC,1,1,1,1.0,0.14400000000000002,0.856,0.6947920446914665,0.9942847833185422,0.5,0.6523419902558953,1.9,0.343337889608366,global_noQEC
0.14400000000000002,group_noQEC,group_noQEC,1,1,1,1.0,0.14400000000000002,0.856,0.6947920446914665,0.9942847833185422,0.5,0.9231077745206722,2.9,0.3183130256967835,group_noQEC
0.14400000000000002,rep3_toy,rep3_toy,3,1,1,3.0,0.05623603200000001,0.943763968,0.6947920446914665,0.9942847833185422,0.5,0.9664881684267275,8.6,0.11238234516589855,group_QEC
0.14400000000000002,"[[5,1,3]]","[[5,1,3]]",5,1,3,5.0,0.15384237598310402,0.846157624016896,0.6947920446914665,0.9942847833185422,0.5,0.918242837840524,12.4,0.07405184176133257,group_QEC
0.14400000000000002,"[[7,1,3]]","[[7,1,3]]",7,1,3,7.0,0.2666884994900858,0.7333115005099142,0.6947920446914665,0.9942847833185422,0.5,0.862464716134538,16.2,0.0532385627243542,group_QEC
0.14400000000000002,"[[9,1,3]]","[[9,1,3]]",9,1,3,9.0,0.3796562880406731,0.6203437119593269,0.6947920446914665,0.9942847833185422,0.5,0.8066264572488361,20.0,0.0403313228624418,group_QEC
0.14400000000000002,"[[11,1,5]]","[[11,1,5]]",11,1,5,11.0,0.2032023095674913,0.7967976904325087,0.6947920446914665,0.9942847833185422,0.5,0.8938449737641474,23.799999999999997,0.037556511502695275,group_QEC
0.146,global_noQEC,global_noQEC,1,1,1,1.0,0.146,0.854,0.6947920446914665,0.9942847833185422,0.5,0.6517524061665124,1.9,0.3430275821929013,global_noQEC
0.146,group_noQEC,group_noQEC,1,1,1,1.0,0.146,0.854,0.6947920446914665,0.9942847833185422,0.5,0.922119204954035,2.9,0.3179721396393224,group_noQEC
0.146,rep3_toy,rep3_toy,3,1,1,3.0,0.057723727999999995,0.942276272,0.6947920446914665,0.9942847833185422,0.5,0.9657528229317237,8.6,0.11229683987578183,group_QEC
0.146,"[[5,1,3]]","[[5,1,3]]",5,1,3,5.0,0.15746750467609616,0.8425324953239038,0.6947920446914665,0.9942847833185422,0.5,0.9164509918900066,12.4,0.07390733805564569,group_QEC
0.146,"[[7,1,3]]","[[7,1,3]]",7,1,3,7.0,0.27225361270284076,0.7277463872971592,0.6947920446914665,0.9942847833185422,0.5,0.8597139653560283,16.2,0.053068763293582,group_QEC
0.146,"[[9,1,3]]","[[9,1,3]]",9,1,3,9.0,0.38663040589483133,0.6133695941051687,0.6947920446914665,0.9942847833185422,0.5,0.8031792569164554,20.0,0.04015896284582277,group_QEC
0.146,"[[11,1,5]]","[[11,1,5]]",11,1,5,11.0,0.20914651573540144,0.7908534842645986,0.6947920446914665,0.9942847833185422,0.5,0.8909068431064413,23.799999999999997,0.03743306063472443,group_QEC
0.148,global_noQEC,global_noQEC,1,1,1,1.0,0.148,0.852,0.6947920446914665,0.9942847833185422,0.5,0.6511628220771295,1.9,0.3427172747774366,global_noQEC
0.148,group_noQEC,group_noQEC,1,1,1,1.0,0.148,0.852,0.6947920446914665,0.9942847833185422,0.5,0.9211306353873979,2.9,0.31763125358186134,group_noQEC
0.148,rep3_toy,rep3_toy,3,1,1,3.0,0.05922841599999999,0.940771584,0.6947920446914665,0.9942847833185422,0.5,0.9650090785496817,8.6,0.11221035797089322,group_QEC
0.148,"[[5,1,3]]","[[5,1,3]]",5,1,3,5.0,0.16111690539212808,0.8388830946078719,0.6947920446914665,0.9942847833185422,0.5,0.91464714864784,12.4,0.0737618668264387,group_QEC
0.148,"[[7,1,3]]","[[7,1,3]]",7,1,3,7.0,0.2778298082294326,0.7221701917705674,0.6947920446914665,0.9942847833185422,0.5,0.856957736758425,16.2,0.05289862572582871,group_QEC
0.148,"[[9,1,3]]","[[9,1,3]]",9,1,3,9.0,0.393585758338318,0.606414241661682,0.6947920446914665,0.9942847833185422,0.5,0.7997413320410226,20.0,0.03998706660205113,group_QEC
0.148,"[[11,1,5]]","[[11,1,5]]",11,1,5,11.0,0.21514243686480672,0.7848575631351933,0.6947920446914665,0.9942847833185422,0.5,0.887943150530198,23.799999999999997,0.037308535736562946,group_QEC
0.15,global_noQEC,global_noQEC,1,1,1,1.0,0.15,0.85,0.6947920446914665,0.9942847833185422,0.5,0.6505732379877465,1.9,0.34240696736197185,global_noQEC
0.15,group_noQEC,group_noQEC,1,1,1,1.0,0.15,0.85,0.6947920446914665,0.9942847833185422,0.5,0.9201420658207609,2.9,0.3172903675244003,group_noQEC
0.15,rep3_toy,rep3_toy,3,1,1,3.0,0.06075,0.93925,0.6947920446914665,0.9942847833185422,0.5,0.9642569827319407,8.6,0.11212290496883032,group_QEC
0.15,"[[5,1,3]]","[[5,1,3]]",5,1,3,5.0,0.16479000000000021,0.8352099999999998,0.6947920446914665,0.9942847833185422,0.5,0.9128315938754795,12.4,0.07361545111899029,group_QEC
0.15,"[[7,1,3]]","[[7,1,3]]",7,1,3,7.0,0.2834159203125002,0.7165840796874998,0.6947920446914665,0.9942847833185422,0.5,0.8541966065578528,16.2,0.052728185589990914,group_QEC
0.15,"[[9,1,3]]","[[9,1,3]]",9,1,3,9.0,0.4005208449140627,0.5994791550859373,0.6947920446914665,0.9942847833185422,0.5,0.7963134242756352,20.0,0.03981567121378176,group_QEC
0.15,"[[11,1,5]]","[[11,1,5]]",11,1,5,11.0,0.2211880181227297,0.7788119818772703,0.6947920446914665,0.9942847833185422,0.5,0.8849549117080909,23.799999999999997,0.03718297948353324,group_QEC
0.152,global_noQEC,global_noQEC,1,1,1,1.0,0.152,0.848,0.6947920446914665,0.9942847833185422,0.5,0.6499836538983635,1.9,0.3420966599465071,global_noQEC
0.152,group_noQEC,group_noQEC,1,1,1,1.0,0.152,0.848,0.6947920446914665,0.9942847833185422,0.5,0.9191534962541237,2.9,0.3169494814669392,group_noQEC
0.152,rep3_toy,rep3_toy,3,1,1,3.0,0.062288383999999995,0.937711616,0.6947920446914665,0.9942847833185422,0.5,0.9634965829298401,8.6,0.11203448638719071,group_QEC
0.152,"[[5,1,3]]","[[5,1,3]]",5,1,3,5.0,0.1684862149918721,0.8315137850081279,0.6947920446914665,0.9942847833185422,0.5,0.9110046110491234,12.4,0.07346811379428414,group_QEC
0.152,"[[7,1,3]]","[[7,1,3]]",7,1,3,7.0,0.2890108037998912,0.7109891962001088,0.6947920446914665,0.9942847833185422,0.5,0.8514311407855952,16.2,0.052557477826271314,group_QEC
0.152,"[[9,1,3]]","[[9,1,3]]",9,1,3,9.0,0.4074342114662495,0.5925657885337505,0.6947920446914665,0.9942847833185422,0.5,0.7928962523873859,20.0,0.03964481261936929,group_QEC
0.152,"[[11,1,5]]","[[11,1,5]]",11,1,5,11.0,0.2272812052538149,0.7727187947461851,0.6947920446914665,0.9942847833185422,0.5,0.8819431420272832,23.799999999999997,0.037056434538961486,group_QEC
0.154,global_noQEC,global_noQEC,1,1,1,1.0,0.154,0.846,0.6947920446914665,0.9942847833185422,0.5,0.6493940698089806,1.9,0.34178635253104245,global_noQEC
0.154,group_noQEC,group_noQEC,1,1,1,1.0,0.154,0.846,0.6947920446914665,0.9942847833185422,0.5,0.9181649266874866,2.9,0.31660859540947817,group_noQEC
0.154,rep3_toy,rep3_toy,3,1,1,3.0,0.063843472,0.936156528,0.6947920446914665,0.9942847833185422,0.5,0.9627279265947188,8.6,0.11194510774357196,group_QEC
0.154,"[[5,1,3]]","[[5,1,3]]",5,1,3,5.0,0.17220498146790408,0.8277950185320959,0.6947920446914665,0.9942847833185422,0.5,0.9091664813673056,12.4,0.07331987752962142,group_QEC
0.154,"[[7,1,3]]","[[7,1,3]]",7,1,3,7.0,0.29461333393151456,0.7053866660684854,0.6947920446914665,0.9942847833185422,0.5,0.8486618953934502,16.2,0.05238653675268211,group_QEC
0.154,"[[9,1,3]]","[[9,1,3]]",9,1,3,9.0,0.4143244493029842,0.5856755506970158,0.6947920446914665,0.9942847833185422,0.5,0.7894905126712424,20.0,0.039474525633562116,group_QEC
0.154,"[[11,1,5]]","[[11,1,5]]",11,1,5,11.0,0.23341994610190642,0.7665800538980936,0.6947920446914665,0.9942847833185422,0.5,0.8789088558373356,23.799999999999997,0.036928943522577126,group_QEC
0.156,global_noQEC,global_noQEC,1,1,1,1.0,0.156,0.844,0.6947920446914665,0.9942847833185422,0.5,0.6488044857195977,1.9,0.3414760451155778,global_noQEC
0.156,group_noQEC,group_noQEC,1,1,1,1.0,0.156,0.844,0.6947920446914665,0.9942847833185422,0.5,0.9171763571208496,2.9,0.3162677093520171,group_noQEC
0.156,rep3_toy,rep3_toy,3,1,1,3.0,0.065415168,0.934584832,0.6947920446914665,0.9942847833185422,0.5,0.9619510611779161,8.6,0.11185477455557163,group_QEC
0.156,"[[5,1,3]]","[[5,1,3]]",5,1,3,5.0,0.17594573512089617,0.8240542648791038,0.6947920446914665,0.9942847833185422,0.5,0.9073174837584884,12.4,0.07317076481923293,group_QEC
0.156,"[[7,1,3]]","[[7,1,3]]",7,1,3,7.0,0.3002224061275125,0.6997775938724875,0.6947920446914665,0.9942847833185422,0.5,0.8458894163584333,16.2,0.05221539607150823,group_QEC
0.156,"[[9,1,3]]","[[9,1,3]]",9,1,3,9.0,0.4211901943695894,0.5788098056304106,0.6947920446914665,0.9942847833185422,0.5,0.7860968793586751,20.0,0.03930484396793375,group_QEC
0.156,"[[11,1,5]]","[[11,1,5]]",11,1,5,11.0,0.23960219207589195,0.760397807924108,0.6947920446914665,0.9942847833185422,0.5,0.8758530657256622,23.799999999999997,0.03680054898006985,group_QEC
0.158,global_noQEC,global_noQEC,1,1,1,1.0,0.158,0.842,0.6947920446914665,0.9942847833185422,0.5,0.6482149016302148,1.9,0.34116573770011305,global_noQEC
0.158,group_noQEC,group_noQEC,1,1,1,1.0,0.158,0.842,0.6947920446914665,0.9942847833185422,0.5,0.9161877875542125,2.9,0.315926823294556,group_noQEC
0.158,rep3_toy,rep3_toy,3,1,1,3.0,0.067003376,0.932996624,0.6947920446914665,0.9942847833185422,0.5,0.9611660341307714,8.6,0.11176349234078738,group_QEC
0.158,"[[5,1,3]]","[[5,1,3]]",5,1,3,5.0,0.17970791622092808,0.8202920837790719,0.6947920446914665,0.9942847833185422,0.5,0.905457894888654,12.4,0.07302079797489146,group_QEC
0.158,"[[7,1,3]]","[[7,1,3]]",7,1,3,7.0,0.3058369357777537,0.6941630642222463,0.6947920446914665,0.9942847833185422,0.5,0.8431142397868283,16.2,0.05204408887573014,group_QEC
0.158,"[[9,1,3]]","[[9,1,3]]",9,1,3,9.0,0.42803012643243243,0.5719698735675676,0.6947920446914665,0.9942847833185422,0.5,0.7827160050210791,20.0,0.039135800251053954,group_QEC
0.158,"[[11,1,5]]","[[11,1,5]]",11,1,5,11.0,0.2458258995610232,0.7541741004389768,0.6947920446914665,0.9942847833185422,0.5,0.8727767818199361,23.799999999999997,0.03667129335377883,group_QEC
0.16,global_noQEC,global_noQEC,1,1,1,1.0,0.16,0.84,0.6947920446914665,0.9942847833185422,0.5,0.6476253175408317,1.9,0.3408554302846483,global_noQEC
0.16,group_noQEC,group_noQEC,1,1,1,1.0,0.16,0.84,0.6947920446914665,0.9942847833185422,0.5,0.9151992179875754,2.9,0.315585937237095,group_noQEC
0.16,rep3_toy,rep3_toy,3,1,1,3.0,0.068608,0.931392,0.6947920446914665,0.9942847833185422,0.5,0.9603728929046237,8.6,0.11167126661681671,group_QEC
0.16,"[[5,1,3]]","[[5,1,3]]",5,1,3,5.0,0.1834909696000001,0.8165090303999999,0.6947920446914665,0.9942847833185422,0.5,0.9035879891688969,12.4,0.07286999912652395,group_QEC
0.16,"[[7,1,3]]","[[7,1,3]]",7,1,3,7.0,0.3114558580326401,0.6885441419673599,0.6947920446914665,0.9942847833185422,0.5,0.8403368920175881,16.2,0.051872647655406674,group_QEC
0.16,"[[9,1,3]]","[[9,1,3]]",9,1,3,9.0,0.43484296827319113,0.5651570317268089,0.6947920446914665,0.9942847833185422,0.5,0.7793485209680362,20.0,0.03896742604840181,group_QEC
0.16,"[[11,1,5]]","[[11,1,5]]",11,1,5,11.0,0.25208903127690085,0.7479109687230991,0.6947920446914665,0.9942847833185422,0.5,0.869681011116858,23.799999999999997,0.036541218954489835,group_QEC
0.162,global_noQEC,global_noQEC,1,1,1,1.0,0.162,0.838,0.6947920446914665,0.9942847833185422,0.5,0.6470357334514488,1.9,0.3405451228691836,global_noQEC
0.162,group_noQEC,group_noQEC,1,1,1,1.0,0.162,0.838,0.6947920446914665,0.9942847833185422,0.5,0.9142106484209382,2.9,0.31524505117963386,group_noQEC
0.162,rep3_toy,rep3_toy,3,1,1,3.0,0.070228944,0.929771056,0.6947920446914665,0.9942847833185422,0.5,0.9595716849508122,8.6,0.11157810290125725,group_QEC
0.162,"[[5,1,3]]","[[5,1,3]]",5,1,3,5.0,0.18729434463667216,0.8127056553633278,0.6947920446914665,0.9942847833185422,0.5,0.9017080387630163,12.4,0.07271839022282389,group_QEC
0.162,"[[7,1,3]]","[[7,1,3]]",7,1,3,7.0,0.31707812759522414,0.6829218724047759,0.6947920446914665,0.9942847833185422,0.5,0.8375578897250877,16.2,0.05170110430401776,group_QEC
0.162,"[[9,1,3]]","[[9,1,3]]",9,1,3,9.0,0.44162748489346637,0.5583725151065336,0.6947920446914665,0.9942847833185422,0.5,0.7759950376404625,20.0,0.03879975188202313,group_QEC
0.162,"[[11,1,5]]","[[11,1,5]]",11,1,5,11.0,0.2583895575832974,0.7416104424167026,0.6947920446914665,0.9942847833185422,0.5,0.8665667568367081,23.799999999999997,0.03641036793431547,group_QEC
0.164,global_noQEC,global_noQEC,1,1,1,1.0,0.164,0.836,0.6947920446914665,0.9942847833185422,0.5,0.6464461493620659,1.9,0.3402348154537189,global_noQEC
0.164,group_noQEC,group_noQEC,1,1,1,1.0,0.164,0.836,0.6947920446914665,0.9942847833185422,0.5,0.9132220788543012,2.9,0.31490416512217284,group_noQEC
0.164,rep3_toy,rep3_toy,3,1,1,3.0,0.07186611200000001,0.928133888,0.6947920446914665,0.9942847833185422,0.5,0.9587624577206761,8.6,0.11148400671170654,group_QEC
0.164,"[[5,1,3]]","[[5,1,3]]",5,1,3,5.0,0.1911174952407041,0.8088825047592959,0.6947920446914665,0.9942847833185422,0.5,0.8998183135951083,12.4,0.07256599303186358,group_QEC
0.164,"[[7,1,3]]","[[7,1,3]]",7,1,3,7.0,0.3227027185146343,0.6772972814853657,0.6947920446914665,0.9942847833185422,0.5,0.8347777400212317,16.2,0.051529490124767395,group_QEC
0.164,"[[9,1,3]]","[[9,1,3]]",9,1,3,9.0,0.44838248272964576,0.5516175172703542,0.6947920446914665,0.9942847833185422,0.5,0.7726561449986893,20.0,0.03863280724993447,group_QEC
0.164,"[[11,1,5]]","[[11,1,5]]",11,1,5,11.0,0.2647254577349707,0.7352745422650293,0.6947920446914665,0.9942847833185422,0.5,0.8634350178031103,23.799999999999997,0.03627878226063489,group_QEC
0.166,global_noQEC,global_noQEC,1,1,1,1.0,0.166,0.834,0.6947920446914665,0.9942847833185422,0.5,0.6458565652726831,1.9,0.33992450803825425,global_noQEC
0.166,group_noQEC,group_noQEC,1,1,1,1.0,0.166,0.834,0.6947920446914665,0.9942847833185422,0.5,0.9122335092876641,2.9,0.31456327906471176,group_noQEC
0.166,rep3_toy,rep3_toy,3,1,1,3.0,0.07351940800000002,0.926480592,0.6947920446914665,0.9942847833185422,0.5,0.9579452586655548,8.6,0.11138898356576218,group_QEC
0.166,"[[5,1,3]]","[[5,1,3]]",5,1,3,5.0,0.19495987983769614,0.8050401201623039,0.6947920446914665,0.9942847833185422,0.5,0.8979190813571576,12.4,0.07241282914170626,group_QEC
0.166,"[[7,1,3]]","[[7,1,3]]",7,1,3,7.0,0.32832862398080265,0.6716713760191974,0.6947920446914665,0.9942847833185422,0.5,0.8319969405569161,16.2,0.05135783583684667,group_QEC
0.166,"[[9,1,3]]","[[9,1,3]]",9,1,3,9.0,0.4551068088779281,0.5448931911220719,0.6947920446914665,0.9942847833185422,0.5,0.7693324129055223,20.0,0.03846662064527612,group_QEC
0.166,"[[11,1,5]]","[[11,1,5]]",11,1,5,11.0,0.2710947210866087,0.7289052789133913,0.6947920446914665,0.9942847833185422,0.5,0.8602867878474472,23.799999999999997,0.03614650369106921,group_QEC
0.168,global_noQEC,global_noQEC,1,1,1,1.0,0.168,0.832,0.6947920446914665,0.9942847833185422,0.5,0.6452669811833002,1.9,0.3396142006227896,global_noQEC
0.168,group_noQEC,group_noQEC,1,1,1,1.0,0.168,0.832,0.6947920446914665,0.9942847833185422,0.5,0.911244939721027,2.9,0.3142223930072507,group_noQEC
0.168,rep3_toy,rep3_toy,3,1,1,3.0,0.075188736,0.924811264,0.6947920446914665,0.9942847833185422,0.5,0.9571201352367871,8.6,0.11129303898102176,group_QEC
0.168,"[[5,1,3]]","[[5,1,3]]",5,1,3,5.0,0.19882096135372818,0.8011790386462718,0.6947920446914665,0.9942847833185422,0.5,0.8960106075166304,12.4,0.07225891996101858,group_QEC
0.168,"[[7,1,3]]","[[7,1,3]]",7,1,3,7.0,0.33395485612049236,0.6660451438795076,0.6947920446914665,0.9942847833185422,0.5,0.8292159796228497,16.2,0.05118617158165739,group_QEC
0.168,"[[9,1,3]]","[[9,1,3]]",9,1,3,9.0,0.4617993503294162,0.5382006496705838,0.6947920446914665,0.9942847833185422,0.5,0.7660243915043231,20.0,0.03830121957521616,group_QEC
0.168,"[[11,1,5]]","[[11,1,5]]",11,1,5,11.0,0.27749534824902167,0.7225046517509783,0.6947920446914665,0.9942847833185422,0.5,0.8571230552373711,23.799999999999997,0.036013573749469376,group_QEC
0.17,global_noQEC,global_noQEC,1,1,1,1.0,0.17,0.83,0.6947920446914665,0.9942847833185422,0.5,0.6446773970939172,1.9,0.3393038932073249,global_noQEC
0.17,group_noQEC,group_noQEC,1,1,1,1.0,0.17,0.83,0.6947920446914665,0.9942847833185422,0.5,0.91025637015439,2.9,0.31388150694978967,group_noQEC
0.17,rep3_toy,rep3_toy,3,1,1,3.0,0.07687400000000001,0.923126,0.6947920446914665,0.9942847833185422,0.5,0.9562871348857125,8.6,0.11119617847508285,group_QEC
0.17,"[[5,1,3]]","[[5,1,3]]",5,1,3,5.0,0.20270020720000015,0.7972997927999999,0.6947920446914665,0.9942847833185422,0.5,0.8940931553240665,12.4,0.07210428671968278,group_QEC
0.17,"[[7,1,3]]","[[7,1,3]]",7,1,3,7.0,0.3395804457946201,0.6604195542053799,0.6947920446914665,0.9942847833185422,0.5,0.8264353362497344,16.2,0.051014526928995954,group_QEC
0.17,"[[9,1,3]]","[[9,1,3]]",9,1,3,9.0,0.46845903321518656,0.5315409667848134,0.6947920446914665,0.9942847833185422,0.5,0.76273261159216,20.0,0.038136630579608,group_QEC
0.17,"[[11,1,5]]","[[11,1,5]]",11,1,5,11.0,0.2839253521976868,0.7160746478023132,0.6947920446914665,0.9942847833185422,0.5,0.8539448021288678,23.799999999999997,0.03588003370289361,group_QEC
0.17200000000000001,global_noQEC,global_noQEC,1,1,1,1.0,0.17200000000000001,0.828,0.6947920446914665,0.9942847833185422,0.5,0.6440878130045342,1.9,0.3389935857918601,global_noQEC
0.17200000000000001,group_noQEC,group_noQEC,1,1,1,1.0,0.17200000000000001,0.828,0.6947920446914665,0.9942847833185422,0.5,0.9092678005877529,2.9,0.3135406208923286,group_noQEC
0.17200000000000001,rep3_toy,rep3_toy,3,1,1,3.0,0.078575104,0.921424896,0.6947920446914665,0.9942847833185422,0.5,0.9554463050636702,8.6,0.11109840756554305,group_QEC
0.17200000000000001,"[[5,1,3]]","[[5,1,3]]",5,1,3,5.0,0.2065970892574721,0.7934029107425279,0.6947920446914665,0.9942847833185422,0.5,0.8921669858206711,12.4,0.07194895046940895,group_QEC
0.17200000000000001,"[[7,1,3]]","[[7,1,3]]",7,1,3,7.0,0.34520444239687054,0.6547955576031295,0.6947920446914665,0.9942847833185422,0.5,0.8236554803078069,16.2,0.05084293088319796,group_QEC
0.17200000000000001,"[[9,1,3]]","[[9,1,3]]",9,1,3,9.0,0.4750848220612449,0.5249151779387551,0.6947920446914665,0.9942847833185422,0.5,0.7594575849880716,20.0,0.03797287924940358,group_QEC
0.17200000000000001,"[[11,1,5]]","[[11,1,5]]",11,1,5,11.0,0.2903827593347297,0.7096172406652703,0.6947920446914665,0.9942847833185422,0.5,0.8507530040413349,23.799999999999997,0.035745924539551895,group_QEC
0.17400000000000002,global_noQEC,global_noQEC,1,1,1,1.0,0.17400000000000002,0.826,0.6947920446914665,0.9942847833185422,0.5,0.6434982289151513,1.9,0.33868327837639545,global_noQEC
0.17400000000000002,group_noQEC,group_noQEC,1,1,1,1.0,0.17400000000000002,0.826,0.6947920446914665,0.9942847833185422,0.5,0.9082792310211157,2.9,0.3131997348348675,group_noQEC
0.17400000000000002,rep3_toy,rep3_toy,3,1,1,3.0,0.08029195200000001,0.919708048,0.6947920446914665,0.9942847833185422,0.5,0.9545976932219994,8.6,0.11099973176999993,group_QEC
0.17400000000000002,"[[5,1,3]]","[[5,1,3]]",5,1,3,5.0,0.21051108386150408,0.7894889161384959,0.6947920446914665,0.9942847833185422,0.5,0.8902323578459072,12.4,0.07179293208434735,group_QEC
0.17400000000000002,"[[7,1,3]]","[[7,1,3]]",7,1,3,7.0,0.3508259136535976,0.6491740863464024,0.6947920446914665,0.9942847833185422,0.5,0.8208768726057442,16.2,0.05067141188924347,group_QEC
0.17400000000000002,"[[9,1,3]]","[[9,1,3]]",9,1,3,9.0,0.4816757190532788,0.5183242809467212,0.6947920446914665,0.9942847833185422,0.5,0.7561998048964893,20.0,0.03780999024482447,group_QEC
0.17400000000000002,"[[11,1,5]]","[[11,1,5]]",11,1,5,11.0,0.29686561050541393,0.7031343894945861,0.6947920446914665,0.9942847833185422,0.5,0.847548629355147,23.799999999999997,0.035611286947695255,group_QEC
0.176,global_noQEC,global_noQEC,1,1,1,1.0,0.176,0.8240000000000001,0.6947920446914665,0.9942847833185422,0.5,0.6429086448257685,1.9,0.3383729709609308,global_noQEC
0.176,group_noQEC,group_noQEC,1,1,1,1.0,0.176,0.8240000000000001,0.6947920446914665,0.9942847833185422,0.5,0.9072906614544788,2.9,0.3128588487774065,group_noQEC
0.176,rep3_toy,rep3_toy,3,1,1,3.0,0.082024448,0.917975552,0.6947920446914665,0.9942847833185422,0.5,0.9537413468120393,8.6,0.11090015660605108,group_QEC
0.176,"[[5,1,3]]","[[5,1,3]]",5,1,3,5.0,0.21444167178649576,0.7855583282135042,0.6947920446914665,0.9942847833185422,0.5,0.8882895280450882,12.4,0.07163625226170066,group_QEC
0.176,"[[7,1,3]]","[[7,1,3]]",7,1,3,7.0,0.35644394542501057,0.6435560545749894,0.6947920446914665,0.9942847833185422,0.5,0.8180999649889346,16.2,0.05049999783882312,group_QEC
0.176,"[[9,1,3]]","[[9,1,3]]",9,1,3,9.0,0.4882307633111147,0.5117692366888853,0.6947920446914665,0.9942847833185422,0.5,0.7529597462658614,20.0,0.037647987313293066,group_QEC
0.176,"[[11,1,5]]","[[11,1,5]]",11,1,5,11.0,0.303371961970188,0.696628038029812,0.6947920446914665,0.9942847833185422,0.5,0.8443326388311868,23.799999999999997,0.03547616129542802,group_QEC
0.178,global_noQEC,global_noQEC,1,1,1,1.0,0.178,0.8220000000000001,0.6947920446914665,0.9942847833185422,0.5,0.6423190607363856,1.9,0.3380626635454661,global_noQEC
0.178,group_noQEC,group_noQEC,1,1,1,1.0,0.178,0.8220000000000001,0.6947920446914665,0.9942847833185422,0.5,0.9063020918878417,2.9,0.3125179627199454,group_noQEC
0.178,rep3_toy,rep3_toy,3,1,1,3.0,0.083772496,0.916227504,0.6947920446914665,0.9942847833185422,0.5,0.9528773132851287,8.6,0.11079968759129404,group_QEC
0.178,"[[5,1,3]]","[[5,1,3]]",5,1,3,5.0,0.21838833823052783,0.7816116617694722,0.6947920446914665,0.9942847833185422,0.5,0.8863387508769692,12.4,0.07147893152233623,group_QEC
0.178,"[[7,1,3]]","[[7,1,3]]",7,1,3,7.0,0.3620576415076405,0.6379423584923595,0.6947920446914665,0.9942847833185422,0.5,0.8153252004371156,16.2,0.05032871607636517,group_QEC
0.178,"[[9,1,3]]","[[9,1,3]]",9,1,3,9.0,0.4947490301727966,0.5052509698272034,0.6947920446914665,0.9942847833185422,0.5,0.7497378661425226,20.0,0.03748689330712613,group_QEC
0.178,"[[11,1,5]]","[[11,1,5]]",11,1,5,11.0,0.30989988633333154,0.6901001136666685,0.6947920446914665,0.9942847833185422,0.5,0.8411059851518305,23.799999999999997,0.035340587611421455,group_QEC
0.18,global_noQEC,global_noQEC,1,1,1,1.0,0.18,0.8200000000000001,0.6947920446914665,0.9942847833185422,0.5,0.6417294766470025,1.9,0.3377523561300013,global_noQEC
0.18,group_noQEC,group_noQEC,1,1,1,1.0,0.18,0.8200000000000001,0.6947920446914665,0.9942847833185422,0.5,0.9053135223212047,2.9,0.3121770766624844,group_noQEC
0.18,rep3_toy,rep3_toy,3,1,1,3.0,0.085536,0.9144639999999999,0.6947920446914665,0.9942847833185422,0.5,0.9520056400926074,8.6,0.11069833024332644,group_QEC
0.18,"[[5,1,3]]","[[5,1,3]]",5,1,3,5.0,0.2223505727999997,0.7776494272000003,0.6947920446914665,0.9942847833185422,0.5,0.8843802786213406,12.4,0.07132099021139843,group_QEC
0.18,"[[7,1,3]]","[[7,1,3]]",7,1,3,7.0,0.3676661234380797,0.6323338765619203,0.6947920446914665,0.9942847833185422,0.5,0.8125530131613825,16.2,0.05015759340502361,group_QEC
0.18,"[[9,1,3]]","[[9,1,3]]",9,1,3,9.0,0.5012296304881856,0.4987703695118144,0.6947920446914665,0.9942847833185422,0.5,0.7465346040198564,20.0,0.03732673020099282,group_QEC
0.18,"[[11,1,5]]","[[11,1,5]]",11,1,5,11.0,0.3164474734292102,0.6835525265707898,0.6947920446914665,0.9942847833185422,0.5,0.8378696124828849,23.799999999999997,0.03520460556650778,group_QEC
0.182,global_noQEC,global_noQEC,1,1,1,1.0,0.182,0.8180000000000001,0.6947920446914665,0.9942847833185422,0.5,0.6411398925576196,1.9,0.33744204871453665,global_noQEC
0.182,group_noQEC,group_noQEC,1,1,1,1.0,0.182,0.8180000000000001,0.6947920446914665,0.9942847833185422,0.5,0.9043249527545676,2.9,0.3118361906050233,group_noQEC
0.182,rep3_toy,rep3_toy,3,1,1,3.0,0.087314864,0.912685136,0.6947920446914665,0.9942847833185422,0.5,0.9511263746858143,8.6,0.11059609007974586,group_QEC
0.182,"[[5,1,3]]","[[5,1,3]]",5,1,3,5.0,0.22632786949427175,0.7736721305057283,0.6947920446914665,0.9942847833185422,0.5,0.8824143613866189,12.4,0.07116244849892088,group_QEC
0.182,"[[7,1,3]]","[[7,1,3]]",7,1,3,7.0,0.3732685302979969,0.6267314697020031,0.6947920446914665,0.9942847833185422,0.5,0.8097838287005661,16.2,0.04998665609262754,group_QEC
0.182,"[[9,1,3]]","[[9,1,3]]",9,1,3,9.0,0.5076717099220072,0.49232829007799284,0.6947920446914665,0.9942847833185422,0.5,0.7433503821827891,20.0,0.03716751910913946,group_QEC
0.182,"[[11,1,5]]","[[11,1,5]]",11,1,5,11.0,0.3230128311671565,0.6769871688328435,0.6947920446914665,0.9942847833185422,0.5,0.8346244560559754,23.799999999999997,0.03506825445613342,group_QEC
0.184,global_noQEC,global_noQEC,1,1,1,1.0,0.184,0.8160000000000001,0.6947920446914665,0.9942847833185422,0.5,0.6405503084682367,1.9,0.337131741299072,global_noQEC
0.184,group_noQEC,group_noQEC,1,1,1,1.0,0.184,0.8160000000000001,0.6947920446914665,0.9942847833185422,0.5,0.9033363831879304,2.9,0.31149530454756225,group_noQEC
0.184,rep3_toy,rep3_toy,3,1,1,3.0,0.089108992,0.910891008,0.6947920446914665,0.9942847833185422,0.5,0.9502395645160886,8.6,0.11049297261814985,group_QEC
0.184,"[[5,1,3]]","[[5,1,3]]",5,1,3,5.0,0.23031972669030376,0.7696802733096962,0.6947920446914665,0.9942847833185422,0.5,0.8804412471174397,12.4,0.07100332638043869,group_QEC
0.184,"[[7,1,3]]","[[7,1,3]]",7,1,3,7.0,0.3788640185204193,0.6211359814795807,0.6947920446914665,0.9942847833185422,0.5,0.8070180640169846,16.2,0.04981592987759165,group_QEC
0.184,"[[9,1,3]]","[[9,1,3]]",9,1,3,9.0,0.5140744482662474,0.48592555173375257,0.6947920446914665,0.9942847833185422,0.5,0.7401856060476609,20.0,0.03700928030238305,group_QEC
0.184,"[[11,1,5]]","[[11,1,5]]",11,1,5,11.0,0.3295940863359552,0.6704059136640448,0.6947920446914665,0.9942847833185422,0.5,0.8313714417709017,23.799999999999997,0.03493157318365134,group_QEC
0.186,global_noQEC,global_noQEC,1,1,1,1.0,0.186,0.8140000000000001,0.6947920446914665,0.9942847833185422,0.5,0.6399607243788538,1.9,0.33682143388360725,global_noQEC
0.186,group_noQEC,group_noQEC,1,1,1,1.0,0.186,0.8140000000000001,0.6947920446914665,0.9942847833185422,0.5,0.9023478136212933,2.9,0.31115441849010117,group_noQEC
0.186,rep3_toy,rep3_toy,3,1,1,3.0,0.09091828800000001,0.909081712,0.6947920446914665,0.9942847833185422,0.5,0.9493452570347694,8.6,0.11038898337613598,group_QEC
0.186,"[[5,1,3]]","[[5,1,3]]",5,1,3,5.0,0.23432564712729587,0.7656743528727041,0.6947920446914665,0.9942847833185422,0.5,0.8784611816022496,12.4,0.07084364367760078,group_QEC
0.186,"[[7,1,3]]","[[7,1,3]]",7,1,3,7.0,0.3844517616972788,0.6155482383027212,0.6947920446914665,0.9942847833185422,0.5,0.804256127591571,16.2,0.04964543997478833,group_QEC
0.186,"[[9,1,3]]","[[9,1,3]]",9,1,3,9.0,0.5204370587618159,0.4795629412381841,0.6947920446914665,0.9942847833185422,0.5,0.7370406644975186,20.0,0.03685203322487593,group_QEC
0.186,"[[11,1,5]]","[[11,1,5]]",11,1,5,11.0,0.3361893853689075,0.6638106146310925,0.6947920446914665,0.9942847833185422,0.5,0.8281114858174778,23.799999999999997,0.034794600244431845,group_QEC
0.188,global_noQEC,global_noQEC,1,1,1,1.0,0.188,0.812,0.6947920446914665,0.9942847833185422,0.5,0.6393711402894708,1.9,0.3365111264681426,global_noQEC
0.188,group_noQEC,group_noQEC,1,1,1,1.0,0.188,0.812,0.6947920446914665,0.9942847833185422,0.5,0.9013592440546563,2.9,0.3108135324326401,group_noQEC
0.188,rep3_toy,rep3_toy,3,1,1,3.0,0.092742656,0.907257344,0.6947920446914665,0.9942847833185422,0.5,0.9484434996931961,8.6,0.11028412787130187,group_QEC
0.188,"[[5,1,3]]","[[5,1,3]]",5,1,3,5.0,0.23834513789132772,0.7616548621086723,0.6947920446914665,0.9942847833185422,0.5,0.8764744084808992,12.4,0.0706834200387822,group_QEC
0.188,"[[7,1,3]]","[[7,1,3]]",7,1,3,7.0,0.3900309503882191,0.6099690496117809,0.6947920446914665,0.9942847833185422,0.5,0.8014984195183762,16.2,0.04947521108138125,group_QEC
0.188,"[[9,1,3]]","[[9,1,3]]",9,1,3,9.0,0.5267587874293872,0.4732412125706128,0.6947920446914665,0.9942847833185422,0.5,0.7339159302128695,20.0,0.036695796510643475,group_QEC
0.188,"[[11,1,5]]","[[11,1,5]]",11,1,5,11.0,0.34279689507043476,0.6572031049295652,0.6947920446914665,0.9942847833185422,0.5,0.8248454943163833,23.799999999999997,0.03465737371077241,group_QEC
0.19,global_noQEC,global_noQEC,1,1,1,1.0,0.19,0.81,0.6947920446914665,0.9942847833185422,0.5,0.6387815562000878,1.9,0.3362008190526778,global_noQEC
0.19,group_noQEC,group_noQEC,1,1,1,1.0,0.19,0.81,0.6947920446914665,0.9942847833185422,0.5,0.9003706744880192,2.9,0.3104726463751791,group_noQEC
0.19,rep3_toy,rep3_toy,3,1,1,3.0,0.09458200000000001,0.905418,0.6947920446914665,0.9942847833185422,0.5,0.9475343399427079,8.6,0.1101784116212451,group_QEC
0.19,"[[5,1,3]]","[[5,1,3]]",5,1,3,5.0,0.24237771039999978,0.7576222896000002,0.6947920446914665,0.9942847833185422,0.5,0.874481169252234,12.4,0.07052267493969629,group_QEC
0.19,"[[7,1,3]]","[[7,1,3]]",7,1,3,7.0,0.39560079193065967,0.6043992080693403,0.6947920446914665,0.9942847833185422,0.5,0.7987453315984524,16.2,0.04930526738262052,group_QEC
0.19,"[[9,1,3]]","[[9,1,3]]",9,1,3,9.0,0.5330389124093359,0.4669610875906641,0.6947920446914665,0.9942847833185422,0.5,0.7308117599979422,20.0,0.03654058799989711,group_QEC
0.19,"[[11,1,5]]","[[11,1,5]]",11,1,5,11.0,0.34941480330515695,0.650585196694843,0.6947920446914665,0.9942847833185422,0.5,0.8215743629785617,23.799999999999997,0.034519931217586626,group_QEC
0.192,global_noQEC,global_noQEC,1,1,1,1.0,0.192,0.808,0.6947920446914665,0.9942847833185422,0.5,0.6381919721107049,1.9,0.3358905116372131,global_noQEC
0.192,group_noQEC,group_noQEC,1,1,1,1.0,0.192,0.808,0.6947920446914665,0.9942847833185422,0.5,0.8993821049213822,2.9,0.310131760317718,group_noQEC
0.192,rep3_toy,rep3_toy,3,1,1,3.0,0.096436224,0.903563776,0.6947920446914665,0.9942847833185422,0.5,0.9466178252346438,8.6,0.11007184014356323,group_QEC
0.192,"[[5,1,3]]","[[5,1,3]]",5,1,3,5.0,0.24642288038707183,0.7535771196129282,0.6947920446914665,0.9942847833185422,0.5,0.8724817032816874,12.4,0.07036142768400705,group_QEC
0.192,"[[7,1,3]]","[[7,1,3]]",7,1,3,7.0,0.4011605102511121,0.5988394897488879,0.6947920446914665,0.9942847833185422,0.5,0.7959972474331154,16.2,0.049135632557599715,group_QEC
0.192,"[[9,1,3]]","[[9,1,3]]",9,1,3,9.0,0.5392767433106784,0.46072325668932157,0.6947920446914665,0.9942847833185422,0.5,0.7277284951024945,20.0,0.03638642475512473,group_QEC
0.192,"[[11,1,5]]","[[11,1,5]]",11,1,5,11.0,0.35604131965037733,0.6439586803496227,0.6947920446914665,0.9942847833185422,0.5,0.8182989767827076,23.799999999999997,0.03438230994885327,group_QEC
0.194,global_noQEC,global_noQEC,1,1,1,1.0,0.194,0.806,0.6947920446914665,0.9942847833185422,0.5,0.6376023880213221,1.9,0.3355802042217485,global_noQEC
0.194,group_noQEC,group_noQEC,1,1,1,1.0,0.194,0.806,0.6947920446914665,0.9942847833185422,0.5,0.8983935353547451,2.9,0.3097908742602569,group_noQEC
0.194,rep3_toy,rep3_toy,3,1,1,3.0,0.09830523200000002,0.901694768,0.6947920446914665,0.9942847833185422,0.5,0.9456940030203432,8.6,0.10996441895585386,group_QEC
0.194,"[[5,1,3]]","[[5,1,3]]",5,1,3,5.0,0.2504801678871038,0.7495198321128962,0.6947920446914665,0.9942847833185422,0.5,0.870476247808873,12.4,0.07019969740394137,group_QEC
0.194,"[[7,1,3]]","[[7,1,3]]",7,1,3,7.0,0.4067093456777455,0.5932906543222545,0.6947920446914665,0.9942847833185422,0.5,0.7932545425165917,16.2,0.048966329784974796,group_QEC
0.194,"[[9,1,3]]","[[9,1,3]]",9,1,3,9.0,0.5454716205689383,0.4545283794310617,0.6947920446914665,0.9942847833185422,0.5,0.7246664615392104,20.0,0.03623332307696052,group_QEC
0.194,"[[11,1,5]]","[[11,1,5]]",11,1,5,11.0,0.36267467601288295,0.637325323987117,0.6947920446914665,0.9942847833185422,0.5,0.8150202096703919,23.799999999999997,0.03424454662480639,group_QEC
0.196,global_noQEC,global_noQEC,1,1,1,1.0,0.196,0.804,0.6947920446914665,0.9942847833185422,0.5,0.6370128039319392,1.9,0.3352698968062838,global_noQEC
0.196,group_noQEC,group_noQEC,1,1,1,1.0,0.196,0.804,0.6947920446914665,0.9942847833185422,0.5,0.8974049657881079,2.9,0.30944998820279584,group_noQEC
0.196,rep3_toy,rep3_toy,3,1,1,3.0,0.10018892800000002,0.899811072,0.6947920446914665,0.9942847833185422,0.5,0.9447629207511452,8.6,0.10985615357571456,group_QEC
0.196,"[[5,1,3]]","[[5,1,3]]",5,1,3,5.0,0.2545490972200959,0.7454509027799041,0.6947920446914665,0.9942847833185422,0.5,0.8684650379551766,12.4,0.07003750306090134,group_QEC
0.196,"[[7,1,3]]","[[7,1,3]]",7,1,3,7.0,0.4122465547541977,0.5877534452458023,0.6947920446914665,0.9942847833185422,0.5,0.7905175843280481,16.2,0.048797381748644945,group_QEC
0.196,"[[9,1,3]]","[[9,1,3]]",9,1,3,9.0,0.5516229148128479,0.44837708518715214,0.6947920446914665,0.9942847833185422,0.5,0.721625970396731,20.0,0.036081298519836554,group_QEC
0.196,"[[11,1,5]]","[[11,1,5]]",11,1,5,11.0,0.36931312721095555,0.6306868727890445,0.6947920446914665,0.9942847833185422,0.5,0.8117389242583818,23.799999999999997,0.03410667748984798,group_QEC
0.198,global_noQEC,global_noQEC,1,1,1,1.0,0.198,0.802,0.6947920446914665,0.9942847833185422,0.5,0.6364232198425562,1.9,0.3349595893908191,global_noQEC
0.198,group_noQEC,group_noQEC,1,1,1,1.0,0.198,0.802,0.6947920446914665,0.9942847833185422,0.5,0.8964163962214708,2.9,0.30910910214533477,group_noQEC
0.198,rep3_toy,rep3_toy,3,1,1,3.0,0.10208721600000002,0.897912784,0.6947920446914665,0.9942847833185422,0.5,0.9438246258783889,8.6,0.10974704952074289,group_QEC
0.198,"[[5,1,3]]","[[5,1,3]]",5,1,3,5.0,0.25862919697612785,0.7413708030238721,0.6947920446914665,0.9942847833185422,0.5,0.8664483067313483,12.4,0.06987486344607648,group_QEC
0.198,"[[7,1,3]]","[[7,1,3]]",7,1,3,7.0,0.4177714100546268,0.5822285899453732,0.6947920446914665,0.9942847833185422,0.5,0.7877867324230091,16.2,0.04862881064339563,group_QEC
0.198,"[[9,1,3]]","[[9,1,3]]",9,1,3,9.0,0.557730026239805,0.44226997376019495,0.6947920446914665,0.9942847833185422,0.5,0.7186073181483553,20.0,0.035930365907417765,group_QEC
0.198,"[[11,1,5]]","[[11,1,5]]",11,1,5,11.0,0.37595495152247804,0.624045048477522,0.6947920446914665,0.9942847833185422,0.5,0.8084559715677211,23.799999999999997,0.03396873830116476,group_QEC
0.2,global_noQEC,global_noQEC,1,1,1,1.0,0.2,0.8,0.6947920446914665,0.9942847833185422,0.5,0.6358336357531733,1.9,0.3346492819753544,global_noQEC
0.2,group_noQEC,group_noQEC,1,1,1,1.0,0.2,0.8,0.6947920446914665,0.9942847833185422,0.5,0.8954278266548338,2.9,0.30876821608787375,group_noQEC
0.2,rep3_toy,rep3_toy,3,1,1,3.0,0.10400000000000004,0.8959999999999999,0.6947920446914665,0.9942847833185422,0.5,0.9428791658534138,8.6,0.1096371123085365,group_QEC
0.2,"[[5,1,3]]","[[5,1,3]]",5,1,3,5.0,0.26271999999999984,0.7372800000000002,0.6947920446914665,0.9942847833185422,0.5,0.8644262850450949,12.4,0.06971179718105604,group_QEC
0.2,"[[7,1,3]]","[[7,1,3]]",7,1,3,7.0,0.42328319999999975,0.5767168000000003,0.6947920446914665,0.9942847833185422,0.5,0.7850623385241632,16.2,0.048460638180503904,group_QEC
0.2,"[[9,1,3]]","[[9,1,3]]",9,1,3,9.0,0.5637923839999998,0.43620761600000024,0.6947920446914665,0.9942847833185422,0.5,0.715610786956458,20.0,0.035780539347822896,group_QEC
0.2,"[[11,1,5]]","[[11,1,5]]",11,1,5,11.0,0.3825984511999996,0.6174015488000004,0.6947920446914665,0.9942847833185422,0.5,0.8051721907691406,23.799999999999997,0.03383076431803112,group_QEC
